{
	"start":	{
		"connected":	[{
				"socket":	6,
				"local_host":	"10.20.15.3",
				"local_port":	47558,
				"remote_host":	"10.20.15.2",
				"remote_port":	5201
			}],
		"version":	"iperf 3.7",
		"system_info":	"Linux node2 5.8.0-1006-raspi #9-Ubuntu SMP PREEMPT Fri Oct 16 12:55:30 UTC 2020 aarch64",
		"timestamp":	{
			"time":	"Sun, 08 Aug 2021 09:55:46 GMT",
			"timesecs":	1628416546
		},
		"connecting_to":	{
			"host":	"10.20.15.2",
			"port":	5201
		},
		"cookie":	"3yknhiifhomzvdfyynwwh6bkaiovei3obfec",
		"sock_bufsize":	0,
		"sndbuf_actual":	212992,
		"rcvbuf_actual":	212992,
		"test_start":	{
			"protocol":	"UDP",
			"num_streams":	1,
			"blksize":	1448,
			"omit":	0,
			"duration":	30,
			"bytes":	0,
			"blocks":	0,
			"reverse":	0,
			"tos":	0
		}
	},
	"intervals":	[{
			"streams":	[{
					"socket":	6,
					"start":	0,
					"end":	10.000083,
					"seconds":	10.000082969665527,
					"bytes":	48594880,
					"bits_per_second":	38875581.450600989,
					"packets":	33560,
					"omitted":	false,
					"sender":	true
				}],
			"sum":	{
				"start":	0,
				"end":	10.000083,
				"seconds":	10.000082969665527,
				"bytes":	48594880,
				"bits_per_second":	38875581.450600989,
				"packets":	33560,
				"omitted":	false,
				"sender":	true
			}
		}, {
			"streams":	[{
					"socket":	6,
					"start":	10.000083,
					"end":	20.00009,
					"seconds":	10.000006675720215,
					"bytes":	45490368,
					"bits_per_second":	36392270.105538681,
					"packets":	31416,
					"omitted":	false,
					"sender":	true
				}],
			"sum":	{
				"start":	10.000083,
				"end":	20.00009,
				"seconds":	10.000006675720215,
				"bytes":	45490368,
				"bits_per_second":	36392270.105538681,
				"packets":	31416,
				"omitted":	false,
				"sender":	true
			}
		}, {
			"streams":	[{
					"socket":	6,
					"start":	20.00009,
					"end":	30.000132,
					"seconds":	10.000041961669922,
					"bytes":	48364648,
					"bits_per_second":	38691556.04376965,
					"packets":	33401,
					"omitted":	false,
					"sender":	true
				}],
			"sum":	{
				"start":	20.00009,
				"end":	30.000132,
				"seconds":	10.000041961669922,
				"bytes":	48364648,
				"bits_per_second":	38691556.04376965,
				"packets":	33401,
				"omitted":	false,
				"sender":	true
			}
		}],
	"end":	{
		"streams":	[{
				"udp":	{
					"socket":	6,
					"start":	0,
					"end":	30.000132,
					"seconds":	30.000132,
					"bytes":	142449896,
					"bits_per_second":	37986471.792857446,
					"jitter_ms":	0.22664551811226949,
					"lost_packets":	3975,
					"packets":	98377,
					"lost_percent":	4.0405785905242082,
					"out_of_order":	0,
					"sender":	true
				}
			}],
		"sum":	{
			"start":	0,
			"end":	30.003343,
			"seconds":	30.003343,
			"bytes":	142449896,
			"bits_per_second":	37986471.792857446,
			"jitter_ms":	0.22664551811226949,
			"lost_packets":	3975,
			"packets":	98377,
			"lost_percent":	4.0405785905242082,
			"sender":	true
		},
		"cpu_utilization_percent":	{
			"host_total":	22.596184206575622,
			"host_user":	2.3219053300693671,
			"host_system":	20.27428554137985,
			"remote_total":	14.451522154432325,
			"remote_user":	1.283569058099483,
			"remote_system":	13.167953096332843
		}
	}
}
