{
	"start":	{
		"connected":	[{
				"socket":	6,
				"local_host":	"10.20.15.3",
				"local_port":	50601,
				"remote_host":	"10.20.15.2",
				"remote_port":	5201
			}],
		"version":	"iperf 3.7",
		"system_info":	"Linux node2 5.8.0-1006-raspi #9-Ubuntu SMP PREEMPT Fri Oct 16 12:55:30 UTC 2020 aarch64",
		"timestamp":	{
			"time":	"Sun, 08 Aug 2021 09:54:46 GMT",
			"timesecs":	1628416486
		},
		"connecting_to":	{
			"host":	"10.20.15.2",
			"port":	5201
		},
		"cookie":	"dm7xefwf6nkmrvsqfuktb4f2re4fizylilme",
		"sock_bufsize":	0,
		"sndbuf_actual":	212992,
		"rcvbuf_actual":	212992,
		"test_start":	{
			"protocol":	"UDP",
			"num_streams":	1,
			"blksize":	1448,
			"omit":	0,
			"duration":	30,
			"bytes":	0,
			"blocks":	0,
			"reverse":	0,
			"tos":	0
		}
	},
	"intervals":	[{
			"streams":	[{
					"socket":	6,
					"start":	0,
					"end":	10.000088,
					"seconds":	10.000087738037109,
					"bytes":	47692776,
					"bits_per_second":	38153886.045293026,
					"packets":	32937,
					"omitted":	false,
					"sender":	true
				}],
			"sum":	{
				"start":	0,
				"end":	10.000088,
				"seconds":	10.000087738037109,
				"bytes":	47692776,
				"bits_per_second":	38153886.045293026,
				"packets":	32937,
				"omitted":	false,
				"sender":	true
			}
		}, {
			"streams":	[{
					"socket":	6,
					"start":	10.000088,
					"end":	20.000082,
					"seconds":	9.9999942779541016,
					"bytes":	47520464,
					"bits_per_second":	38016392.953154534,
					"packets":	32818,
					"omitted":	false,
					"sender":	true
				}],
			"sum":	{
				"start":	10.000088,
				"end":	20.000082,
				"seconds":	9.9999942779541016,
				"bytes":	47520464,
				"bits_per_second":	38016392.953154534,
				"packets":	32818,
				"omitted":	false,
				"sender":	true
			}
		}, {
			"streams":	[{
					"socket":	6,
					"start":	20.000082,
					"end":	30.000075,
					"seconds":	9.9999933242797852,
					"bytes":	47923008,
					"bits_per_second":	38338431.993664548,
					"packets":	33096,
					"omitted":	false,
					"sender":	true
				}],
			"sum":	{
				"start":	20.000082,
				"end":	30.000075,
				"seconds":	9.9999933242797852,
				"bytes":	47923008,
				"bits_per_second":	38338431.993664548,
				"packets":	33096,
				"omitted":	false,
				"sender":	true
			}
		}],
	"end":	{
		"streams":	[{
				"udp":	{
					"socket":	6,
					"start":	0,
					"end":	30.000075,
					"seconds":	30.000075,
					"bytes":	143136248,
					"bits_per_second":	38169570.709406562,
					"jitter_ms":	0.30093689910378052,
					"lost_packets":	3692,
					"packets":	98851,
					"lost_percent":	3.7349141637413887,
					"out_of_order":	0,
					"sender":	true
				}
			}],
		"sum":	{
			"start":	0,
			"end":	30.002458,
			"seconds":	30.002458,
			"bytes":	143136248,
			"bits_per_second":	38169570.709406562,
			"jitter_ms":	0.30093689910378052,
			"lost_packets":	3692,
			"packets":	98851,
			"lost_percent":	3.7349141637413887,
			"sender":	true
		},
		"cpu_utilization_percent":	{
			"host_total":	22.536028350325903,
			"host_user":	1.5835234908979807,
			"host_system":	20.952501526886959,
			"remote_total":	14.501138360063869,
			"remote_user":	1.2546431354391108,
			"remote_system":	13.246491893017975
		}
	}
}
