{
	"start":	{
		"connected":	[{
				"socket":	6,
				"local_host":	"10.20.15.3",
				"local_port":	45181,
				"remote_host":	"10.20.15.2",
				"remote_port":	5201
			}],
		"version":	"iperf 3.7",
		"system_info":	"Linux node2 5.8.0-1006-raspi #9-Ubuntu SMP PREEMPT Fri Oct 16 12:55:30 UTC 2020 aarch64",
		"timestamp":	{
			"time":	"Sun, 08 Aug 2021 09:53:16 GMT",
			"timesecs":	1628416396
		},
		"connecting_to":	{
			"host":	"10.20.15.2",
			"port":	5201
		},
		"cookie":	"dz54pr4zbva7mroa2rxcrg3d6jsahn7rtkrp",
		"sock_bufsize":	0,
		"sndbuf_actual":	212992,
		"rcvbuf_actual":	212992,
		"test_start":	{
			"protocol":	"UDP",
			"num_streams":	1,
			"blksize":	1448,
			"omit":	0,
			"duration":	30,
			"bytes":	0,
			"blocks":	0,
			"reverse":	0,
			"tos":	0
		}
	},
	"intervals":	[{
			"streams":	[{
					"socket":	6,
					"start":	0,
					"end":	10.000026,
					"seconds":	10.000025749206543,
					"bytes":	51204176,
					"bits_per_second":	40963235.3229193,
					"packets":	35362,
					"omitted":	false,
					"sender":	true
				}],
			"sum":	{
				"start":	0,
				"end":	10.000026,
				"seconds":	10.000025749206543,
				"bytes":	51204176,
				"bits_per_second":	40963235.3229193,
				"packets":	35362,
				"omitted":	false,
				"sender":	true
			}
		}, {
			"streams":	[{
					"socket":	6,
					"start":	10.000026,
					"end":	20.000097,
					"seconds":	10.000070571899414,
					"bytes":	49123400,
					"bits_per_second":	39298442.663425721,
					"packets":	33925,
					"omitted":	false,
					"sender":	true
				}],
			"sum":	{
				"start":	10.000026,
				"end":	20.000097,
				"seconds":	10.000070571899414,
				"bytes":	49123400,
				"bits_per_second":	39298442.663425721,
				"packets":	33925,
				"omitted":	false,
				"sender":	true
			}
		}, {
			"streams":	[{
					"socket":	6,
					"start":	20.000097,
					"end":	30.000098,
					"seconds":	10.000000953674316,
					"bytes":	50054464,
					"bits_per_second":	40043567.381147824,
					"packets":	34568,
					"omitted":	false,
					"sender":	true
				}],
			"sum":	{
				"start":	20.000097,
				"end":	30.000098,
				"seconds":	10.000000953674316,
				"bytes":	50054464,
				"bits_per_second":	40043567.381147824,
				"packets":	34568,
				"omitted":	false,
				"sender":	true
			}
		}],
	"end":	{
		"streams":	[{
				"udp":	{
					"socket":	6,
					"start":	0,
					"end":	30.000098,
					"seconds":	30.000098,
					"bytes":	150382040,
					"bits_per_second":	40101746.3342953,
					"jitter_ms":	0.39567642699046146,
					"lost_packets":	3893,
					"packets":	103855,
					"lost_percent":	3.7484954985316064,
					"out_of_order":	0,
					"sender":	true
				}
			}],
		"sum":	{
			"start":	0,
			"end":	30.003196,
			"seconds":	30.003196,
			"bytes":	150382040,
			"bits_per_second":	40101746.3342953,
			"jitter_ms":	0.39567642699046146,
			"lost_packets":	3893,
			"packets":	103855,
			"lost_percent":	3.7484954985316064,
			"sender":	true
		},
		"cpu_utilization_percent":	{
			"host_total":	23.324529588414649,
			"host_user":	1.6815608256568564,
			"host_system":	21.642962097461954,
			"remote_total":	15.271465230112662,
			"remote_user":	1.0965118090102786,
			"remote_system":	14.174953421102385
		}
	}
}
