{
	"start":	{
		"connected":	[{
				"socket":	6,
				"local_host":	"10.20.15.3",
				"local_port":	59096,
				"remote_host":	"10.20.15.2",
				"remote_port":	5201
			}],
		"version":	"iperf 3.7",
		"system_info":	"Linux node2 5.8.0-1006-raspi #9-Ubuntu SMP PREEMPT Fri Oct 16 12:55:30 UTC 2020 aarch64",
		"timestamp":	{
			"time":	"Sun, 08 Aug 2021 09:52:46 GMT",
			"timesecs":	1628416366
		},
		"connecting_to":	{
			"host":	"10.20.15.2",
			"port":	5201
		},
		"cookie":	"e7hdazd5xhz5jsv2xuqektzq7yckrrk3yxkv",
		"sock_bufsize":	0,
		"sndbuf_actual":	212992,
		"rcvbuf_actual":	212992,
		"test_start":	{
			"protocol":	"UDP",
			"num_streams":	1,
			"blksize":	1448,
			"omit":	0,
			"duration":	30,
			"bytes":	0,
			"blocks":	0,
			"reverse":	0,
			"tos":	0
		}
	},
	"intervals":	[{
			"streams":	[{
					"socket":	6,
					"start":	0,
					"end":	10.00008,
					"seconds":	10.000080108642578,
					"bytes":	51401104,
					"bits_per_second":	41120553.788825393,
					"packets":	35498,
					"omitted":	false,
					"sender":	true
				}],
			"sum":	{
				"start":	0,
				"end":	10.00008,
				"seconds":	10.000080108642578,
				"bytes":	51401104,
				"bits_per_second":	41120553.788825393,
				"packets":	35498,
				"omitted":	false,
				"sender":	true
			}
		}, {
			"streams":	[{
					"socket":	6,
					"start":	10.00008,
					"end":	20.000079,
					"seconds":	9.9999990463256836,
					"bytes":	51506808,
					"bits_per_second":	41205450.329657964,
					"packets":	35571,
					"omitted":	false,
					"sender":	true
				}],
			"sum":	{
				"start":	10.00008,
				"end":	20.000079,
				"seconds":	9.9999990463256836,
				"bytes":	51506808,
				"bits_per_second":	41205450.329657964,
				"packets":	35571,
				"omitted":	false,
				"sender":	true
			}
		}, {
			"streams":	[{
					"socket":	6,
					"start":	20.000079,
					"end":	30.000099,
					"seconds":	10.000020027160645,
					"bytes":	51666088,
					"bits_per_second":	41332787.622162238,
					"packets":	35681,
					"omitted":	false,
					"sender":	true
				}],
			"sum":	{
				"start":	20.000079,
				"end":	30.000099,
				"seconds":	10.000020027160645,
				"bytes":	51666088,
				"bits_per_second":	41332787.622162238,
				"packets":	35681,
				"omitted":	false,
				"sender":	true
			}
		}],
	"end":	{
		"streams":	[{
				"udp":	{
					"socket":	6,
					"start":	0,
					"end":	30.000099,
					"seconds":	30.000099,
					"bytes":	154574000,
					"bits_per_second":	41219597.308662213,
					"jitter_ms":	0.60144752933464529,
					"lost_packets":	3101,
					"packets":	106750,
					"lost_percent":	2.9049180327868851,
					"out_of_order":	0,
					"sender":	true
				}
			}],
		"sum":	{
			"start":	0,
			"end":	30.003525,
			"seconds":	30.003525,
			"bytes":	154574000,
			"bits_per_second":	41219597.308662213,
			"jitter_ms":	0.60144752933464529,
			"lost_packets":	3101,
			"packets":	106750,
			"lost_percent":	2.9049180327868851,
			"sender":	true
		},
		"cpu_utilization_percent":	{
			"host_total":	23.904674820596473,
			"host_user":	2.0729441553437296,
			"host_system":	21.831727332829047,
			"remote_total":	15.759580971394188,
			"remote_user":	1.3860548580704186,
			"remote_system":	14.373522781565246
		}
	}
}
