{
	"start":	{
		"connected":	[{
				"socket":	6,
				"local_host":	"10.20.15.3",
				"local_port":	42586,
				"remote_host":	"10.20.15.2",
				"remote_port":	5201
			}],
		"version":	"iperf 3.7",
		"system_info":	"Linux node2 5.8.0-1006-raspi #9-Ubuntu SMP PREEMPT Fri Oct 16 12:55:30 UTC 2020 aarch64",
		"timestamp":	{
			"time":	"Sun, 08 Aug 2021 09:52:15 GMT",
			"timesecs":	1628416335
		},
		"connecting_to":	{
			"host":	"10.20.15.2",
			"port":	5201
		},
		"cookie":	"iyxs4lbtuaq36lt6tvwdn5ledjejulqfonzl",
		"sock_bufsize":	0,
		"sndbuf_actual":	212992,
		"rcvbuf_actual":	212992,
		"test_start":	{
			"protocol":	"UDP",
			"num_streams":	1,
			"blksize":	1448,
			"omit":	0,
			"duration":	30,
			"bytes":	0,
			"blocks":	0,
			"reverse":	0,
			"tos":	0
		}
	},
	"intervals":	[{
			"streams":	[{
					"socket":	6,
					"start":	0,
					"end":	10.000098,
					"seconds":	10.00009822845459,
					"bytes":	48772984,
					"bits_per_second":	39018003.932177253,
					"packets":	33683,
					"omitted":	false,
					"sender":	true
				}],
			"sum":	{
				"start":	0,
				"end":	10.000098,
				"seconds":	10.00009822845459,
				"bytes":	48772984,
				"bits_per_second":	39018003.932177253,
				"packets":	33683,
				"omitted":	false,
				"sender":	true
			}
		}, {
			"streams":	[{
					"socket":	6,
					"start":	10.000098,
					"end":	20.000097,
					"seconds":	9.9999990463256836,
					"bytes":	49612824,
					"bits_per_second":	39690262.985158443,
					"packets":	34263,
					"omitted":	false,
					"sender":	true
				}],
			"sum":	{
				"start":	10.000098,
				"end":	20.000097,
				"seconds":	9.9999990463256836,
				"bytes":	49612824,
				"bits_per_second":	39690262.985158443,
				"packets":	34263,
				"omitted":	false,
				"sender":	true
			}
		}, {
			"streams":	[{
					"socket":	6,
					"start":	20.000097,
					"end":	30.000117,
					"seconds":	10.000020027160645,
					"bytes":	51603824,
					"bits_per_second":	41282976.521919735,
					"packets":	35638,
					"omitted":	false,
					"sender":	true
				}],
			"sum":	{
				"start":	20.000097,
				"end":	30.000117,
				"seconds":	10.000020027160645,
				"bytes":	51603824,
				"bits_per_second":	41282976.521919735,
				"packets":	35638,
				"omitted":	false,
				"sender":	true
			}
		}],
	"end":	{
		"streams":	[{
				"udp":	{
					"socket":	6,
					"start":	0,
					"end":	30.000117,
					"seconds":	30.000117,
					"bytes":	149989632,
					"bits_per_second":	39997079.211391076,
					"jitter_ms":	0.28345022008605292,
					"lost_packets":	3681,
					"packets":	103584,
					"lost_percent":	3.5536376274328081,
					"out_of_order":	0,
					"sender":	true
				}
			}],
		"sum":	{
			"start":	0,
			"end":	30.003676,
			"seconds":	30.003676,
			"bytes":	149989632,
			"bits_per_second":	39997079.211391076,
			"jitter_ms":	0.28345022008605292,
			"lost_packets":	3681,
			"packets":	103584,
			"lost_percent":	3.5536376274328081,
			"sender":	true
		},
		"cpu_utilization_percent":	{
			"host_total":	23.272091950823594,
			"host_user":	1.7926132745951426,
			"host_system":	21.479475343527334,
			"remote_total":	0.58006106149570824,
			"remote_user":	0.045098839544233792,
			"remote_system":	0.53496246872899977
		}
	}
}
