{
	"start":	{
		"connected":	[{
				"socket":	6,
				"local_host":	"10.20.15.3",
				"local_port":	51374,
				"remote_host":	"10.20.15.2",
				"remote_port":	5201
			}],
		"version":	"iperf 3.7",
		"system_info":	"Linux node2 5.8.0-1006-raspi #9-Ubuntu SMP PREEMPT Fri Oct 16 12:55:30 UTC 2020 aarch64",
		"timestamp":	{
			"time":	"Sun, 08 Aug 2021 09:59:16 GMT",
			"timesecs":	1628416756
		},
		"connecting_to":	{
			"host":	"10.20.15.2",
			"port":	5201
		},
		"cookie":	"koa53y5ycmgqkknpv75chkjozebt5efn4i43",
		"sock_bufsize":	0,
		"sndbuf_actual":	212992,
		"rcvbuf_actual":	212992,
		"test_start":	{
			"protocol":	"UDP",
			"num_streams":	1,
			"blksize":	1448,
			"omit":	0,
			"duration":	30,
			"bytes":	0,
			"blocks":	0,
			"reverse":	0,
			"tos":	0
		}
	},
	"intervals":	[{
			"streams":	[{
					"socket":	6,
					"start":	0,
					"end":	10.00013,
					"seconds":	10.000129699707031,
					"bytes":	52052704,
					"bits_per_second":	41641623.109368242,
					"packets":	35948,
					"omitted":	false,
					"sender":	true
				}],
			"sum":	{
				"start":	0,
				"end":	10.00013,
				"seconds":	10.000129699707031,
				"bytes":	52052704,
				"bits_per_second":	41641623.109368242,
				"packets":	35948,
				"omitted":	false,
				"sender":	true
			}
		}, {
			"streams":	[{
					"socket":	6,
					"start":	10.00013,
					"end":	20.000088,
					"seconds":	9.9999580383300781,
					"bytes":	51881840,
					"bits_per_second":	41505646.164622426,
					"packets":	35830,
					"omitted":	false,
					"sender":	true
				}],
			"sum":	{
				"start":	10.00013,
				"end":	20.000088,
				"seconds":	9.9999580383300781,
				"bytes":	51881840,
				"bits_per_second":	41505646.164622426,
				"packets":	35830,
				"omitted":	false,
				"sender":	true
			}
		}, {
			"streams":	[{
					"socket":	6,
					"start":	20.000088,
					"end":	30.000107,
					"seconds":	10.000019073486328,
					"bytes":	52243840,
					"bits_per_second":	41794992.282378614,
					"packets":	36080,
					"omitted":	false,
					"sender":	true
				}],
			"sum":	{
				"start":	20.000088,
				"end":	30.000107,
				"seconds":	10.000019073486328,
				"bytes":	52243840,
				"bits_per_second":	41794992.282378614,
				"packets":	36080,
				"omitted":	false,
				"sender":	true
			}
		}],
	"end":	{
		"streams":	[{
				"udp":	{
					"socket":	6,
					"start":	0,
					"end":	30.000107,
					"seconds":	30.000107,
					"bytes":	156178384,
					"bits_per_second":	41647420.524200134,
					"jitter_ms":	0.29838726576174329,
					"lost_packets":	2238,
					"packets":	107858,
					"lost_percent":	2.0749503977451833,
					"out_of_order":	0,
					"sender":	true
				}
			}],
		"sum":	{
			"start":	0,
			"end":	30.002954,
			"seconds":	30.002954,
			"bytes":	156178384,
			"bits_per_second":	41647420.524200134,
			"jitter_ms":	0.29838726576174329,
			"lost_packets":	2238,
			"packets":	107858,
			"lost_percent":	2.0749503977451833,
			"sender":	true
		},
		"cpu_utilization_percent":	{
			"host_total":	23.930846915232493,
			"host_user":	1.8992880061141832,
			"host_system":	22.03155890911831,
			"remote_total":	15.933133646916858,
			"remote_user":	1.1939939487719553,
			"remote_system":	14.739139698144902
		}
	}
}
