{
	"start":	{
		"connected":	[{
				"socket":	6,
				"local_host":	"10.20.15.3",
				"local_port":	44151,
				"remote_host":	"10.20.15.2",
				"remote_port":	5201
			}],
		"version":	"iperf 3.7",
		"system_info":	"Linux node2 5.8.0-1006-raspi #9-Ubuntu SMP PREEMPT Fri Oct 16 12:55:30 UTC 2020 aarch64",
		"timestamp":	{
			"time":	"Sun, 08 Aug 2021 09:19:48 GMT",
			"timesecs":	1628414388
		},
		"connecting_to":	{
			"host":	"10.20.15.2",
			"port":	5201
		},
		"cookie":	"lra5xdtnd3izdm6vfrjex3pegstdbqijf5ig",
		"sock_bufsize":	0,
		"sndbuf_actual":	212992,
		"rcvbuf_actual":	212992,
		"test_start":	{
			"protocol":	"UDP",
			"num_streams":	1,
			"blksize":	1448,
			"omit":	0,
			"duration":	30,
			"bytes":	0,
			"blocks":	0,
			"reverse":	0,
			"tos":	0
		}
	},
	"intervals":	[{
			"streams":	[{
					"socket":	6,
					"start":	0,
					"end":	10.00011,
					"seconds":	10.000109672546387,
					"bytes":	42714552,
					"bits_per_second":	34171266.8350153,
					"packets":	29499,
					"omitted":	false,
					"sender":	true
				}],
			"sum":	{
				"start":	0,
				"end":	10.00011,
				"seconds":	10.000109672546387,
				"bytes":	42714552,
				"bits_per_second":	34171266.8350153,
				"packets":	29499,
				"omitted":	false,
				"sender":	true
			}
		}, {
			"streams":	[{
					"socket":	6,
					"start":	10.00011,
					"end":	20.000079,
					"seconds":	9.9999685287475586,
					"bytes":	39530400,
					"bits_per_second":	31624419.526009023,
					"packets":	27300,
					"omitted":	false,
					"sender":	true
				}],
			"sum":	{
				"start":	10.00011,
				"end":	20.000079,
				"seconds":	9.9999685287475586,
				"bytes":	39530400,
				"bits_per_second":	31624419.526009023,
				"packets":	27300,
				"omitted":	false,
				"sender":	true
			}
		}, {
			"streams":	[{
					"socket":	6,
					"start":	20.000079,
					"end":	30.000079,
					"seconds":	10,
					"bytes":	40578752,
					"bits_per_second":	32463001.6,
					"packets":	28024,
					"omitted":	false,
					"sender":	true
				}],
			"sum":	{
				"start":	20.000079,
				"end":	30.000079,
				"seconds":	10,
				"bytes":	40578752,
				"bits_per_second":	32463001.6,
				"packets":	28024,
				"omitted":	false,
				"sender":	true
			}
		}],
	"end":	{
		"streams":	[{
				"udp":	{
					"socket":	6,
					"start":	0,
					"end":	30.000079,
					"seconds":	30.000079,
					"bytes":	122823704,
					"bits_per_second":	32752901.484026093,
					"jitter_ms":	0.33399091820519289,
					"lost_packets":	4403,
					"packets":	84823,
					"lost_percent":	5.1908090965893683,
					"out_of_order":	0,
					"sender":	true
				}
			}],
		"sum":	{
			"start":	0,
			"end":	30.004958,
			"seconds":	30.004958,
			"bytes":	122823704,
			"bits_per_second":	32752901.484026093,
			"jitter_ms":	0.33399091820519289,
			"lost_packets":	4403,
			"packets":	84823,
			"lost_percent":	5.1908090965893683,
			"sender":	true
		},
		"cpu_utilization_percent":	{
			"host_total":	19.896610412201014,
			"host_user":	1.3672183584001973,
			"host_system":	18.529382056225895,
			"remote_total":	12.452750459538004,
			"remote_user":	0.85339298666926755,
			"remote_system":	11.599360803819774
		}
	}
}
