{
	"start":	{
		"connected":	[{
				"socket":	6,
				"local_host":	"10.20.15.3",
				"local_port":	47314,
				"remote_host":	"10.20.15.2",
				"remote_port":	5201
			}],
		"version":	"iperf 3.7",
		"system_info":	"Linux node2 5.8.0-1006-raspi #9-Ubuntu SMP PREEMPT Fri Oct 16 12:55:30 UTC 2020 aarch64",
		"timestamp":	{
			"time":	"Sun, 08 Aug 2021 09:17:18 GMT",
			"timesecs":	1628414238
		},
		"connecting_to":	{
			"host":	"10.20.15.2",
			"port":	5201
		},
		"cookie":	"ex225qgi5asatnky6q75vyvasbeqz3chmm24",
		"sock_bufsize":	0,
		"sndbuf_actual":	212992,
		"rcvbuf_actual":	212992,
		"test_start":	{
			"protocol":	"UDP",
			"num_streams":	1,
			"blksize":	1448,
			"omit":	0,
			"duration":	30,
			"bytes":	0,
			"blocks":	0,
			"reverse":	0,
			"tos":	0
		}
	},
	"intervals":	[{
			"streams":	[{
					"socket":	6,
					"start":	0,
					"end":	10.000105,
					"seconds":	10.000104904174805,
					"bytes":	44838768,
					"bits_per_second":	35870638.102031022,
					"packets":	30966,
					"omitted":	false,
					"sender":	true
				}],
			"sum":	{
				"start":	0,
				"end":	10.000105,
				"seconds":	10.000104904174805,
				"bytes":	44838768,
				"bits_per_second":	35870638.102031022,
				"packets":	30966,
				"omitted":	false,
				"sender":	true
			}
		}, {
			"streams":	[{
					"socket":	6,
					"start":	10.000105,
					"end":	20.000049,
					"seconds":	9.999943733215332,
					"bytes":	43386424,
					"bits_per_second":	34709334.498265021,
					"packets":	29963,
					"omitted":	false,
					"sender":	true
				}],
			"sum":	{
				"start":	10.000105,
				"end":	20.000049,
				"seconds":	9.999943733215332,
				"bytes":	43386424,
				"bits_per_second":	34709334.498265021,
				"packets":	29963,
				"omitted":	false,
				"sender":	true
			}
		}, {
			"streams":	[{
					"socket":	6,
					"start":	20.000049,
					"end":	30.000138,
					"seconds":	10.000088691711426,
					"bytes":	43829512,
					"bits_per_second":	35063298.617603734,
					"packets":	30269,
					"omitted":	false,
					"sender":	true
				}],
			"sum":	{
				"start":	20.000049,
				"end":	30.000138,
				"seconds":	10.000088691711426,
				"bytes":	43829512,
				"bits_per_second":	35063298.617603734,
				"packets":	30269,
				"omitted":	false,
				"sender":	true
			}
		}],
	"end":	{
		"streams":	[{
				"udp":	{
					"socket":	6,
					"start":	0,
					"end":	30.000138,
					"seconds":	30.000138,
					"bytes":	132054704,
					"bits_per_second":	35214425.7469749,
					"jitter_ms":	0.246124555045342,
					"lost_packets":	4361,
					"packets":	91198,
					"lost_percent":	4.7819031119103492,
					"out_of_order":	0,
					"sender":	true
				}
			}],
		"sum":	{
			"start":	0,
			"end":	30.00227,
			"seconds":	30.00227,
			"bytes":	132054704,
			"bits_per_second":	35214425.7469749,
			"jitter_ms":	0.246124555045342,
			"lost_packets":	4361,
			"packets":	91198,
			"lost_percent":	4.7819031119103492,
			"sender":	true
		},
		"cpu_utilization_percent":	{
			"host_total":	20.752751007398839,
			"host_user":	1.6316736892567618,
			"host_system":	19.121073985556908,
			"remote_total":	13.368801199106706,
			"remote_user":	1.1031553837110146,
			"remote_system":	12.265629158915019
		}
	}
}
