{
	"start":	{
		"connected":	[{
				"socket":	6,
				"local_host":	"10.20.15.3",
				"local_port":	45867,
				"remote_host":	"10.20.15.2",
				"remote_port":	5201
			}],
		"version":	"iperf 3.7",
		"system_info":	"Linux node2 5.8.0-1006-raspi #9-Ubuntu SMP PREEMPT Fri Oct 16 12:55:30 UTC 2020 aarch64",
		"timestamp":	{
			"time":	"Sun, 08 Aug 2021 09:16:18 GMT",
			"timesecs":	1628414178
		},
		"connecting_to":	{
			"host":	"10.20.15.2",
			"port":	5201
		},
		"cookie":	"e6jdmye7smgjlk6r5kro43s4buhdxaousheh",
		"sock_bufsize":	0,
		"sndbuf_actual":	212992,
		"rcvbuf_actual":	212992,
		"test_start":	{
			"protocol":	"UDP",
			"num_streams":	1,
			"blksize":	1448,
			"omit":	0,
			"duration":	30,
			"bytes":	0,
			"blocks":	0,
			"reverse":	0,
			"tos":	0
		}
	},
	"intervals":	[{
			"streams":	[{
					"socket":	6,
					"start":	0,
					"end":	10.000097,
					"seconds":	10.000097274780273,
					"bytes":	49106024,
					"bits_per_second":	39284437.061501667,
					"packets":	33913,
					"omitted":	false,
					"sender":	true
				}],
			"sum":	{
				"start":	0,
				"end":	10.000097,
				"seconds":	10.000097274780273,
				"bytes":	49106024,
				"bits_per_second":	39284437.061501667,
				"packets":	33913,
				"omitted":	false,
				"sender":	true
			}
		}, {
			"streams":	[{
					"socket":	6,
					"start":	10.000097,
					"end":	20.000124,
					"seconds":	10.000026702880859,
					"bytes":	47378560,
					"bits_per_second":	37902746.788746826,
					"packets":	32720,
					"omitted":	false,
					"sender":	true
				}],
			"sum":	{
				"start":	10.000097,
				"end":	20.000124,
				"seconds":	10.000026702880859,
				"bytes":	47378560,
				"bits_per_second":	37902746.788746826,
				"packets":	32720,
				"omitted":	false,
				"sender":	true
			}
		}, {
			"streams":	[{
					"socket":	6,
					"start":	20.000124,
					"end":	30.000102,
					"seconds":	9.9999780654907227,
					"bytes":	46683520,
					"bits_per_second":	37346897.918587886,
					"packets":	32240,
					"omitted":	false,
					"sender":	true
				}],
			"sum":	{
				"start":	20.000124,
				"end":	30.000102,
				"seconds":	9.9999780654907227,
				"bytes":	46683520,
				"bits_per_second":	37346897.918587886,
				"packets":	32240,
				"omitted":	false,
				"sender":	true
			}
		}],
	"end":	{
		"streams":	[{
				"udp":	{
					"socket":	6,
					"start":	0,
					"end":	30.000102,
					"seconds":	30.000102,
					"bytes":	143168104,
					"bits_per_second":	38178031.261360377,
					"jitter_ms":	0.51978748324787516,
					"lost_packets":	3353,
					"packets":	98873,
					"lost_percent":	3.3912190385646235,
					"out_of_order":	0,
					"sender":	true
				}
			}],
		"sum":	{
			"start":	0,
			"end":	30.0038,
			"seconds":	30.0038,
			"bytes":	143168104,
			"bits_per_second":	38178031.261360377,
			"jitter_ms":	0.51978748324787516,
			"lost_packets":	3353,
			"packets":	98873,
			"lost_percent":	3.3912190385646235,
			"sender":	true
		},
		"cpu_utilization_percent":	{
			"host_total":	22.171714529185913,
			"host_user":	1.71160314639229,
			"host_system":	20.460104717555538,
			"remote_total":	3.2585564079197389,
			"remote_user":	0.25635100805534028,
			"remote_system":	3.0022046504446722
		}
	}
}
