{
	"start":	{
		"connected":	[{
				"socket":	6,
				"local_host":	"10.20.15.3",
				"local_port":	45170,
				"remote_host":	"10.20.15.2",
				"remote_port":	5201
			}],
		"version":	"iperf 3.7",
		"system_info":	"Linux node2 5.8.0-1006-raspi #9-Ubuntu SMP PREEMPT Fri Oct 16 12:55:30 UTC 2020 aarch64",
		"timestamp":	{
			"time":	"Sun, 08 Aug 2021 09:16:48 GMT",
			"timesecs":	1628414208
		},
		"connecting_to":	{
			"host":	"10.20.15.2",
			"port":	5201
		},
		"cookie":	"p7omojf2e2ixcfs6awotb23kpqkljpeya7cw",
		"sock_bufsize":	0,
		"sndbuf_actual":	212992,
		"rcvbuf_actual":	212992,
		"test_start":	{
			"protocol":	"UDP",
			"num_streams":	1,
			"blksize":	1448,
			"omit":	0,
			"duration":	30,
			"bytes":	0,
			"blocks":	0,
			"reverse":	0,
			"tos":	0
		}
	},
	"intervals":	[{
			"streams":	[{
					"socket":	6,
					"start":	0,
					"end":	10.000077,
					"seconds":	10.000077247619629,
					"bytes":	44588264,
					"bits_per_second":	35670335.655147925,
					"packets":	30793,
					"omitted":	false,
					"sender":	true
				}],
			"sum":	{
				"start":	0,
				"end":	10.000077,
				"seconds":	10.000077247619629,
				"bytes":	44588264,
				"bits_per_second":	35670335.655147925,
				"packets":	30793,
				"omitted":	false,
				"sender":	true
			}
		}, {
			"streams":	[{
					"socket":	6,
					"start":	10.000077,
					"end":	20.000086,
					"seconds":	10.000008583068848,
					"bytes":	45064656,
					"bits_per_second":	36051693.856582955,
					"packets":	31122,
					"omitted":	false,
					"sender":	true
				}],
			"sum":	{
				"start":	10.000077,
				"end":	20.000086,
				"seconds":	10.000008583068848,
				"bytes":	45064656,
				"bits_per_second":	36051693.856582955,
				"packets":	31122,
				"omitted":	false,
				"sender":	true
			}
		}, {
			"streams":	[{
					"socket":	6,
					"start":	20.000086,
					"end":	30.000115,
					"seconds":	10.000028610229492,
					"bytes":	42442328,
					"bits_per_second":	33953765.257498384,
					"packets":	29311,
					"omitted":	false,
					"sender":	true
				}],
			"sum":	{
				"start":	20.000086,
				"end":	30.000115,
				"seconds":	10.000028610229492,
				"bytes":	42442328,
				"bits_per_second":	33953765.257498384,
				"packets":	29311,
				"omitted":	false,
				"sender":	true
			}
		}],
	"end":	{
		"streams":	[{
				"udp":	{
					"socket":	6,
					"start":	0,
					"end":	30.000115,
					"seconds":	30.000115,
					"bytes":	132095248,
					"bits_per_second":	35225264.436486326,
					"jitter_ms":	0.31496121441270936,
					"lost_packets":	4705,
					"packets":	91226,
					"lost_percent":	5.1575208822046346,
					"out_of_order":	0,
					"sender":	true
				}
			}],
		"sum":	{
			"start":	0,
			"end":	30.002362,
			"seconds":	30.002362,
			"bytes":	132095248,
			"bits_per_second":	35225264.436486326,
			"jitter_ms":	0.31496121441270936,
			"lost_packets":	4705,
			"packets":	91226,
			"lost_percent":	5.1575208822046346,
			"sender":	true
		},
		"cpu_utilization_percent":	{
			"host_total":	21.032796060465543,
			"host_user":	1.5036834988436638,
			"host_system":	19.529109228953079,
			"remote_total":	13.319090245828184,
			"remote_user":	1.1779864009941066,
			"remote_system":	12.141110507747301
		}
	}
}
