{
	"start":	{
		"connected":	[{
				"socket":	6,
				"local_host":	"10.20.15.3",
				"local_port":	39682,
				"remote_host":	"10.20.15.2",
				"remote_port":	5201
			}],
		"version":	"iperf 3.7",
		"system_info":	"Linux node2 5.8.0-1006-raspi #9-Ubuntu SMP PREEMPT Fri Oct 16 12:55:30 UTC 2020 aarch64",
		"timestamp":	{
			"time":	"Sun, 08 Aug 2021 09:19:18 GMT",
			"timesecs":	1628414358
		},
		"connecting_to":	{
			"host":	"10.20.15.2",
			"port":	5201
		},
		"cookie":	"ae7x6pud4wc4em5uwedzvpz254yqmrr7o7vx",
		"sock_bufsize":	0,
		"sndbuf_actual":	212992,
		"rcvbuf_actual":	212992,
		"test_start":	{
			"protocol":	"UDP",
			"num_streams":	1,
			"blksize":	1448,
			"omit":	0,
			"duration":	30,
			"bytes":	0,
			"blocks":	0,
			"reverse":	0,
			"tos":	0
		}
	},
	"intervals":	[{
			"streams":	[{
					"socket":	6,
					"start":	0,
					"end":	10.000088,
					"seconds":	10.000087738037109,
					"bytes":	43683264,
					"bits_per_second":	34946304.587983124,
					"packets":	30168,
					"omitted":	false,
					"sender":	true
				}],
			"sum":	{
				"start":	0,
				"end":	10.000088,
				"seconds":	10.000087738037109,
				"bytes":	43683264,
				"bits_per_second":	34946304.587983124,
				"packets":	30168,
				"omitted":	false,
				"sender":	true
			}
		}, {
			"streams":	[{
					"socket":	6,
					"start":	10.000088,
					"end":	20.000079,
					"seconds":	9.9999914169311523,
					"bytes":	40678664,
					"bits_per_second":	32542959.131845873,
					"packets":	28093,
					"omitted":	false,
					"sender":	true
				}],
			"sum":	{
				"start":	10.000088,
				"end":	20.000079,
				"seconds":	9.9999914169311523,
				"bytes":	40678664,
				"bits_per_second":	32542959.131845873,
				"packets":	28093,
				"omitted":	false,
				"sender":	true
			}
		}, {
			"streams":	[{
					"socket":	6,
					"start":	20.000079,
					"end":	30.00011,
					"seconds":	10.000031471252441,
					"bytes":	39669408,
					"bits_per_second":	31735426.524638049,
					"packets":	27396,
					"omitted":	false,
					"sender":	true
				}],
			"sum":	{
				"start":	20.000079,
				"end":	30.00011,
				"seconds":	10.000031471252441,
				"bytes":	39669408,
				"bits_per_second":	31735426.524638049,
				"packets":	27396,
				"omitted":	false,
				"sender":	true
			}
		}],
	"end":	{
		"streams":	[{
				"udp":	{
					"socket":	6,
					"start":	0,
					"end":	30.00011,
					"seconds":	30.00011,
					"bytes":	124031336,
					"bits_per_second":	33074901.658693917,
					"jitter_ms":	0.65427674914188971,
					"lost_packets":	4428,
					"packets":	85657,
					"lost_percent":	5.1694549190375572,
					"out_of_order":	0,
					"sender":	true
				}
			}],
		"sum":	{
			"start":	0,
			"end":	30.000924,
			"seconds":	30.000924,
			"bytes":	124031336,
			"bits_per_second":	33074901.658693917,
			"jitter_ms":	0.65427674914188971,
			"lost_packets":	4428,
			"packets":	85657,
			"lost_percent":	5.1694549190375572,
			"sender":	true
		},
		"cpu_utilization_percent":	{
			"host_total":	20.212074370157509,
			"host_user":	1.7098573989693036,
			"host_system":	18.502210306311724,
			"remote_total":	12.538862962201518,
			"remote_user":	1.0229561540865124,
			"remote_system":	11.515910139666293
		}
	}
}
