{
	"start":	{
		"connected":	[{
				"socket":	6,
				"local_host":	"10.20.15.3",
				"local_port":	43979,
				"remote_host":	"10.20.15.2",
				"remote_port":	5201
			}],
		"version":	"iperf 3.7",
		"system_info":	"Linux node2 5.8.0-1006-raspi #9-Ubuntu SMP PREEMPT Fri Oct 16 12:55:30 UTC 2020 aarch64",
		"timestamp":	{
			"time":	"Sun, 08 Aug 2021 09:20:48 GMT",
			"timesecs":	1628414448
		},
		"connecting_to":	{
			"host":	"10.20.15.2",
			"port":	5201
		},
		"cookie":	"jobhyymtqw7zdm4n52inyqoqtenzdtvub3ym",
		"sock_bufsize":	0,
		"sndbuf_actual":	212992,
		"rcvbuf_actual":	212992,
		"test_start":	{
			"protocol":	"UDP",
			"num_streams":	1,
			"blksize":	1448,
			"omit":	0,
			"duration":	30,
			"bytes":	0,
			"blocks":	0,
			"reverse":	0,
			"tos":	0
		}
	},
	"intervals":	[{
			"streams":	[{
					"socket":	6,
					"start":	0,
					"end":	10.000085,
					"seconds":	10.00008487701416,
					"bytes":	41228904,
					"bits_per_second":	32982843.25147463,
					"packets":	28473,
					"omitted":	false,
					"sender":	true
				}],
			"sum":	{
				"start":	0,
				"end":	10.000085,
				"seconds":	10.00008487701416,
				"bytes":	41228904,
				"bits_per_second":	32982843.25147463,
				"packets":	28473,
				"omitted":	false,
				"sender":	true
			}
		}, {
			"streams":	[{
					"socket":	6,
					"start":	10.000085,
					"end":	20.000086,
					"seconds":	10.000000953674316,
					"bytes":	39809864,
					"bits_per_second":	31847888.162748702,
					"packets":	27493,
					"omitted":	false,
					"sender":	true
				}],
			"sum":	{
				"start":	10.000085,
				"end":	20.000086,
				"seconds":	10.000000953674316,
				"bytes":	39809864,
				"bits_per_second":	31847888.162748702,
				"packets":	27493,
				"omitted":	false,
				"sender":	true
			}
		}, {
			"streams":	[{
					"socket":	6,
					"start":	20.000086,
					"end":	30.000115,
					"seconds":	10.000028610229492,
					"bytes":	39124960,
					"bits_per_second":	31299878.450329445,
					"packets":	27020,
					"omitted":	false,
					"sender":	true
				}],
			"sum":	{
				"start":	20.000086,
				"end":	30.000115,
				"seconds":	10.000028610229492,
				"bytes":	39124960,
				"bits_per_second":	31299878.450329445,
				"packets":	27020,
				"omitted":	false,
				"sender":	true
			}
		}],
	"end":	{
		"streams":	[{
				"udp":	{
					"socket":	6,
					"start":	0,
					"end":	30.000115,
					"seconds":	30.000115,
					"bytes":	120163728,
					"bits_per_second":	32043537.966437794,
					"jitter_ms":	0.46432342719844188,
					"lost_packets":	6574,
					"packets":	82986,
					"lost_percent":	7.921818137999181,
					"out_of_order":	0,
					"sender":	true
				}
			}],
		"sum":	{
			"start":	0,
			"end":	30.008258,
			"seconds":	30.008258,
			"bytes":	120163728,
			"bits_per_second":	32043537.966437794,
			"jitter_ms":	0.46432342719844188,
			"lost_packets":	6574,
			"packets":	82986,
			"lost_percent":	7.921818137999181,
			"sender":	true
		},
		"cpu_utilization_percent":	{
			"host_total":	19.694490543582742,
			"host_user":	1.8688188353797486,
			"host_system":	17.825678373272485,
			"remote_total":	11.869257271282049,
			"remote_user":	0.86066880336065477,
			"remote_system":	11.008581806088776
		}
	}
}
