{
	"start":	{
		"connected":	[{
				"socket":	6,
				"local_host":	"10.20.15.3",
				"local_port":	60924,
				"remote_host":	"10.20.15.2",
				"remote_port":	5201
			}],
		"version":	"iperf 3.7",
		"system_info":	"Linux node2 5.8.0-1006-raspi #9-Ubuntu SMP PREEMPT Fri Oct 16 12:55:30 UTC 2020 aarch64",
		"timestamp":	{
			"time":	"Sun, 08 Aug 2021 09:18:18 GMT",
			"timesecs":	1628414298
		},
		"connecting_to":	{
			"host":	"10.20.15.2",
			"port":	5201
		},
		"cookie":	"almmvtavdd2vljfju6urugpboj6i5udyxi2h",
		"sock_bufsize":	0,
		"sndbuf_actual":	212992,
		"rcvbuf_actual":	212992,
		"test_start":	{
			"protocol":	"UDP",
			"num_streams":	1,
			"blksize":	1448,
			"omit":	0,
			"duration":	30,
			"bytes":	0,
			"blocks":	0,
			"reverse":	0,
			"tos":	0
		}
	},
	"intervals":	[{
			"streams":	[{
					"socket":	6,
					"start":	0,
					"end":	10.00009,
					"seconds":	10.000089645385742,
					"bytes":	43683264,
					"bits_per_second":	34946297.922564246,
					"packets":	30168,
					"omitted":	false,
					"sender":	true
				}],
			"sum":	{
				"start":	0,
				"end":	10.00009,
				"seconds":	10.000089645385742,
				"bytes":	43683264,
				"bits_per_second":	34946297.922564246,
				"packets":	30168,
				"omitted":	false,
				"sender":	true
			}
		}, {
			"streams":	[{
					"socket":	6,
					"start":	10.00009,
					"end":	20.00008,
					"seconds":	9.9999904632568359,
					"bytes":	40946544,
					"bits_per_second":	32757266.43976368,
					"packets":	28278,
					"omitted":	false,
					"sender":	true
				}],
			"sum":	{
				"start":	10.00009,
				"end":	20.00008,
				"seconds":	9.9999904632568359,
				"bytes":	40946544,
				"bits_per_second":	32757266.43976368,
				"packets":	28278,
				"omitted":	false,
				"sender":	true
			}
		}, {
			"streams":	[{
					"socket":	6,
					"start":	20.00008,
					"end":	30.000129,
					"seconds":	10.000048637390137,
					"bytes":	40768440,
					"bits_per_second":	32614593.371129807,
					"packets":	28155,
					"omitted":	false,
					"sender":	true
				}],
			"sum":	{
				"start":	20.00008,
				"end":	30.000129,
				"seconds":	10.000048637390137,
				"bytes":	40768440,
				"bits_per_second":	32614593.371129807,
				"packets":	28155,
				"omitted":	false,
				"sender":	true
			}
		}],
	"end":	{
		"streams":	[{
				"udp":	{
					"socket":	6,
					"start":	0,
					"end":	30.000129,
					"seconds":	30.000129,
					"bytes":	125398248,
					"bits_per_second":	33439389.010627255,
					"jitter_ms":	0.61255577564886476,
					"lost_packets":	4066,
					"packets":	86601,
					"lost_percent":	4.6950958995854553,
					"out_of_order":	0,
					"sender":	true
				}
			}],
		"sum":	{
			"start":	0,
			"end":	30.001138,
			"seconds":	30.001138,
			"bytes":	125398248,
			"bits_per_second":	33439389.010627255,
			"jitter_ms":	0.61255577564886476,
			"lost_packets":	4066,
			"packets":	86601,
			"lost_percent":	4.6950958995854553,
			"sender":	true
		},
		"cpu_utilization_percent":	{
			"host_total":	20.238081393498678,
			"host_user":	1.5493574489480819,
			"host_system":	18.688720612326783,
			"remote_total":	12.637785142294721,
			"remote_user":	1.0138351983858858,
			"remote_system":	11.623949943908837
		}
	}
}
