{
	"start":	{
		"connected":	[{
				"socket":	6,
				"local_host":	"10.20.15.3",
				"local_port":	50239,
				"remote_host":	"10.20.15.2",
				"remote_port":	5201
			}],
		"version":	"iperf 3.7",
		"system_info":	"Linux node2 5.8.0-1006-raspi #9-Ubuntu SMP PREEMPT Fri Oct 16 12:55:30 UTC 2020 aarch64",
		"timestamp":	{
			"time":	"Sun, 08 Aug 2021 09:13:04 GMT",
			"timesecs":	1628413984
		},
		"connecting_to":	{
			"host":	"10.20.15.2",
			"port":	5201
		},
		"cookie":	"ax4ureeofritxwxc6zywtf4dm2cl3gela6fj",
		"sock_bufsize":	0,
		"sndbuf_actual":	212992,
		"rcvbuf_actual":	212992,
		"test_start":	{
			"protocol":	"UDP",
			"num_streams":	1,
			"blksize":	1448,
			"omit":	0,
			"duration":	30,
			"bytes":	0,
			"blocks":	0,
			"reverse":	0,
			"tos":	0
		}
	},
	"intervals":	[{
			"streams":	[{
					"socket":	6,
					"start":	0,
					"end":	10.000094,
					"seconds":	10.000094413757324,
					"bytes":	46123144,
					"bits_per_second":	36898166.830543116,
					"packets":	31853,
					"omitted":	false,
					"sender":	true
				}],
			"sum":	{
				"start":	0,
				"end":	10.000094,
				"seconds":	10.000094413757324,
				"bytes":	46123144,
				"bits_per_second":	36898166.830543116,
				"packets":	31853,
				"omitted":	false,
				"sender":	true
			}
		}, {
			"streams":	[{
					"socket":	6,
					"start":	10.000094,
					"end":	20.000505,
					"seconds":	10.000411033630371,
					"bytes":	44342104,
					"bits_per_second":	35472225.172251008,
					"packets":	30623,
					"omitted":	false,
					"sender":	true
				}],
			"sum":	{
				"start":	10.000094,
				"end":	20.000505,
				"seconds":	10.000411033630371,
				"bytes":	44342104,
				"bits_per_second":	35472225.172251008,
				"packets":	30623,
				"omitted":	false,
				"sender":	true
			}
		}, {
			"streams":	[{
					"socket":	6,
					"start":	20.000505,
					"end":	30.000357,
					"seconds":	9.999852180480957,
					"bytes":	45293440,
					"bits_per_second":	36235287.628278963,
					"packets":	31280,
					"omitted":	false,
					"sender":	true
				}],
			"sum":	{
				"start":	20.000505,
				"end":	30.000357,
				"seconds":	9.999852180480957,
				"bytes":	45293440,
				"bits_per_second":	36235287.628278963,
				"packets":	31280,
				"omitted":	false,
				"sender":	true
			}
		}],
	"end":	{
		"streams":	[{
				"udp":	{
					"socket":	6,
					"start":	0,
					"end":	30.000357,
					"seconds":	30.000357,
					"bytes":	135758688,
					"bits_per_second":	36201885.997556627,
					"jitter_ms":	0.3138591979553062,
					"lost_packets":	5682,
					"packets":	93756,
					"lost_percent":	6.0604121336234478,
					"out_of_order":	0,
					"sender":	true
				}
			}],
		"sum":	{
			"start":	0,
			"end":	30.006452,
			"seconds":	30.006452,
			"bytes":	135758688,
			"bits_per_second":	36201885.997556627,
			"jitter_ms":	0.3138591979553062,
			"lost_packets":	5682,
			"packets":	93756,
			"lost_percent":	6.0604121336234478,
			"sender":	true
		},
		"cpu_utilization_percent":	{
			"host_total":	21.571221292427179,
			"host_user":	1.6251260195109227,
			"host_system":	19.946085275995976,
			"remote_total":	14.139841546177468,
			"remote_user":	1.0214689462773832,
			"remote_system":	13.118365937501572
		}
	}
}
