{
	"start":	{
		"connected":	[{
				"socket":	6,
				"local_host":	"10.20.15.3",
				"local_port":	42835,
				"remote_host":	"10.20.15.2",
				"remote_port":	5201
			}],
		"version":	"iperf 3.7",
		"system_info":	"Linux node2 5.8.0-1006-raspi #9-Ubuntu SMP PREEMPT Fri Oct 16 12:55:30 UTC 2020 aarch64",
		"timestamp":	{
			"time":	"Sun, 08 Aug 2021 09:09:34 GMT",
			"timesecs":	1628413774
		},
		"connecting_to":	{
			"host":	"10.20.15.2",
			"port":	5201
		},
		"cookie":	"xgnjsptswo42erjixcclmlvbkzngnpm7jz25",
		"sock_bufsize":	0,
		"sndbuf_actual":	212992,
		"rcvbuf_actual":	212992,
		"test_start":	{
			"protocol":	"UDP",
			"num_streams":	1,
			"blksize":	1448,
			"omit":	0,
			"duration":	30,
			"bytes":	0,
			"blocks":	0,
			"reverse":	0,
			"tos":	0
		}
	},
	"intervals":	[{
			"streams":	[{
					"socket":	6,
					"start":	0,
					"end":	10.000085,
					"seconds":	10.00008487701416,
					"bytes":	48523928,
					"bits_per_second":	38818812.917506635,
					"packets":	33511,
					"omitted":	false,
					"sender":	true
				}],
			"sum":	{
				"start":	0,
				"end":	10.000085,
				"seconds":	10.00008487701416,
				"bytes":	48523928,
				"bits_per_second":	38818812.917506635,
				"packets":	33511,
				"omitted":	false,
				"sender":	true
			}
		}, {
			"streams":	[{
					"socket":	6,
					"start":	10.000085,
					"end":	20.000078,
					"seconds":	9.9999933242797852,
					"bytes":	49900976,
					"bits_per_second":	39920807.450014129,
					"packets":	34462,
					"omitted":	false,
					"sender":	true
				}],
			"sum":	{
				"start":	10.000085,
				"end":	20.000078,
				"seconds":	9.9999933242797852,
				"bytes":	49900976,
				"bits_per_second":	39920807.450014129,
				"packets":	34462,
				"omitted":	false,
				"sender":	true
			}
		}, {
			"streams":	[{
					"socket":	6,
					"start":	20.000078,
					"end":	30.000114,
					"seconds":	10.000036239624023,
					"bytes":	49371008,
					"bits_per_second":	39496663.265577309,
					"packets":	34096,
					"omitted":	false,
					"sender":	true
				}],
			"sum":	{
				"start":	20.000078,
				"end":	30.000114,
				"seconds":	10.000036239624023,
				"bytes":	49371008,
				"bits_per_second":	39496663.265577309,
				"packets":	34096,
				"omitted":	false,
				"sender":	true
			}
		}],
	"end":	{
		"streams":	[{
				"udp":	{
					"socket":	6,
					"start":	0,
					"end":	30.000114,
					"seconds":	30.000114,
					"bytes":	147795912,
					"bits_per_second":	39412093.43404495,
					"jitter_ms":	0.31624549417749204,
					"lost_packets":	3646,
					"packets":	102069,
					"lost_percent":	3.5720933878062877,
					"out_of_order":	0,
					"sender":	true
				}
			}],
		"sum":	{
			"start":	0,
			"end":	30.004141,
			"seconds":	30.004141,
			"bytes":	147795912,
			"bits_per_second":	39412093.43404495,
			"jitter_ms":	0.31624549417749204,
			"lost_packets":	3646,
			"packets":	102069,
			"lost_percent":	3.5720933878062877,
			"sender":	true
		},
		"cpu_utilization_percent":	{
			"host_total":	22.706096513481111,
			"host_user":	1.6653978267262848,
			"host_system":	21.040692021804386,
			"remote_total":	2.0099514225793325,
			"remote_user":	0.17360367669491869,
			"remote_system":	1.8363459560312365
		}
	}
}
