{
	"start":	{
		"connected":	[{
				"socket":	6,
				"local_host":	"10.20.15.3",
				"local_port":	59547,
				"remote_host":	"10.20.15.2",
				"remote_port":	5201
			}],
		"version":	"iperf 3.7",
		"system_info":	"Linux node2 5.8.0-1006-raspi #9-Ubuntu SMP PREEMPT Fri Oct 16 12:55:30 UTC 2020 aarch64",
		"timestamp":	{
			"time":	"Sun, 08 Aug 2021 09:12:04 GMT",
			"timesecs":	1628413924
		},
		"connecting_to":	{
			"host":	"10.20.15.2",
			"port":	5201
		},
		"cookie":	"a7olrg7exz7xoixcmjbgl4igotdu4erwo42h",
		"sock_bufsize":	0,
		"sndbuf_actual":	212992,
		"rcvbuf_actual":	212992,
		"test_start":	{
			"protocol":	"UDP",
			"num_streams":	1,
			"blksize":	1448,
			"omit":	0,
			"duration":	30,
			"bytes":	0,
			"blocks":	0,
			"reverse":	0,
			"tos":	0
		}
	},
	"intervals":	[{
			"streams":	[{
					"socket":	6,
					"start":	0,
					"end":	10.000008,
					"seconds":	10.000007629394531,
					"bytes":	45419416,
					"bits_per_second":	36335505.078209624,
					"packets":	31367,
					"omitted":	false,
					"sender":	true
				}],
			"sum":	{
				"start":	0,
				"end":	10.000008,
				"seconds":	10.000007629394531,
				"bytes":	45419416,
				"bits_per_second":	36335505.078209624,
				"packets":	31367,
				"omitted":	false,
				"sender":	true
			}
		}, {
			"streams":	[{
					"socket":	6,
					"start":	10.000008,
					"end":	20.000112,
					"seconds":	10.000103950500488,
					"bytes":	45636616,
					"bits_per_second":	36508913.288019143,
					"packets":	31517,
					"omitted":	false,
					"sender":	true
				}],
			"sum":	{
				"start":	10.000008,
				"end":	20.000112,
				"seconds":	10.000103950500488,
				"bytes":	45636616,
				"bits_per_second":	36508913.288019143,
				"packets":	31517,
				"omitted":	false,
				"sender":	true
			}
		}, {
			"streams":	[{
					"socket":	6,
					"start":	20.000112,
					"end":	30.000113,
					"seconds":	10.000000953674316,
					"bytes":	45248552,
					"bits_per_second":	36198838.147809781,
					"packets":	31249,
					"omitted":	false,
					"sender":	true
				}],
			"sum":	{
				"start":	20.000112,
				"end":	30.000113,
				"seconds":	10.000000953674316,
				"bytes":	45248552,
				"bits_per_second":	36198838.147809781,
				"packets":	31249,
				"omitted":	false,
				"sender":	true
			}
		}],
	"end":	{
		"streams":	[{
				"udp":	{
					"socket":	6,
					"start":	0,
					"end":	30.000113,
					"seconds":	30.000113,
					"bytes":	136304584,
					"bits_per_second":	36347752.15680021,
					"jitter_ms":	0.19325753168040935,
					"lost_packets":	4516,
					"packets":	94133,
					"lost_percent":	4.7974674131282331,
					"out_of_order":	0,
					"sender":	true
				}
			}],
		"sum":	{
			"start":	0,
			"end":	30.00279,
			"seconds":	30.00279,
			"bytes":	136304584,
			"bits_per_second":	36347752.15680021,
			"jitter_ms":	0.19325753168040935,
			"lost_packets":	4516,
			"packets":	94133,
			"lost_percent":	4.7974674131282331,
			"sender":	true
		},
		"cpu_utilization_percent":	{
			"host_total":	21.601284412854071,
			"host_user":	1.9469277580088016,
			"host_system":	19.654353322308861,
			"remote_total":	13.705506828253821,
			"remote_user":	0.91828832663014814,
			"remote_system":	12.787218501623673
		}
	}
}
