{
	"start":	{
		"connected":	[{
				"socket":	6,
				"local_host":	"10.20.15.3",
				"local_port":	38443,
				"remote_host":	"10.20.15.2",
				"remote_port":	5201
			}],
		"version":	"iperf 3.7",
		"system_info":	"Linux node2 5.8.0-1006-raspi #9-Ubuntu SMP PREEMPT Fri Oct 16 12:55:30 UTC 2020 aarch64",
		"timestamp":	{
			"time":	"Sun, 08 Aug 2021 09:05:20 GMT",
			"timesecs":	1628413520
		},
		"connecting_to":	{
			"host":	"10.20.15.2",
			"port":	5201
		},
		"cookie":	"kdwc5synbvy2l6eodqncxazmbesm7gazz4ka",
		"sock_bufsize":	0,
		"sndbuf_actual":	212992,
		"rcvbuf_actual":	212992,
		"test_start":	{
			"protocol":	"UDP",
			"num_streams":	1,
			"blksize":	1448,
			"omit":	0,
			"duration":	30,
			"bytes":	0,
			"blocks":	0,
			"reverse":	0,
			"tos":	0
		}
	},
	"intervals":	[{
			"streams":	[{
					"socket":	6,
					"start":	0,
					"end":	10.000161,
					"seconds":	10.000161170959473,
					"bytes":	45700328,
					"bits_per_second":	36559673.164239809,
					"packets":	31561,
					"omitted":	false,
					"sender":	true
				}],
			"sum":	{
				"start":	0,
				"end":	10.000161,
				"seconds":	10.000161170959473,
				"bytes":	45700328,
				"bits_per_second":	36559673.164239809,
				"packets":	31561,
				"omitted":	false,
				"sender":	true
			}
		}, {
			"streams":	[{
					"socket":	6,
					"start":	10.000161,
					"end":	20.00008,
					"seconds":	9.9999189376831055,
					"bytes":	44885104,
					"bits_per_second":	35908374.281601518,
					"packets":	30998,
					"omitted":	false,
					"sender":	true
				}],
			"sum":	{
				"start":	10.000161,
				"end":	20.00008,
				"seconds":	9.9999189376831055,
				"bytes":	44885104,
				"bits_per_second":	35908374.281601518,
				"packets":	30998,
				"omitted":	false,
				"sender":	true
			}
		}, {
			"streams":	[{
					"socket":	6,
					"start":	20.00008,
					"end":	30.000064,
					"seconds":	9.9999837875366211,
					"bytes":	45218144,
					"bits_per_second":	36174573.847895376,
					"packets":	31228,
					"omitted":	false,
					"sender":	true
				}],
			"sum":	{
				"start":	20.00008,
				"end":	30.000064,
				"seconds":	9.9999837875366211,
				"bytes":	45218144,
				"bits_per_second":	36174573.847895376,
				"packets":	31228,
				"omitted":	false,
				"sender":	true
			}
		}],
	"end":	{
		"streams":	[{
				"udp":	{
					"socket":	6,
					"start":	0,
					"end":	30.000064,
					"seconds":	30.000064,
					"bytes":	135803576,
					"bits_per_second":	36214209.676352695,
					"jitter_ms":	0.24058561224430722,
					"lost_packets":	4011,
					"packets":	93787,
					"lost_percent":	4.2767121242816168,
					"out_of_order":	0,
					"sender":	true
				}
			}],
		"sum":	{
			"start":	0,
			"end":	30.003284,
			"seconds":	30.003284,
			"bytes":	135803576,
			"bits_per_second":	36214209.676352695,
			"jitter_ms":	0.24058561224430722,
			"lost_packets":	4011,
			"packets":	93787,
			"lost_percent":	4.2767121242816168,
			"sender":	true
		},
		"cpu_utilization_percent":	{
			"host_total":	21.582470380383565,
			"host_user":	1.7860713355480451,
			"host_system":	19.796389047440176,
			"remote_total":	13.941923919458322,
			"remote_user":	1.2712227618977976,
			"remote_system":	12.670697826115562
		}
	}
}
