{
	"start":	{
		"connected":	[{
				"socket":	6,
				"local_host":	"10.20.15.3",
				"local_port":	48307,
				"remote_host":	"10.20.15.2",
				"remote_port":	5201
			}],
		"version":	"iperf 3.7",
		"system_info":	"Linux node2 5.8.0-1006-raspi #9-Ubuntu SMP PREEMPT Fri Oct 16 12:55:30 UTC 2020 aarch64",
		"timestamp":	{
			"time":	"Sun, 08 Aug 2021 09:04:20 GMT",
			"timesecs":	1628413460
		},
		"connecting_to":	{
			"host":	"10.20.15.2",
			"port":	5201
		},
		"cookie":	"l2cwf37h3sh7d6wtq7nc763iv4hlurukqsex",
		"sock_bufsize":	0,
		"sndbuf_actual":	212992,
		"rcvbuf_actual":	212992,
		"test_start":	{
			"protocol":	"UDP",
			"num_streams":	1,
			"blksize":	1448,
			"omit":	0,
			"duration":	30,
			"bytes":	0,
			"blocks":	0,
			"reverse":	0,
			"tos":	0
		}
	},
	"intervals":	[{
			"streams":	[{
					"socket":	6,
					"start":	0,
					"end":	10.000078,
					"seconds":	10.000078201293945,
					"bytes":	45976896,
					"bits_per_second":	36781229.166028634,
					"packets":	31752,
					"omitted":	false,
					"sender":	true
				}],
			"sum":	{
				"start":	0,
				"end":	10.000078,
				"seconds":	10.000078201293945,
				"bytes":	45976896,
				"bits_per_second":	36781229.166028634,
				"packets":	31752,
				"omitted":	false,
				"sender":	true
			}
		}, {
			"streams":	[{
					"socket":	6,
					"start":	10.000078,
					"end":	20.000042,
					"seconds":	9.9999637603759766,
					"bytes":	45575800,
					"bits_per_second":	36460772.132467367,
					"packets":	31475,
					"omitted":	false,
					"sender":	true
				}],
			"sum":	{
				"start":	10.000078,
				"end":	20.000042,
				"seconds":	9.9999637603759766,
				"bytes":	45575800,
				"bits_per_second":	36460772.132467367,
				"packets":	31475,
				"omitted":	false,
				"sender":	true
			}
		}, {
			"streams":	[{
					"socket":	6,
					"start":	20.000042,
					"end":	30.000114,
					"seconds":	10.00007152557373,
					"bytes":	47895496,
					"bits_per_second":	38316122.741733775,
					"packets":	33077,
					"omitted":	false,
					"sender":	true
				}],
			"sum":	{
				"start":	20.000042,
				"end":	30.000114,
				"seconds":	10.00007152557373,
				"bytes":	47895496,
				"bits_per_second":	38316122.741733775,
				"packets":	33077,
				"omitted":	false,
				"sender":	true
			}
		}],
	"end":	{
		"streams":	[{
				"udp":	{
					"socket":	6,
					"start":	0,
					"end":	30.000114,
					"seconds":	30.000114,
					"bytes":	139448192,
					"bits_per_second":	37186043.226369075,
					"jitter_ms":	0.62264578255204983,
					"lost_packets":	4188,
					"packets":	96304,
					"lost_percent":	4.3487290247549426,
					"out_of_order":	0,
					"sender":	true
				}
			}],
		"sum":	{
			"start":	0,
			"end":	30.003275,
			"seconds":	30.003275,
			"bytes":	139448192,
			"bits_per_second":	37186043.226369075,
			"jitter_ms":	0.62264578255204983,
			"lost_packets":	4188,
			"packets":	96304,
			"lost_percent":	4.3487290247549426,
			"sender":	true
		},
		"cpu_utilization_percent":	{
			"host_total":	22.0341530833998,
			"host_user":	1.3630029878566341,
			"host_system":	20.671153427824386,
			"remote_total":	14.1828818200221,
			"remote_user":	0.98326059267120158,
			"remote_system":	13.199617896251512
		}
	}
}
