{
	"start":	{
		"connected":	[{
				"socket":	6,
				"local_host":	"10.20.15.3",
				"local_port":	57807,
				"remote_host":	"10.20.15.2",
				"remote_port":	5201
			}],
		"version":	"iperf 3.7",
		"system_info":	"Linux node2 5.8.0-1006-raspi #9-Ubuntu SMP PREEMPT Fri Oct 16 12:55:30 UTC 2020 aarch64",
		"timestamp":	{
			"time":	"Sun, 08 Aug 2021 09:04:50 GMT",
			"timesecs":	1628413490
		},
		"connecting_to":	{
			"host":	"10.20.15.2",
			"port":	5201
		},
		"cookie":	"qm6giozmrem2hbtpjvmvn6kd3qm62u2za5b3",
		"sock_bufsize":	0,
		"sndbuf_actual":	212992,
		"rcvbuf_actual":	212992,
		"test_start":	{
			"protocol":	"UDP",
			"num_streams":	1,
			"blksize":	1448,
			"omit":	0,
			"duration":	30,
			"bytes":	0,
			"blocks":	0,
			"reverse":	0,
			"tos":	0
		}
	},
	"intervals":	[{
			"streams":	[{
					"socket":	6,
					"start":	0,
					"end":	10.000092,
					"seconds":	10.000091552734375,
					"bytes":	44902480,
					"bits_per_second":	35921655.127424978,
					"packets":	31010,
					"omitted":	false,
					"sender":	true
				}],
			"sum":	{
				"start":	0,
				"end":	10.000092,
				"seconds":	10.000091552734375,
				"bytes":	44902480,
				"bits_per_second":	35921655.127424978,
				"packets":	31010,
				"omitted":	false,
				"sender":	true
			}
		}, {
			"streams":	[{
					"socket":	6,
					"start":	10.000092,
					"end":	20.000092,
					"seconds":	10,
					"bytes":	47395936,
					"bits_per_second":	37916748.8,
					"packets":	32732,
					"omitted":	false,
					"sender":	true
				}],
			"sum":	{
				"start":	10.000092,
				"end":	20.000092,
				"seconds":	10,
				"bytes":	47395936,
				"bits_per_second":	37916748.8,
				"packets":	32732,
				"omitted":	false,
				"sender":	true
			}
		}, {
			"streams":	[{
					"socket":	6,
					"start":	20.000092,
					"end":	30.000114,
					"seconds":	10.000021934509277,
					"bytes":	45396248,
					"bits_per_second":	36316918.740620896,
					"packets":	31351,
					"omitted":	false,
					"sender":	true
				}],
			"sum":	{
				"start":	20.000092,
				"end":	30.000114,
				"seconds":	10.000021934509277,
				"bytes":	45396248,
				"bits_per_second":	36316918.740620896,
				"packets":	31351,
				"omitted":	false,
				"sender":	true
			}
		}],
	"end":	{
		"streams":	[{
				"udp":	{
					"socket":	6,
					"start":	0,
					"end":	30.000114,
					"seconds":	30.000114,
					"bytes":	137694664,
					"bits_per_second":	36718437.536604024,
					"jitter_ms":	0.32957036566141606,
					"lost_packets":	4671,
					"packets":	95093,
					"lost_percent":	4.9120334830113679,
					"out_of_order":	0,
					"sender":	true
				}
			}],
		"sum":	{
			"start":	0,
			"end":	30.002196,
			"seconds":	30.002196,
			"bytes":	137694664,
			"bits_per_second":	36718437.536604024,
			"jitter_ms":	0.32957036566141606,
			"lost_packets":	4671,
			"packets":	95093,
			"lost_percent":	4.9120334830113679,
			"sender":	true
		},
		"cpu_utilization_percent":	{
			"host_total":	21.712822547590541,
			"host_user":	1.8978128801983543,
			"host_system":	19.814996336965329,
			"remote_total":	13.804959975698811,
			"remote_user":	1.51481649894247,
			"remote_system":	12.290140145270762
		}
	}
}
