{
	"start":	{
		"connected":	[{
				"socket":	6,
				"local_host":	"10.20.15.3",
				"local_port":	60424,
				"remote_host":	"10.20.15.2",
				"remote_port":	5201
			}],
		"version":	"iperf 3.7",
		"system_info":	"Linux node2 5.8.0-1006-raspi #9-Ubuntu SMP PREEMPT Fri Oct 16 12:55:30 UTC 2020 aarch64",
		"timestamp":	{
			"time":	"Sun, 08 Aug 2021 13:53:38 GMT",
			"timesecs":	1628430818
		},
		"connecting_to":	{
			"host":	"10.20.15.2",
			"port":	5201
		},
		"cookie":	"br5lgoedypnbtfoaufv5gguzfvia2civva47",
		"sock_bufsize":	0,
		"sndbuf_actual":	212992,
		"rcvbuf_actual":	212992,
		"test_start":	{
			"protocol":	"UDP",
			"num_streams":	1,
			"blksize":	1448,
			"omit":	0,
			"duration":	30,
			"bytes":	0,
			"blocks":	0,
			"reverse":	0,
			"tos":	0
		}
	},
	"intervals":	[{
			"streams":	[{
					"socket":	6,
					"start":	0,
					"end":	10.000101,
					"seconds":	10.000101089477539,
					"bytes":	1556600,
					"bits_per_second":	1245267.411656796,
					"packets":	1075,
					"omitted":	false,
					"sender":	true
				}],
			"sum":	{
				"start":	0,
				"end":	10.000101,
				"seconds":	10.000101089477539,
				"bytes":	1556600,
				"bits_per_second":	1245267.411656796,
				"packets":	1075,
				"omitted":	false,
				"sender":	true
			}
		}, {
			"streams":	[{
					"socket":	6,
					"start":	10.000101,
					"end":	20.001233,
					"seconds":	10.001132011413574,
					"bytes":	828256,
					"bits_per_second":	662529.80087035813,
					"packets":	572,
					"omitted":	false,
					"sender":	true
				}],
			"sum":	{
				"start":	10.000101,
				"end":	20.001233,
				"seconds":	10.001132011413574,
				"bytes":	828256,
				"bits_per_second":	662529.80087035813,
				"packets":	572,
				"omitted":	false,
				"sender":	true
			}
		}, {
			"streams":	[{
					"socket":	6,
					"start":	20.001233,
					"end":	30.000101,
					"seconds":	9.9988679885864258,
					"bytes":	11287160,
					"bits_per_second":	9030750.2912402824,
					"packets":	7795,
					"omitted":	false,
					"sender":	true
				}],
			"sum":	{
				"start":	20.001233,
				"end":	30.000101,
				"seconds":	9.9988679885864258,
				"bytes":	11287160,
				"bits_per_second":	9030750.2912402824,
				"packets":	7795,
				"omitted":	false,
				"sender":	true
			}
		}],
	"end":	{
		"streams":	[{
				"udp":	{
					"socket":	6,
					"start":	0,
					"end":	30.000101,
					"seconds":	30.000101,
					"bytes":	13672016,
					"bits_per_second":	3645858.6589425146,
					"jitter_ms":	45.031280360461665,
					"lost_packets":	1860,
					"packets":	9442,
					"lost_percent":	19.699216267739885,
					"out_of_order":	0,
					"sender":	true
				}
			}],
		"sum":	{
			"start":	0,
			"end":	30.745603,
			"seconds":	30.745603,
			"bytes":	13672016,
			"bits_per_second":	3645858.6589425146,
			"jitter_ms":	45.031280360461665,
			"lost_packets":	1860,
			"packets":	9442,
			"lost_percent":	19.699216267739885,
			"sender":	true
		},
		"cpu_utilization_percent":	{
			"host_total":	5.8527426668500979,
			"host_user":	0.5653955610003244,
			"host_system":	5.287340463007439,
			"remote_total":	0.97409781782692229,
			"remote_user":	0.11870735132005795,
			"remote_system":	0.855387665153441
		}
	}
}
