{
	"start":	{
		"connected":	[{
				"socket":	6,
				"local_host":	"10.20.15.3",
				"local_port":	59757,
				"remote_host":	"10.20.15.2",
				"remote_port":	5201
			}],
		"version":	"iperf 3.7",
		"system_info":	"Linux node2 5.8.0-1006-raspi #9-Ubuntu SMP PREEMPT Fri Oct 16 12:55:30 UTC 2020 aarch64",
		"timestamp":	{
			"time":	"Sun, 08 Aug 2021 13:30:26 GMT",
			"timesecs":	1628429426
		},
		"connecting_to":	{
			"host":	"10.20.15.2",
			"port":	5201
		},
		"cookie":	"d66jixyo22wtjmloccprltb3xrmcbsqmlejf",
		"sock_bufsize":	0,
		"sndbuf_actual":	212992,
		"rcvbuf_actual":	212992,
		"test_start":	{
			"protocol":	"UDP",
			"num_streams":	1,
			"blksize":	1448,
			"omit":	0,
			"duration":	30,
			"bytes":	0,
			"blocks":	0,
			"reverse":	0,
			"tos":	0
		}
	},
	"intervals":	[{
			"streams":	[{
					"socket":	6,
					"start":	0,
					"end":	10.000089,
					"seconds":	10.000088691711426,
					"bytes":	14419184,
					"bits_per_second":	11535244.891938882,
					"packets":	9958,
					"omitted":	false,
					"sender":	true
				}],
			"sum":	{
				"start":	0,
				"end":	10.000089,
				"seconds":	10.000088691711426,
				"bytes":	14419184,
				"bits_per_second":	11535244.891938882,
				"packets":	9958,
				"omitted":	false,
				"sender":	true
			}
		}, {
			"streams":	[{
					"socket":	6,
					"start":	10.000089,
					"end":	20.000082,
					"seconds":	9.9999933242797852,
					"bytes":	4643736,
					"bits_per_second":	3714991.2800242384,
					"packets":	3207,
					"omitted":	false,
					"sender":	true
				}],
			"sum":	{
				"start":	10.000089,
				"end":	20.000082,
				"seconds":	9.9999933242797852,
				"bytes":	4643736,
				"bits_per_second":	3714991.2800242384,
				"packets":	3207,
				"omitted":	false,
				"sender":	true
			}
		}, {
			"streams":	[{
					"socket":	6,
					"start":	20.000082,
					"end":	30.000114,
					"seconds":	10.000032424926758,
					"bytes":	3554840,
					"bits_per_second":	2843862.778795769,
					"packets":	2455,
					"omitted":	false,
					"sender":	true
				}],
			"sum":	{
				"start":	20.000082,
				"end":	30.000114,
				"seconds":	10.000032424926758,
				"bytes":	3554840,
				"bits_per_second":	2843862.778795769,
				"packets":	2455,
				"omitted":	false,
				"sender":	true
			}
		}],
	"end":	{
		"streams":	[{
				"udp":	{
					"socket":	6,
					"start":	0,
					"end":	30.000114,
					"seconds":	30.000114,
					"bytes":	22617760,
					"bits_per_second":	6031379.7474236265,
					"jitter_ms":	27.131317875766854,
					"lost_packets":	5404,
					"packets":	15620,
					"lost_percent":	34.596670934699105,
					"out_of_order":	0,
					"sender":	true
				}
			}],
		"sum":	{
			"start":	0,
			"end":	30.366693,
			"seconds":	30.366693,
			"bytes":	22617760,
			"bits_per_second":	6031379.7474236265,
			"jitter_ms":	27.131317875766854,
			"lost_packets":	5404,
			"packets":	15620,
			"lost_percent":	34.596670934699105,
			"sender":	true
		},
		"cpu_utilization_percent":	{
			"host_total":	6.8967978257324907,
			"host_user":	0.73489565071898322,
			"host_system":	6.1618988446606178,
			"remote_total":	1.6772577518103924,
			"remote_user":	0.15128182706652582,
			"remote_system":	1.5259857757451734
		}
	}
}
