{
	"start":	{
		"connected":	[{
				"socket":	6,
				"local_host":	"10.20.15.3",
				"local_port":	42945,
				"remote_host":	"10.20.15.2",
				"remote_port":	5201
			}],
		"version":	"iperf 3.7",
		"system_info":	"Linux node2 5.8.0-1006-raspi #9-Ubuntu SMP PREEMPT Fri Oct 16 12:55:30 UTC 2020 aarch64",
		"timestamp":	{
			"time":	"Sun, 08 Aug 2021 13:06:57 GMT",
			"timesecs":	1628428017
		},
		"connecting_to":	{
			"host":	"10.20.15.2",
			"port":	5201
		},
		"cookie":	"lt4jizm2rlgkayqmjgbt6ozhdqkacz5ts53k",
		"sock_bufsize":	0,
		"sndbuf_actual":	212992,
		"rcvbuf_actual":	212992,
		"test_start":	{
			"protocol":	"UDP",
			"num_streams":	1,
			"blksize":	1448,
			"omit":	0,
			"duration":	30,
			"bytes":	0,
			"blocks":	0,
			"reverse":	0,
			"tos":	0
		}
	},
	"intervals":	[{
			"streams":	[{
					"socket":	6,
					"start":	0,
					"end":	10.000085,
					"seconds":	10.00008487701416,
					"bytes":	11838848,
					"bits_per_second":	9470998.0129967537,
					"packets":	8176,
					"omitted":	false,
					"sender":	true
				}],
			"sum":	{
				"start":	0,
				"end":	10.000085,
				"seconds":	10.00008487701416,
				"bytes":	11838848,
				"bits_per_second":	9470998.0129967537,
				"packets":	8176,
				"omitted":	false,
				"sender":	true
			}
		}, {
			"streams":	[{
					"socket":	6,
					"start":	10.000085,
					"end":	20.000088,
					"seconds":	10.000002861022949,
					"bytes":	831152,
					"bits_per_second":	664921.40976445877,
					"packets":	574,
					"omitted":	false,
					"sender":	true
				}],
			"sum":	{
				"start":	10.000085,
				"end":	20.000088,
				"seconds":	10.000002861022949,
				"bytes":	831152,
				"bits_per_second":	664921.40976445877,
				"packets":	574,
				"omitted":	false,
				"sender":	true
			}
		}, {
			"streams":	[{
					"socket":	6,
					"start":	20.000088,
					"end":	30.000118,
					"seconds":	10.000029563903809,
					"bytes":	729792,
					"bits_per_second":	583831.87396506371,
					"packets":	504,
					"omitted":	false,
					"sender":	true
				}],
			"sum":	{
				"start":	20.000088,
				"end":	30.000118,
				"seconds":	10.000029563903809,
				"bytes":	729792,
				"bits_per_second":	583831.87396506371,
				"packets":	504,
				"omitted":	false,
				"sender":	true
			}
		}],
	"end":	{
		"streams":	[{
				"udp":	{
					"socket":	6,
					"start":	0,
					"end":	30.000118,
					"seconds":	30.000118,
					"bytes":	13399792,
					"bits_per_second":	3573263.8118290068,
					"jitter_ms":	91.375205190320628,
					"lost_packets":	1670,
					"packets":	9254,
					"lost_percent":	18.046250270153447,
					"out_of_order":	0,
					"sender":	true
				}
			}],
		"sum":	{
			"start":	0,
			"end":	30.1416,
			"seconds":	30.1416,
			"bytes":	13399792,
			"bits_per_second":	3573263.8118290068,
			"jitter_ms":	91.375205190320628,
			"lost_packets":	1670,
			"packets":	9254,
			"lost_percent":	18.046250270153447,
			"sender":	true
		},
		"cpu_utilization_percent":	{
			"host_total":	5.9042608818583941,
			"host_user":	0.493353971843404,
			"host_system":	5.4109035773528547,
			"remote_total":	0.11259652192942536,
			"remote_user":	0.013530939979671135,
			"remote_system":	0.099064621763834584
		}
	}
}
