{
	"start":	{
		"connected":	[{
				"socket":	6,
				"local_host":	"10.20.15.3",
				"local_port":	38017,
				"remote_host":	"10.20.15.2",
				"remote_port":	5201
			}],
		"version":	"iperf 3.7",
		"system_info":	"Linux node2 5.8.0-1006-raspi #9-Ubuntu SMP PREEMPT Fri Oct 16 12:55:30 UTC 2020 aarch64",
		"timestamp":	{
			"time":	"Sun, 08 Aug 2021 11:57:36 GMT",
			"timesecs":	1628423856
		},
		"connecting_to":	{
			"host":	"10.20.15.2",
			"port":	5201
		},
		"cookie":	"aj5vlo26d2ijxneymioii3lf7h55mpzxjq3k",
		"sock_bufsize":	0,
		"sndbuf_actual":	212992,
		"rcvbuf_actual":	212992,
		"test_start":	{
			"protocol":	"UDP",
			"num_streams":	1,
			"blksize":	1448,
			"omit":	0,
			"duration":	30,
			"bytes":	0,
			"blocks":	0,
			"reverse":	0,
			"tos":	0
		}
	},
	"intervals":	[{
			"streams":	[{
					"socket":	6,
					"start":	0,
					"end":	10.000101,
					"seconds":	10.000101089477539,
					"bytes":	9200592,
					"bits_per_second":	7360399.194109099,
					"packets":	6354,
					"omitted":	false,
					"sender":	true
				}],
			"sum":	{
				"start":	0,
				"end":	10.000101,
				"seconds":	10.000101089477539,
				"bytes":	9200592,
				"bits_per_second":	7360399.194109099,
				"packets":	6354,
				"omitted":	false,
				"sender":	true
			}
		}, {
			"streams":	[{
					"socket":	6,
					"start":	10.000101,
					"end":	20.000087,
					"seconds":	9.9999856948852539,
					"bytes":	5471992,
					"bits_per_second":	4377599.8622068344,
					"packets":	3779,
					"omitted":	false,
					"sender":	true
				}],
			"sum":	{
				"start":	10.000101,
				"end":	20.000087,
				"seconds":	9.9999856948852539,
				"bytes":	5471992,
				"bits_per_second":	4377599.8622068344,
				"packets":	3779,
				"omitted":	false,
				"sender":	true
			}
		}, {
			"streams":	[{
					"socket":	6,
					"start":	20.000087,
					"end":	30.000112,
					"seconds":	10.000024795532227,
					"bytes":	6513104,
					"bits_per_second":	5210470.2803616244,
					"packets":	4498,
					"omitted":	false,
					"sender":	true
				}],
			"sum":	{
				"start":	20.000087,
				"end":	30.000112,
				"seconds":	10.000024795532227,
				"bytes":	6513104,
				"bits_per_second":	5210470.2803616244,
				"packets":	4498,
				"omitted":	false,
				"sender":	true
			}
		}],
	"end":	{
		"streams":	[{
				"udp":	{
					"socket":	6,
					"start":	0,
					"end":	30.000112,
					"seconds":	30.000112,
					"bytes":	21185688,
					"bits_per_second":	5649495.7085493542,
					"jitter_ms":	0.33293287390524584,
					"lost_packets":	7798,
					"packets":	14631,
					"lost_percent":	53.297792358690451,
					"out_of_order":	0,
					"sender":	true
				}
			}],
		"sum":	{
			"start":	0,
			"end":	30.003063,
			"seconds":	30.003063,
			"bytes":	21185688,
			"bits_per_second":	5649495.7085493542,
			"jitter_ms":	0.33293287390524584,
			"lost_packets":	7798,
			"packets":	14631,
			"lost_percent":	53.297792358690451,
			"sender":	true
		},
		"cpu_utilization_percent":	{
			"host_total":	7.4028150989210273,
			"host_user":	0.85046012080890432,
			"host_system":	6.5523616407842944,
			"remote_total":	1.1457683098736018,
			"remote_user":	0.091219338566381411,
			"remote_system":	1.0545389805067493
		}
	}
}
