{
	"start":	{
		"connected":	[{
				"socket":	6,
				"local_host":	"10.20.15.3",
				"local_port":	39113,
				"remote_host":	"10.20.15.2",
				"remote_port":	5201
			}],
		"version":	"iperf 3.7",
		"system_info":	"Linux node2 5.8.0-1006-raspi #9-Ubuntu SMP PREEMPT Fri Oct 16 12:55:30 UTC 2020 aarch64",
		"timestamp":	{
			"time":	"Sun, 08 Aug 2021 13:16:32 GMT",
			"timesecs":	1628428592
		},
		"connecting_to":	{
			"host":	"10.20.15.2",
			"port":	5201
		},
		"cookie":	"fcuq7h6hlkt3i2nvo3iktmvcvs5x7zym53k6",
		"sock_bufsize":	0,
		"sndbuf_actual":	212992,
		"rcvbuf_actual":	212992,
		"test_start":	{
			"protocol":	"UDP",
			"num_streams":	1,
			"blksize":	1448,
			"omit":	0,
			"duration":	30,
			"bytes":	0,
			"blocks":	0,
			"reverse":	0,
			"tos":	0
		}
	},
	"intervals":	[{
			"streams":	[{
					"socket":	6,
					"start":	0,
					"end":	10.000079,
					"seconds":	10.000079154968262,
					"bytes":	13582240,
					"bits_per_second":	10865705.992538702,
					"packets":	9380,
					"omitted":	false,
					"sender":	true
				}],
			"sum":	{
				"start":	0,
				"end":	10.000079,
				"seconds":	10.000079154968262,
				"bytes":	13582240,
				"bits_per_second":	10865705.992538702,
				"packets":	9380,
				"omitted":	false,
				"sender":	true
			}
		}, {
			"streams":	[{
					"socket":	6,
					"start":	10.000079,
					"end":	20.000088,
					"seconds":	10.000008583068848,
					"bytes":	7532496,
					"bits_per_second":	6025991.6278498983,
					"packets":	5202,
					"omitted":	false,
					"sender":	true
				}],
			"sum":	{
				"start":	10.000079,
				"end":	20.000088,
				"seconds":	10.000008583068848,
				"bytes":	7532496,
				"bits_per_second":	6025991.6278498983,
				"packets":	5202,
				"omitted":	false,
				"sender":	true
			}
		}, {
			"streams":	[{
					"socket":	6,
					"start":	20.000088,
					"end":	30.000243,
					"seconds":	10.000155448913574,
					"bytes":	10615288,
					"bits_per_second":	8492098.3912531119,
					"packets":	7331,
					"omitted":	false,
					"sender":	true
				}],
			"sum":	{
				"start":	20.000088,
				"end":	30.000243,
				"seconds":	10.000155448913574,
				"bytes":	10615288,
				"bits_per_second":	8492098.3912531119,
				"packets":	7331,
				"omitted":	false,
				"sender":	true
			}
		}],
	"end":	{
		"streams":	[{
				"udp":	{
					"socket":	6,
					"start":	0,
					"end":	30.000243,
					"seconds":	30.000243,
					"bytes":	31730024,
					"bits_per_second":	8461271.197036637,
					"jitter_ms":	0.65175517107931491,
					"lost_packets":	8959,
					"packets":	21913,
					"lost_percent":	40.8844065166796,
					"out_of_order":	0,
					"sender":	true
				}
			}],
		"sum":	{
			"start":	0,
			"end":	30.004156,
			"seconds":	30.004156,
			"bytes":	31730024,
			"bits_per_second":	8461271.197036637,
			"jitter_ms":	0.65175517107931491,
			"lost_packets":	8959,
			"packets":	21913,
			"lost_percent":	40.8844065166796,
			"sender":	true
		},
		"cpu_utilization_percent":	{
			"host_total":	8.10015695866755,
			"host_user":	0.66406846197168079,
			"host_system":	7.43609849406323,
			"remote_total":	2.0253075746590579,
			"remote_user":	0.096758435822129049,
			"remote_system":	1.9285491388369287
		}
	}
}
