{
	"start":	{
		"connected":	[{
				"socket":	6,
				"local_host":	"10.20.15.3",
				"local_port":	42850,
				"remote_host":	"10.20.15.2",
				"remote_port":	5201
			}],
		"version":	"iperf 3.7",
		"system_info":	"Linux node2 5.8.0-1006-raspi #9-Ubuntu SMP PREEMPT Fri Oct 16 12:55:30 UTC 2020 aarch64",
		"timestamp":	{
			"time":	"Sun, 08 Aug 2021 13:22:15 GMT",
			"timesecs":	1628428935
		},
		"connecting_to":	{
			"host":	"10.20.15.2",
			"port":	5201
		},
		"cookie":	"prfk5nnsqgv4vbrrutnzrrnrshxjig3x76ks",
		"sock_bufsize":	0,
		"sndbuf_actual":	212992,
		"rcvbuf_actual":	212992,
		"test_start":	{
			"protocol":	"UDP",
			"num_streams":	1,
			"blksize":	1448,
			"omit":	0,
			"duration":	30,
			"bytes":	0,
			"blocks":	0,
			"reverse":	0,
			"tos":	0
		}
	},
	"intervals":	[{
			"streams":	[{
					"socket":	6,
					"start":	0,
					"end":	10.000087,
					"seconds":	10.000086784362793,
					"bytes":	5363392,
					"bits_per_second":	4290676.3636385826,
					"packets":	3704,
					"omitted":	false,
					"sender":	true
				}],
			"sum":	{
				"start":	0,
				"end":	10.000087,
				"seconds":	10.000086784362793,
				"bytes":	5363392,
				"bits_per_second":	4290676.3636385826,
				"packets":	3704,
				"omitted":	false,
				"sender":	true
			}
		}, {
			"streams":	[{
					"socket":	6,
					"start":	10.000087,
					"end":	20.000099,
					"seconds":	10.000012397766113,
					"bytes":	11085888,
					"bits_per_second":	8868699.4047939051,
					"packets":	7656,
					"omitted":	false,
					"sender":	true
				}],
			"sum":	{
				"start":	10.000087,
				"end":	20.000099,
				"seconds":	10.000012397766113,
				"bytes":	11085888,
				"bits_per_second":	8868699.4047939051,
				"packets":	7656,
				"omitted":	false,
				"sender":	true
			}
		}, {
			"streams":	[{
					"socket":	6,
					"start":	20.000099,
					"end":	30.000197,
					"seconds":	10.00009822845459,
					"bytes":	6772296,
					"bits_per_second":	5417783.5819491446,
					"packets":	4677,
					"omitted":	false,
					"sender":	true
				}],
			"sum":	{
				"start":	20.000099,
				"end":	30.000197,
				"seconds":	10.00009822845459,
				"bytes":	6772296,
				"bits_per_second":	5417783.5819491446,
				"packets":	4677,
				"omitted":	false,
				"sender":	true
			}
		}],
	"end":	{
		"streams":	[{
				"udp":	{
					"socket":	6,
					"start":	0,
					"end":	30.000197,
					"seconds":	30.000197,
					"bytes":	23221576,
					"bits_per_second":	6192379.6033739382,
					"jitter_ms":	10.0400293802847,
					"lost_packets":	7150,
					"packets":	16037,
					"lost_percent":	44.584398578287711,
					"out_of_order":	0,
					"sender":	true
				}
			}],
		"sum":	{
			"start":	0,
			"end":	30.086498,
			"seconds":	30.086498,
			"bytes":	23221576,
			"bits_per_second":	6192379.6033739382,
			"jitter_ms":	10.0400293802847,
			"lost_packets":	7150,
			"packets":	16037,
			"lost_percent":	44.584398578287711,
			"sender":	true
		},
		"cpu_utilization_percent":	{
			"host_total":	6.9878786104320074,
			"host_user":	0.60753341433778862,
			"host_system":	6.3803518503484824,
			"remote_total":	1.5252515172045256,
			"remote_user":	0.10725275769987526,
			"remote_system":	1.4179891759497238
		}
	}
}
