{
	"start":	{
		"connected":	[{
				"socket":	6,
				"local_host":	"10.20.15.3",
				"local_port":	58336,
				"remote_host":	"10.20.15.2",
				"remote_port":	5201
			}],
		"version":	"iperf 3.7",
		"system_info":	"Linux node2 5.8.0-1006-raspi #9-Ubuntu SMP PREEMPT Fri Oct 16 12:55:30 UTC 2020 aarch64",
		"timestamp":	{
			"time":	"Sun, 08 Aug 2021 12:24:39 GMT",
			"timesecs":	1628425479
		},
		"connecting_to":	{
			"host":	"10.20.15.2",
			"port":	5201
		},
		"cookie":	"cojgg4m77i6apz5jgha4h2pdsk3ghpvffave",
		"sock_bufsize":	0,
		"sndbuf_actual":	212992,
		"rcvbuf_actual":	212992,
		"test_start":	{
			"protocol":	"UDP",
			"num_streams":	1,
			"blksize":	1448,
			"omit":	0,
			"duration":	30,
			"bytes":	0,
			"blocks":	0,
			"reverse":	0,
			"tos":	0
		}
	},
	"intervals":	[{
			"streams":	[{
					"socket":	6,
					"start":	0,
					"end":	10.000128,
					"seconds":	10.000127792358398,
					"bytes":	3460720,
					"bits_per_second":	2768540.6201664829,
					"packets":	2390,
					"omitted":	false,
					"sender":	true
				}],
			"sum":	{
				"start":	0,
				"end":	10.000128,
				"seconds":	10.000127792358398,
				"bytes":	3460720,
				"bits_per_second":	2768540.6201664829,
				"packets":	2390,
				"omitted":	false,
				"sender":	true
			}
		}, {
			"streams":	[{
					"socket":	6,
					"start":	10.000128,
					"end":	20.000251,
					"seconds":	10.000123023986816,
					"bytes":	737032,
					"bits_per_second":	589618.346280034,
					"packets":	509,
					"omitted":	false,
					"sender":	true
				}],
			"sum":	{
				"start":	10.000128,
				"end":	20.000251,
				"seconds":	10.000123023986816,
				"bytes":	737032,
				"bits_per_second":	589618.346280034,
				"packets":	509,
				"omitted":	false,
				"sender":	true
			}
		}, {
			"streams":	[{
					"socket":	6,
					"start":	20.000251,
					"end":	30.00016,
					"seconds":	9.9999094009399414,
					"bytes":	7176288,
					"bits_per_second":	5741082.41366704,
					"packets":	4956,
					"omitted":	false,
					"sender":	true
				}],
			"sum":	{
				"start":	20.000251,
				"end":	30.00016,
				"seconds":	9.9999094009399414,
				"bytes":	7176288,
				"bits_per_second":	5741082.41366704,
				"packets":	4956,
				"omitted":	false,
				"sender":	true
			}
		}],
	"end":	{
		"streams":	[{
				"udp":	{
					"socket":	6,
					"start":	0,
					"end":	30.00016,
					"seconds":	30.00016,
					"bytes":	11374040,
					"bits_per_second":	3033061.1570071625,
					"jitter_ms":	0.29182901646264003,
					"lost_packets":	1722,
					"packets":	7855,
					"lost_percent":	21.922342457033736,
					"out_of_order":	0,
					"sender":	true
				}
			}],
		"sum":	{
			"start":	0,
			"end":	30.004299,
			"seconds":	30.004299,
			"bytes":	11374040,
			"bits_per_second":	3033061.1570071625,
			"jitter_ms":	0.29182901646264003,
			"lost_packets":	1722,
			"packets":	7855,
			"lost_percent":	21.922342457033736,
			"sender":	true
		},
		"cpu_utilization_percent":	{
			"host_total":	5.5895854979056132,
			"host_user":	0.41549456494063441,
			"host_system":	5.1740842676153855,
			"remote_total":	0.98330950064558631,
			"remote_user":	0.10294868253703905,
			"remote_system":	0.88035082373771023
		}
	}
}
