{
	"start":	{
		"connected":	[{
				"socket":	6,
				"local_host":	"10.20.15.3",
				"local_port":	46264,
				"remote_host":	"10.20.15.2",
				"remote_port":	5201
			}],
		"version":	"iperf 3.7",
		"system_info":	"Linux node2 5.8.0-1006-raspi #9-Ubuntu SMP PREEMPT Fri Oct 16 12:55:30 UTC 2020 aarch64",
		"timestamp":	{
			"time":	"Sun, 08 Aug 2021 12:06:07 GMT",
			"timesecs":	1628424367
		},
		"connecting_to":	{
			"host":	"10.20.15.2",
			"port":	5201
		},
		"cookie":	"ob2vr52thdqcp7bjjfil2izzyugpa7aw2xyv",
		"sock_bufsize":	0,
		"sndbuf_actual":	212992,
		"rcvbuf_actual":	212992,
		"test_start":	{
			"protocol":	"UDP",
			"num_streams":	1,
			"blksize":	1448,
			"omit":	0,
			"duration":	30,
			"bytes":	0,
			"blocks":	0,
			"reverse":	0,
			"tos":	0
		}
	},
	"intervals":	[{
			"streams":	[{
					"socket":	6,
					"start":	0,
					"end":	10.00011,
					"seconds":	10.000109672546387,
					"bytes":	7562904,
					"bits_per_second":	6050256.8452925486,
					"packets":	5223,
					"omitted":	false,
					"sender":	true
				}],
			"sum":	{
				"start":	0,
				"end":	10.00011,
				"seconds":	10.000109672546387,
				"bytes":	7562904,
				"bits_per_second":	6050256.8452925486,
				"packets":	5223,
				"omitted":	false,
				"sender":	true
			}
		}, {
			"streams":	[{
					"socket":	6,
					"start":	10.00011,
					"end":	20.000171,
					"seconds":	10.00006103515625,
					"bytes":	2044576,
					"bits_per_second":	1635650.8167796826,
					"packets":	1412,
					"omitted":	false,
					"sender":	true
				}],
			"sum":	{
				"start":	10.00011,
				"end":	20.000171,
				"seconds":	10.00006103515625,
				"bytes":	2044576,
				"bits_per_second":	1635650.8167796826,
				"packets":	1412,
				"omitted":	false,
				"sender":	true
			}
		}, {
			"streams":	[{
					"socket":	6,
					"start":	20.000171,
					"end":	30.000105,
					"seconds":	9.999934196472168,
					"bytes":	8569264,
					"bits_per_second":	6855456.3113210183,
					"packets":	5918,
					"omitted":	false,
					"sender":	true
				}],
			"sum":	{
				"start":	20.000171,
				"end":	30.000105,
				"seconds":	9.999934196472168,
				"bytes":	8569264,
				"bits_per_second":	6855456.3113210183,
				"packets":	5918,
				"omitted":	false,
				"sender":	true
			}
		}],
	"end":	{
		"streams":	[{
				"udp":	{
					"socket":	6,
					"start":	0,
					"end":	30.000105,
					"seconds":	30.000105,
					"bytes":	18176744,
					"bits_per_second":	4847114.768431644,
					"jitter_ms":	0.24318837479806463,
					"lost_packets":	4460,
					"packets":	12553,
					"lost_percent":	35.52935553254202,
					"out_of_order":	0,
					"sender":	true
				}
			}],
		"sum":	{
			"start":	0,
			"end":	30.003539,
			"seconds":	30.003539,
			"bytes":	18176744,
			"bits_per_second":	4847114.768431644,
			"jitter_ms":	0.24318837479806463,
			"lost_packets":	4460,
			"packets":	12553,
			"lost_percent":	35.52935553254202,
			"sender":	true
		},
		"cpu_utilization_percent":	{
			"host_total":	6.400380076471861,
			"host_user":	0.66834312046022681,
			"host_system":	5.7320369560116342,
			"remote_total":	1.2070441414571964,
			"remote_user":	0.072981956938579826,
			"remote_system":	1.1340688477119827
		}
	}
}
