{
	"start":	{
		"connected":	[{
				"socket":	6,
				"local_host":	"10.20.15.3",
				"local_port":	45131,
				"remote_host":	"10.20.15.2",
				"remote_port":	5201
			}],
		"version":	"iperf 3.7",
		"system_info":	"Linux node2 5.8.0-1006-raspi #9-Ubuntu SMP PREEMPT Fri Oct 16 12:55:30 UTC 2020 aarch64",
		"timestamp":	{
			"time":	"Sun, 08 Aug 2021 12:04:37 GMT",
			"timesecs":	1628424277
		},
		"connecting_to":	{
			"host":	"10.20.15.2",
			"port":	5201
		},
		"cookie":	"inlmdvwq277kqkd2l6l7qzts55bcaza2ir4w",
		"sock_bufsize":	0,
		"sndbuf_actual":	212992,
		"rcvbuf_actual":	212992,
		"test_start":	{
			"protocol":	"UDP",
			"num_streams":	1,
			"blksize":	1448,
			"omit":	0,
			"duration":	30,
			"bytes":	0,
			"blocks":	0,
			"reverse":	0,
			"tos":	0
		}
	},
	"intervals":	[{
			"streams":	[{
					"socket":	6,
					"start":	0,
					"end":	10.000089,
					"seconds":	10.000088691711426,
					"bytes":	8234776,
					"bits_per_second":	6587762.3720080759,
					"packets":	5687,
					"omitted":	false,
					"sender":	true
				}],
			"sum":	{
				"start":	0,
				"end":	10.000089,
				"seconds":	10.000088691711426,
				"bytes":	8234776,
				"bits_per_second":	6587762.3720080759,
				"packets":	5687,
				"omitted":	false,
				"sender":	true
			}
		}, {
			"streams":	[{
					"socket":	6,
					"start":	10.000089,
					"end":	20.000103,
					"seconds":	10.000014305114746,
					"bytes":	2166208,
					"bits_per_second":	1732963.920975226,
					"packets":	1496,
					"omitted":	false,
					"sender":	true
				}],
			"sum":	{
				"start":	10.000089,
				"end":	20.000103,
				"seconds":	10.000014305114746,
				"bytes":	2166208,
				"bits_per_second":	1732963.920975226,
				"packets":	1496,
				"omitted":	false,
				"sender":	true
			}
		}, {
			"streams":	[{
					"socket":	6,
					"start":	20.000103,
					"end":	30.000114,
					"seconds":	10.000011444091797,
					"bytes":	4939128,
					"bits_per_second":	3951297.8780984366,
					"packets":	3411,
					"omitted":	false,
					"sender":	true
				}],
			"sum":	{
				"start":	20.000103,
				"end":	30.000114,
				"seconds":	10.000011444091797,
				"bytes":	4939128,
				"bits_per_second":	3951297.8780984366,
				"packets":	3411,
				"omitted":	false,
				"sender":	true
			}
		}],
	"end":	{
		"streams":	[{
				"udp":	{
					"socket":	6,
					"start":	0,
					"end":	30.000114,
					"seconds":	30.000114,
					"bytes":	15340112,
					"bits_per_second":	4090680.9887455762,
					"jitter_ms":	0.33416256554082119,
					"lost_packets":	4435,
					"packets":	10594,
					"lost_percent":	41.863318859731926,
					"out_of_order":	0,
					"sender":	true
				}
			}],
		"sum":	{
			"start":	0,
			"end":	30.003032,
			"seconds":	30.003032,
			"bytes":	15340112,
			"bits_per_second":	4090680.9887455762,
			"jitter_ms":	0.33416256554082119,
			"lost_packets":	4435,
			"packets":	10594,
			"lost_percent":	41.863318859731926,
			"sender":	true
		},
		"cpu_utilization_percent":	{
			"host_total":	6.1471819878669,
			"host_user":	0.62323249690745786,
			"host_system":	5.5239461594658712,
			"remote_total":	0.97895140573307993,
			"remote_user":	0.12486516320896976,
			"remote_system":	0.85408291198709563
		}
	}
}
