{
	"start":	{
		"connected":	[{
				"socket":	6,
				"local_host":	"10.20.15.3",
				"local_port":	44918,
				"remote_host":	"10.20.15.2",
				"remote_port":	5201
			}],
		"version":	"iperf 3.7",
		"system_info":	"Linux node2 5.8.0-1006-raspi #9-Ubuntu SMP PREEMPT Fri Oct 16 12:55:30 UTC 2020 aarch64",
		"timestamp":	{
			"time":	"Sun, 08 Aug 2021 12:55:47 GMT",
			"timesecs":	1628427347
		},
		"connecting_to":	{
			"host":	"10.20.15.2",
			"port":	5201
		},
		"cookie":	"etfmu3453kptilykdq6czz7b7j4dggrjyncx",
		"sock_bufsize":	0,
		"sndbuf_actual":	212992,
		"rcvbuf_actual":	212992,
		"test_start":	{
			"protocol":	"UDP",
			"num_streams":	1,
			"blksize":	1448,
			"omit":	0,
			"duration":	30,
			"bytes":	0,
			"blocks":	0,
			"reverse":	0,
			"tos":	0
		}
	},
	"intervals":	[{
			"streams":	[{
					"socket":	6,
					"start":	0,
					"end":	10.00009,
					"seconds":	10.000089645385742,
					"bytes":	6628944,
					"bits_per_second":	5303107.660086818,
					"packets":	4578,
					"omitted":	false,
					"sender":	true
				}],
			"sum":	{
				"start":	0,
				"end":	10.00009,
				"seconds":	10.000089645385742,
				"bytes":	6628944,
				"bits_per_second":	5303107.660086818,
				"packets":	4578,
				"omitted":	false,
				"sender":	true
			}
		}, {
			"streams":	[{
					"socket":	6,
					"start":	10.00009,
					"end":	20.000088,
					"seconds":	9.9999980926513672,
					"bytes":	826808,
					"bits_per_second":	661446.5261609127,
					"packets":	571,
					"omitted":	false,
					"sender":	true
				}],
			"sum":	{
				"start":	10.00009,
				"end":	20.000088,
				"seconds":	9.9999980926513672,
				"bytes":	826808,
				"bits_per_second":	661446.5261609127,
				"packets":	571,
				"omitted":	false,
				"sender":	true
			}
		}, {
			"streams":	[{
					"socket":	6,
					"start":	20.000088,
					"end":	30.000123,
					"seconds":	10.000035285949707,
					"bytes":	3772040,
					"bits_per_second":	3017621.3520364738,
					"packets":	2605,
					"omitted":	false,
					"sender":	true
				}],
			"sum":	{
				"start":	20.000088,
				"end":	30.000123,
				"seconds":	10.000035285949707,
				"bytes":	3772040,
				"bits_per_second":	3017621.3520364738,
				"packets":	2605,
				"omitted":	false,
				"sender":	true
			}
		}],
	"end":	{
		"streams":	[{
				"udp":	{
					"socket":	6,
					"start":	0,
					"end":	30.000123,
					"seconds":	30.000123,
					"bytes":	11227792,
					"bits_per_second":	2994065.5909977439,
					"jitter_ms":	0.82257584779192272,
					"lost_packets":	1800,
					"packets":	7754,
					"lost_percent":	23.213825122517409,
					"out_of_order":	0,
					"sender":	true
				}
			}],
		"sum":	{
			"start":	0,
			"end":	30.007234,
			"seconds":	30.007234,
			"bytes":	11227792,
			"bits_per_second":	2994065.5909977439,
			"jitter_ms":	0.82257584779192272,
			"lost_packets":	1800,
			"packets":	7754,
			"lost_percent":	23.213825122517409,
			"sender":	true
		},
		"cpu_utilization_percent":	{
			"host_total":	5.4349301508493442,
			"host_user":	0.7067914681393952,
			"host_system":	4.7281020235742908,
			"remote_total":	0.94043504956173118,
			"remote_user":	0.0355663649649353,
			"remote_system":	0.90486202235740931
		}
	}
}
