{
	"start":	{
		"connected":	[{
				"socket":	6,
				"local_host":	"10.20.15.3",
				"local_port":	55707,
				"remote_host":	"10.20.15.2",
				"remote_port":	5201
			}],
		"version":	"iperf 3.7",
		"system_info":	"Linux node2 5.8.0-1006-raspi #9-Ubuntu SMP PREEMPT Fri Oct 16 12:55:30 UTC 2020 aarch64",
		"timestamp":	{
			"time":	"Sun, 08 Aug 2021 11:11:55 GMT",
			"timesecs":	1628421115
		},
		"connecting_to":	{
			"host":	"10.20.15.2",
			"port":	5201
		},
		"cookie":	"tkrtt34xejg5mnzsttsgddxtsbaik5o2xole",
		"sock_bufsize":	0,
		"sndbuf_actual":	212992,
		"rcvbuf_actual":	212992,
		"test_start":	{
			"protocol":	"UDP",
			"num_streams":	1,
			"blksize":	1448,
			"omit":	0,
			"duration":	30,
			"bytes":	0,
			"blocks":	0,
			"reverse":	0,
			"tos":	0
		}
	},
	"intervals":	[{
			"streams":	[{
					"socket":	6,
					"start":	0,
					"end":	10.000087,
					"seconds":	10.000086784362793,
					"bytes":	2991568,
					"bits_per_second":	2393233.6304744366,
					"packets":	2066,
					"omitted":	false,
					"sender":	true
				}],
			"sum":	{
				"start":	0,
				"end":	10.000087,
				"seconds":	10.000086784362793,
				"bytes":	2991568,
				"bits_per_second":	2393233.6304744366,
				"packets":	2066,
				"omitted":	false,
				"sender":	true
			}
		}, {
			"streams":	[{
					"socket":	6,
					"start":	10.000087,
					"end":	20.0001,
					"seconds":	10.00001335144043,
					"bytes":	1010704,
					"bits_per_second":	808562.12045310147,
					"packets":	698,
					"omitted":	false,
					"sender":	true
				}],
			"sum":	{
				"start":	10.000087,
				"end":	20.0001,
				"seconds":	10.00001335144043,
				"bytes":	1010704,
				"bits_per_second":	808562.12045310147,
				"packets":	698,
				"omitted":	false,
				"sender":	true
			}
		}, {
			"streams":	[{
					"socket":	6,
					"start":	20.0001,
					"end":	30.000112,
					"seconds":	10.000012397766113,
					"bytes":	8987736,
					"bits_per_second":	7190179.8857831461,
					"packets":	6207,
					"omitted":	false,
					"sender":	true
				}],
			"sum":	{
				"start":	20.0001,
				"end":	30.000112,
				"seconds":	10.000012397766113,
				"bytes":	8987736,
				"bits_per_second":	7190179.8857831461,
				"packets":	6207,
				"omitted":	false,
				"sender":	true
			}
		}],
	"end":	{
		"streams":	[{
				"udp":	{
					"socket":	6,
					"start":	0,
					"end":	30.000112,
					"seconds":	30.000112,
					"bytes":	12990008,
					"bits_per_second":	3463989.2011069823,
					"jitter_ms":	0.60924975798852088,
					"lost_packets":	2309,
					"packets":	8971,
					"lost_percent":	25.738490692230521,
					"out_of_order":	0,
					"sender":	true
				}
			}],
		"sum":	{
			"start":	0,
			"end":	30.003893,
			"seconds":	30.003893,
			"bytes":	12990008,
			"bits_per_second":	3463989.2011069823,
			"jitter_ms":	0.60924975798852088,
			"lost_packets":	2309,
			"packets":	8971,
			"lost_percent":	25.738490692230521,
			"sender":	true
		},
		"cpu_utilization_percent":	{
			"host_total":	5.8760028623501768,
			"host_user":	0.7116216856085853,
			"host_system":	5.1642745318020546,
			"remote_total":	1.0148165440660137,
			"remote_user":	0.0079881633939847471,
			"remote_system":	1.0068250494946338
		}
	}
}
