{
	"start":	{
		"connected":	[{
				"socket":	6,
				"local_host":	"10.20.15.3",
				"local_port":	38519,
				"remote_host":	"10.20.15.2",
				"remote_port":	5201
			}],
		"version":	"iperf 3.7",
		"system_info":	"Linux node2 5.8.0-1006-raspi #9-Ubuntu SMP PREEMPT Fri Oct 16 12:55:30 UTC 2020 aarch64",
		"timestamp":	{
			"time":	"Sun, 08 Aug 2021 13:12:02 GMT",
			"timesecs":	1628428322
		},
		"connecting_to":	{
			"host":	"10.20.15.2",
			"port":	5201
		},
		"cookie":	"t3voxweje76ezpzkvgogu2hrqauai45qy7bt",
		"sock_bufsize":	0,
		"sndbuf_actual":	212992,
		"rcvbuf_actual":	212992,
		"test_start":	{
			"protocol":	"UDP",
			"num_streams":	1,
			"blksize":	1448,
			"omit":	0,
			"duration":	30,
			"bytes":	0,
			"blocks":	0,
			"reverse":	0,
			"tos":	0
		}
	},
	"intervals":	[{
			"streams":	[{
					"socket":	6,
					"start":	0,
					"end":	10.000949,
					"seconds":	10.000948905944824,
					"bytes":	19668184,
					"bits_per_second":	15733054.28112624,
					"packets":	13583,
					"omitted":	false,
					"sender":	true
				}],
			"sum":	{
				"start":	0,
				"end":	10.000949,
				"seconds":	10.000948905944824,
				"bytes":	19668184,
				"bits_per_second":	15733054.28112624,
				"packets":	13583,
				"omitted":	false,
				"sender":	true
			}
		}, {
			"streams":	[{
					"socket":	6,
					"start":	10.000949,
					"end":	20.000116,
					"seconds":	9.9991674423217773,
					"bytes":	12749640,
					"bits_per_second":	10200561.255559549,
					"packets":	8805,
					"omitted":	false,
					"sender":	true
				}],
			"sum":	{
				"start":	10.000949,
				"end":	20.000116,
				"seconds":	9.9991674423217773,
				"bytes":	12749640,
				"bits_per_second":	10200561.255559549,
				"packets":	8805,
				"omitted":	false,
				"sender":	true
			}
		}, {
			"streams":	[{
					"socket":	6,
					"start":	20.000116,
					"end":	30.000089,
					"seconds":	9.99997329711914,
					"bytes":	11705632,
					"bits_per_second":	9364530.6059945077,
					"packets":	8084,
					"omitted":	false,
					"sender":	true
				}],
			"sum":	{
				"start":	20.000116,
				"end":	30.000089,
				"seconds":	9.99997329711914,
				"bytes":	11705632,
				"bits_per_second":	9364530.6059945077,
				"packets":	8084,
				"omitted":	false,
				"sender":	true
			}
		}],
	"end":	{
		"streams":	[{
				"udp":	{
					"socket":	6,
					"start":	0,
					"end":	30.000089,
					"seconds":	30.000089,
					"bytes":	44123456,
					"bits_per_second":	11766220.026880587,
					"jitter_ms":	0.48894669645173927,
					"lost_packets":	10942,
					"packets":	30472,
					"lost_percent":	35.90837490154896,
					"out_of_order":	0,
					"sender":	true
				}
			}],
		"sum":	{
			"start":	0,
			"end":	30.005136,
			"seconds":	30.005136,
			"bytes":	44123456,
			"bits_per_second":	11766220.026880587,
			"jitter_ms":	0.48894669645173927,
			"lost_packets":	10942,
			"packets":	30472,
			"lost_percent":	35.90837490154896,
			"sender":	true
		},
		"cpu_utilization_percent":	{
			"host_total":	9.5569430265355564,
			"host_user":	0.85353755619559013,
			"host_system":	8.7034088023494931,
			"remote_total":	3.2989209072468015,
			"remote_user":	0.30116826907238875,
			"remote_system":	2.9977559691291114
		}
	}
}
