{
	"start":	{
		"connected":	[{
				"socket":	6,
				"local_host":	"10.20.15.3",
				"local_port":	42181,
				"remote_host":	"10.20.15.2",
				"remote_port":	5201
			}],
		"version":	"iperf 3.7",
		"system_info":	"Linux node2 5.8.0-1006-raspi #9-Ubuntu SMP PREEMPT Fri Oct 16 12:55:30 UTC 2020 aarch64",
		"timestamp":	{
			"time":	"Sun, 08 Aug 2021 12:22:08 GMT",
			"timesecs":	1628425328
		},
		"connecting_to":	{
			"host":	"10.20.15.2",
			"port":	5201
		},
		"cookie":	"zq4fm7cvjil4uebvrohbnxu52ptymwa55zow",
		"sock_bufsize":	0,
		"sndbuf_actual":	212992,
		"rcvbuf_actual":	212992,
		"test_start":	{
			"protocol":	"UDP",
			"num_streams":	1,
			"blksize":	1448,
			"omit":	0,
			"duration":	30,
			"bytes":	0,
			"blocks":	0,
			"reverse":	0,
			"tos":	0
		}
	},
	"intervals":	[{
			"streams":	[{
					"socket":	6,
					"start":	0,
					"end":	10.000109,
					"seconds":	10.00010871887207,
					"bytes":	6094632,
					"bits_per_second":	4875652.5924549541,
					"packets":	4209,
					"omitted":	false,
					"sender":	true
				}],
			"sum":	{
				"start":	0,
				"end":	10.000109,
				"seconds":	10.00010871887207,
				"bytes":	6094632,
				"bits_per_second":	4875652.5924549541,
				"packets":	4209,
				"omitted":	false,
				"sender":	true
			}
		}, {
			"streams":	[{
					"socket":	6,
					"start":	10.000109,
					"end":	20.000089,
					"seconds":	9.9999799728393555,
					"bytes":	767440,
					"bits_per_second":	613953.22957399569,
					"packets":	530,
					"omitted":	false,
					"sender":	true
				}],
			"sum":	{
				"start":	10.000109,
				"end":	20.000089,
				"seconds":	9.9999799728393555,
				"bytes":	767440,
				"bits_per_second":	613953.22957399569,
				"packets":	530,
				"omitted":	false,
				"sender":	true
			}
		}, {
			"streams":	[{
					"socket":	6,
					"start":	20.000089,
					"end":	30.000103,
					"seconds":	10.000014305114746,
					"bytes":	3912496,
					"bits_per_second":	3129992.3225100674,
					"packets":	2702,
					"omitted":	false,
					"sender":	true
				}],
			"sum":	{
				"start":	20.000089,
				"end":	30.000103,
				"seconds":	10.000014305114746,
				"bytes":	3912496,
				"bits_per_second":	3129992.3225100674,
				"packets":	2702,
				"omitted":	false,
				"sender":	true
			}
		}],
	"end":	{
		"streams":	[{
				"udp":	{
					"socket":	6,
					"start":	0,
					"end":	30.000103,
					"seconds":	30.000103,
					"bytes":	10774568,
					"bits_per_second":	2873208.2686516112,
					"jitter_ms":	0.29347701599527432,
					"lost_packets":	1701,
					"packets":	7441,
					"lost_percent":	22.859830667920978,
					"out_of_order":	0,
					"sender":	true
				}
			}],
		"sum":	{
			"start":	0,
			"end":	30.003311,
			"seconds":	30.003311,
			"bytes":	10774568,
			"bits_per_second":	2873208.2686516112,
			"jitter_ms":	0.29347701599527432,
			"lost_packets":	1701,
			"packets":	7441,
			"lost_percent":	22.859830667920978,
			"sender":	true
		},
		"cpu_utilization_percent":	{
			"host_total":	5.53226550027623,
			"host_user":	0.63388355241922023,
			"host_system":	4.8983752828703642,
			"remote_total":	0.86648217583960763,
			"remote_user":	0.10185481970570966,
			"remote_system":	0.76461736252913881
		}
	}
}
