{
	"start":	{
		"connected":	[{
				"socket":	6,
				"local_host":	"10.20.15.3",
				"local_port":	45835,
				"remote_host":	"10.20.15.2",
				"remote_port":	5201
			}],
		"version":	"iperf 3.7",
		"system_info":	"Linux node2 5.8.0-1006-raspi #9-Ubuntu SMP PREEMPT Fri Oct 16 12:55:30 UTC 2020 aarch64",
		"timestamp":	{
			"time":	"Sun, 08 Aug 2021 10:23:33 GMT",
			"timesecs":	1628418213
		},
		"connecting_to":	{
			"host":	"10.20.15.2",
			"port":	5201
		},
		"cookie":	"v5iftdde5orel4hclsnqpfzshciszlrnnl5c",
		"sock_bufsize":	0,
		"sndbuf_actual":	212992,
		"rcvbuf_actual":	212992,
		"test_start":	{
			"protocol":	"UDP",
			"num_streams":	1,
			"blksize":	1448,
			"omit":	0,
			"duration":	30,
			"bytes":	0,
			"blocks":	0,
			"reverse":	0,
			"tos":	0
		}
	},
	"intervals":	[{
			"streams":	[{
					"socket":	6,
					"start":	0,
					"end":	10.000025,
					"seconds":	10.000024795532227,
					"bytes":	45585936,
					"bits_per_second":	36468658.374020606,
					"packets":	31482,
					"omitted":	false,
					"sender":	true
				}],
			"sum":	{
				"start":	0,
				"end":	10.000025,
				"seconds":	10.000024795532227,
				"bytes":	45585936,
				"bits_per_second":	36468658.374020606,
				"packets":	31482,
				"omitted":	false,
				"sender":	true
			}
		}, {
			"streams":	[{
					"socket":	6,
					"start":	10.000025,
					"end":	20.000103,
					"seconds":	10.000078201293945,
					"bytes":	45748112,
					"bits_per_second":	36598203.397313826,
					"packets":	31594,
					"omitted":	false,
					"sender":	true
				}],
			"sum":	{
				"start":	10.000025,
				"end":	20.000103,
				"seconds":	10.000078201293945,
				"bytes":	45748112,
				"bits_per_second":	36598203.397313826,
				"packets":	31594,
				"omitted":	false,
				"sender":	true
			}
		}, {
			"streams":	[{
					"socket":	6,
					"start":	20.000103,
					"end":	30.000074,
					"seconds":	9.9999713897705078,
					"bytes":	45077688,
					"bits_per_second":	36062253.574935079,
					"packets":	31131,
					"omitted":	false,
					"sender":	true
				}],
			"sum":	{
				"start":	20.000103,
				"end":	30.000074,
				"seconds":	9.9999713897705078,
				"bytes":	45077688,
				"bits_per_second":	36062253.574935079,
				"packets":	31131,
				"omitted":	false,
				"sender":	true
			}
		}],
	"end":	{
		"streams":	[{
				"udp":	{
					"socket":	6,
					"start":	0,
					"end":	30.000074,
					"seconds":	30.000074,
					"bytes":	136411736,
					"bits_per_second":	36376373.204946093,
					"jitter_ms":	0.3245254817276178,
					"lost_packets":	4325,
					"packets":	94207,
					"lost_percent":	4.5909539630813,
					"out_of_order":	0,
					"sender":	true
				}
			}],
		"sum":	{
			"start":	0,
			"end":	30.002703,
			"seconds":	30.002703,
			"bytes":	136411736,
			"bits_per_second":	36376373.204946093,
			"jitter_ms":	0.3245254817276178,
			"lost_packets":	4325,
			"packets":	94207,
			"lost_percent":	4.5909539630813,
			"sender":	true
		},
		"cpu_utilization_percent":	{
			"host_total":	21.420429103122139,
			"host_user":	1.6244639143772062,
			"host_system":	19.795961856019044,
			"remote_total":	13.68446857789823,
			"remote_user":	1.1255764275006805,
			"remote_system":	12.558888818663336
		}
	}
}
