{
	"start":	{
		"connected":	[{
				"socket":	6,
				"local_host":	"10.20.15.3",
				"local_port":	49888,
				"remote_host":	"10.20.15.2",
				"remote_port":	5201
			}],
		"version":	"iperf 3.7",
		"system_info":	"Linux node2 5.8.0-1006-raspi #9-Ubuntu SMP PREEMPT Fri Oct 16 12:55:30 UTC 2020 aarch64",
		"timestamp":	{
			"time":	"Sun, 08 Aug 2021 12:14:37 GMT",
			"timesecs":	1628424877
		},
		"connecting_to":	{
			"host":	"10.20.15.2",
			"port":	5201
		},
		"cookie":	"r4gxrnzrcqpfhotvu3q3spzeafnslnifdahu",
		"sock_bufsize":	0,
		"sndbuf_actual":	212992,
		"rcvbuf_actual":	212992,
		"test_start":	{
			"protocol":	"UDP",
			"num_streams":	1,
			"blksize":	1448,
			"omit":	0,
			"duration":	30,
			"bytes":	0,
			"blocks":	0,
			"reverse":	0,
			"tos":	0
		}
	},
	"intervals":	[{
			"streams":	[{
					"socket":	6,
					"start":	0,
					"end":	10.000097,
					"seconds":	10.000097274780273,
					"bytes":	7557112,
					"bits_per_second":	6045630.7912593167,
					"packets":	5219,
					"omitted":	false,
					"sender":	true
				}],
			"sum":	{
				"start":	0,
				"end":	10.000097,
				"seconds":	10.000097274780273,
				"bytes":	7557112,
				"bits_per_second":	6045630.7912593167,
				"packets":	5219,
				"omitted":	false,
				"sender":	true
			}
		}, {
			"streams":	[{
					"socket":	6,
					"start":	10.000097,
					"end":	20.000896,
					"seconds":	10.000799179077148,
					"bytes":	828256,
					"bits_per_second":	662551.850242376,
					"packets":	572,
					"omitted":	false,
					"sender":	true
				}],
			"sum":	{
				"start":	10.000097,
				"end":	20.000896,
				"seconds":	10.000799179077148,
				"bytes":	828256,
				"bits_per_second":	662551.850242376,
				"packets":	572,
				"omitted":	false,
				"sender":	true
			}
		}, {
			"streams":	[{
					"socket":	6,
					"start":	20.000896,
					"end":	30.000122,
					"seconds":	9.9992256164550781,
					"bytes":	3087136,
					"bits_per_second":	2469900.0649967934,
					"packets":	2132,
					"omitted":	false,
					"sender":	true
				}],
			"sum":	{
				"start":	20.000896,
				"end":	30.000122,
				"seconds":	9.9992256164550781,
				"bytes":	3087136,
				"bits_per_second":	2469900.0649967934,
				"packets":	2132,
				"omitted":	false,
				"sender":	true
			}
		}],
	"end":	{
		"streams":	[{
				"udp":	{
					"socket":	6,
					"start":	0,
					"end":	30.000122,
					"seconds":	30.000122,
					"bytes":	11472504,
					"bits_per_second":	3059321.9587573675,
					"jitter_ms":	0.39593369972184544,
					"lost_packets":	1791,
					"packets":	7923,
					"lost_percent":	22.605073835668307,
					"out_of_order":	0,
					"sender":	true
				}
			}],
		"sum":	{
			"start":	0,
			"end":	30.003456,
			"seconds":	30.003456,
			"bytes":	11472504,
			"bits_per_second":	3059321.9587573675,
			"jitter_ms":	0.39593369972184544,
			"lost_packets":	1791,
			"packets":	7923,
			"lost_percent":	22.605073835668307,
			"sender":	true
		},
		"cpu_utilization_percent":	{
			"host_total":	5.7197404370469256,
			"host_user":	0.59259193593329762,
			"host_system":	5.1271551664523374,
			"remote_total":	0.96666535516528929,
			"remote_user":	0.075351917407795427,
			"remote_system":	0.89132010076195112
		}
	}
}
