{
	"start":	{
		"connected":	[{
				"socket":	6,
				"local_host":	"10.20.15.3",
				"local_port":	54314,
				"remote_host":	"10.20.15.2",
				"remote_port":	5201
			}],
		"version":	"iperf 3.7",
		"system_info":	"Linux node2 5.8.0-1006-raspi #9-Ubuntu SMP PREEMPT Fri Oct 16 12:55:30 UTC 2020 aarch64",
		"timestamp":	{
			"time":	"Sun, 08 Aug 2021 12:18:37 GMT",
			"timesecs":	1628425117
		},
		"connecting_to":	{
			"host":	"10.20.15.2",
			"port":	5201
		},
		"cookie":	"254n5s6peclueshfmp3snozeioywqigd5egi",
		"sock_bufsize":	0,
		"sndbuf_actual":	212992,
		"rcvbuf_actual":	212992,
		"test_start":	{
			"protocol":	"UDP",
			"num_streams":	1,
			"blksize":	1448,
			"omit":	0,
			"duration":	30,
			"bytes":	0,
			"blocks":	0,
			"reverse":	0,
			"tos":	0
		}
	},
	"intervals":	[{
			"streams":	[{
					"socket":	6,
					"start":	0,
					"end":	10.000084,
					"seconds":	10.000083923339844,
					"bytes":	8758952,
					"bits_per_second":	7007102.79405309,
					"packets":	6049,
					"omitted":	false,
					"sender":	true
				}],
			"sum":	{
				"start":	0,
				"end":	10.000084,
				"seconds":	10.000083923339844,
				"bytes":	8758952,
				"bits_per_second":	7007102.79405309,
				"packets":	6049,
				"omitted":	false,
				"sender":	true
			}
		}, {
			"streams":	[{
					"socket":	6,
					"start":	10.000084,
					"end":	20.000083,
					"seconds":	9.9999990463256836,
					"bytes":	896312,
					"bits_per_second":	717049.66838318529,
					"packets":	619,
					"omitted":	false,
					"sender":	true
				}],
			"sum":	{
				"start":	10.000084,
				"end":	20.000083,
				"seconds":	9.9999990463256836,
				"bytes":	896312,
				"bits_per_second":	717049.66838318529,
				"packets":	619,
				"omitted":	false,
				"sender":	true
			}
		}, {
			"streams":	[{
					"socket":	6,
					"start":	20.000083,
					"end":	30.000036,
					"seconds":	9.9999532699584961,
					"bytes":	2526760,
					"bits_per_second":	2021417.4460921152,
					"packets":	1745,
					"omitted":	false,
					"sender":	true
				}],
			"sum":	{
				"start":	20.000083,
				"end":	30.000036,
				"seconds":	9.9999532699584961,
				"bytes":	2526760,
				"bits_per_second":	2021417.4460921152,
				"packets":	1745,
				"omitted":	false,
				"sender":	true
			}
		}],
	"end":	{
		"streams":	[{
				"udp":	{
					"socket":	6,
					"start":	0,
					"end":	30.000036,
					"seconds":	30.000036,
					"bytes":	12182024,
					"bits_per_second":	3248535.8350903313,
					"jitter_ms":	0.33500432161192822,
					"lost_packets":	1918,
					"packets":	8413,
					"lost_percent":	22.7980506359206,
					"out_of_order":	0,
					"sender":	true
				}
			}],
		"sum":	{
			"start":	0,
			"end":	30.003562,
			"seconds":	30.003562,
			"bytes":	12182024,
			"bits_per_second":	3248535.8350903313,
			"jitter_ms":	0.33500432161192822,
			"lost_packets":	1918,
			"packets":	8413,
			"lost_percent":	22.7980506359206,
			"sender":	true
		},
		"cpu_utilization_percent":	{
			"host_total":	5.73502147635901,
			"host_user":	0.4079160222059397,
			"host_system":	5.3270987891853032,
			"remote_total":	1.0030729715482969,
			"remote_user":	0.10457657164999198,
			"remote_system":	0.898499731104996
		}
	}
}
