{
	"start":	{
		"connected":	[{
				"socket":	6,
				"local_host":	"10.20.15.3",
				"local_port":	37456,
				"remote_host":	"10.20.15.2",
				"remote_port":	5201
			}],
		"version":	"iperf 3.7",
		"system_info":	"Linux node2 5.8.0-1006-raspi #9-Ubuntu SMP PREEMPT Fri Oct 16 12:55:30 UTC 2020 aarch64",
		"timestamp":	{
			"time":	"Sun, 08 Aug 2021 11:12:25 GMT",
			"timesecs":	1628421145
		},
		"connecting_to":	{
			"host":	"10.20.15.2",
			"port":	5201
		},
		"cookie":	"ssnbsjusl3ay6qob5oru2uctxjqy73e3nuaf",
		"sock_bufsize":	0,
		"sndbuf_actual":	212992,
		"rcvbuf_actual":	212992,
		"test_start":	{
			"protocol":	"UDP",
			"num_streams":	1,
			"blksize":	1448,
			"omit":	0,
			"duration":	30,
			"bytes":	0,
			"blocks":	0,
			"reverse":	0,
			"tos":	0
		}
	},
	"intervals":	[{
			"streams":	[{
					"socket":	6,
					"start":	0,
					"end":	10.000085,
					"seconds":	10.00008487701416,
					"bytes":	2422504,
					"bits_per_second":	1937986.7509471097,
					"packets":	1673,
					"omitted":	false,
					"sender":	true
				}],
			"sum":	{
				"start":	0,
				"end":	10.000085,
				"seconds":	10.00008487701416,
				"bytes":	2422504,
				"bits_per_second":	1937986.7509471097,
				"packets":	1673,
				"omitted":	false,
				"sender":	true
			}
		}, {
			"streams":	[{
					"socket":	6,
					"start":	10.000085,
					"end":	20.000096,
					"seconds":	10.000011444091797,
					"bytes":	1078760,
					"bits_per_second":	863007.012366853,
					"packets":	745,
					"omitted":	false,
					"sender":	true
				}],
			"sum":	{
				"start":	10.000085,
				"end":	20.000096,
				"seconds":	10.000011444091797,
				"bytes":	1078760,
				"bits_per_second":	863007.012366853,
				"packets":	745,
				"omitted":	false,
				"sender":	true
			}
		}, {
			"streams":	[{
					"socket":	6,
					"start":	20.000096,
					"end":	30.000106,
					"seconds":	10.000009536743164,
					"bytes":	2819256,
					"bits_per_second":	2255402.6490804204,
					"packets":	1947,
					"omitted":	false,
					"sender":	true
				}],
			"sum":	{
				"start":	20.000096,
				"end":	30.000106,
				"seconds":	10.000009536743164,
				"bytes":	2819256,
				"bits_per_second":	2255402.6490804204,
				"packets":	1947,
				"omitted":	false,
				"sender":	true
			}
		}],
	"end":	{
		"streams":	[{
				"udp":	{
					"socket":	6,
					"start":	0,
					"end":	30.000106,
					"seconds":	30.000106,
					"bytes":	6320520,
					"bits_per_second":	1685466.0446866422,
					"jitter_ms":	2.8993842575866635,
					"lost_packets":	2302,
					"packets":	4365,
					"lost_percent":	52.737686139747993,
					"out_of_order":	0,
					"sender":	true
				}
			}],
		"sum":	{
			"start":	0,
			"end":	30.025315,
			"seconds":	30.025315,
			"bytes":	6320520,
			"bits_per_second":	1685466.0446866422,
			"jitter_ms":	2.8993842575866635,
			"lost_packets":	2302,
			"packets":	4365,
			"lost_percent":	52.737686139747993,
			"sender":	true
		},
		"cpu_utilization_percent":	{
			"host_total":	5.0723959219076447,
			"host_user":	0.53877948841521317,
			"host_system":	4.5336131015434118,
			"remote_total":	0.40442456018512896,
			"remote_user":	0.056547281565156864,
			"remote_system":	0.3478806068884574
		}
	}
}
