{
	"start":	{
		"connected":	[{
				"socket":	6,
				"local_host":	"10.20.15.3",
				"local_port":	55201,
				"remote_host":	"10.20.15.2",
				"remote_port":	5201
			}],
		"version":	"iperf 3.7",
		"system_info":	"Linux node2 5.8.0-1006-raspi #9-Ubuntu SMP PREEMPT Fri Oct 16 12:55:30 UTC 2020 aarch64",
		"timestamp":	{
			"time":	"Sun, 08 Aug 2021 11:21:53 GMT",
			"timesecs":	1628421713
		},
		"connecting_to":	{
			"host":	"10.20.15.2",
			"port":	5201
		},
		"cookie":	"lz2oy5ih7wx6opvipzmbm4zyona2hjrp2fjq",
		"sock_bufsize":	0,
		"sndbuf_actual":	212992,
		"rcvbuf_actual":	212992,
		"test_start":	{
			"protocol":	"UDP",
			"num_streams":	1,
			"blksize":	1448,
			"omit":	0,
			"duration":	30,
			"bytes":	0,
			"blocks":	0,
			"reverse":	0,
			"tos":	0
		}
	},
	"intervals":	[{
			"streams":	[{
					"socket":	6,
					"start":	0,
					"end":	10.000102,
					"seconds":	10.000102043151855,
					"bytes":	5275064,
					"bits_per_second":	4220008.1377068777,
					"packets":	3643,
					"omitted":	false,
					"sender":	true
				}],
			"sum":	{
				"start":	0,
				"end":	10.000102,
				"seconds":	10.000102043151855,
				"bytes":	5275064,
				"bits_per_second":	4220008.1377068777,
				"packets":	3643,
				"omitted":	false,
				"sender":	true
			}
		}, {
			"streams":	[{
					"socket":	6,
					"start":	10.000102,
					"end":	20.00009,
					"seconds":	9.9999876022338867,
					"bytes":	919480,
					"bits_per_second":	735584.91196096945,
					"packets":	635,
					"omitted":	false,
					"sender":	true
				}],
			"sum":	{
				"start":	10.000102,
				"end":	20.00009,
				"seconds":	9.9999876022338867,
				"bytes":	919480,
				"bits_per_second":	735584.91196096945,
				"packets":	635,
				"omitted":	false,
				"sender":	true
			}
		}, {
			"streams":	[{
					"socket":	6,
					"start":	20.00009,
					"end":	30.000068,
					"seconds":	9.9999780654907227,
					"bytes":	3657648,
					"bits_per_second":	2926124.8183111972,
					"packets":	2526,
					"omitted":	false,
					"sender":	true
				}],
			"sum":	{
				"start":	20.00009,
				"end":	30.000068,
				"seconds":	9.9999780654907227,
				"bytes":	3657648,
				"bits_per_second":	2926124.8183111972,
				"packets":	2526,
				"omitted":	false,
				"sender":	true
			}
		}],
	"end":	{
		"streams":	[{
				"udp":	{
					"socket":	6,
					"start":	0,
					"end":	30.000068,
					"seconds":	30.000068,
					"bytes":	9852192,
					"bits_per_second":	2627245.2449107785,
					"jitter_ms":	0.28994662474986044,
					"lost_packets":	1858,
					"packets":	6804,
					"lost_percent":	27.307466196355087,
					"out_of_order":	0,
					"sender":	true
				}
			}],
		"sum":	{
			"start":	0,
			"end":	30.003261,
			"seconds":	30.003261,
			"bytes":	9852192,
			"bits_per_second":	2627245.2449107785,
			"jitter_ms":	0.28994662474986044,
			"lost_packets":	1858,
			"packets":	6804,
			"lost_percent":	27.307466196355087,
			"sender":	true
		},
		"cpu_utilization_percent":	{
			"host_total":	5.5163252553053885,
			"host_user":	0.64945049290882051,
			"host_system":	4.8668614326107349,
			"remote_total":	0.83502283301991609,
			"remote_user":	0.093803665174777229,
			"remote_system":	0.74121916784513886
		}
	}
}
