{
	"start":	{
		"connected":	[{
				"socket":	6,
				"local_host":	"10.20.15.3",
				"local_port":	35246,
				"remote_host":	"10.20.15.2",
				"remote_port":	5201
			}],
		"version":	"iperf 3.7",
		"system_info":	"Linux node2 5.8.0-1006-raspi #9-Ubuntu SMP PREEMPT Fri Oct 16 12:55:30 UTC 2020 aarch64",
		"timestamp":	{
			"time":	"Sun, 08 Aug 2021 13:30:57 GMT",
			"timesecs":	1628429457
		},
		"connecting_to":	{
			"host":	"10.20.15.2",
			"port":	5201
		},
		"cookie":	"hmhii2o3jlxne54ls57ditb54unnnsgaqroj",
		"sock_bufsize":	0,
		"sndbuf_actual":	212992,
		"rcvbuf_actual":	212992,
		"test_start":	{
			"protocol":	"UDP",
			"num_streams":	1,
			"blksize":	1448,
			"omit":	0,
			"duration":	30,
			"bytes":	0,
			"blocks":	0,
			"reverse":	0,
			"tos":	0
		}
	},
	"intervals":	[{
			"streams":	[{
					"socket":	6,
					"start":	0,
					"end":	10.000109,
					"seconds":	10.00010871887207,
					"bytes":	14946256,
					"bits_per_second":	11956874.806205759,
					"packets":	10322,
					"omitted":	false,
					"sender":	true
				}],
			"sum":	{
				"start":	0,
				"end":	10.000109,
				"seconds":	10.00010871887207,
				"bytes":	14946256,
				"bits_per_second":	11956874.806205759,
				"packets":	10322,
				"omitted":	false,
				"sender":	true
			}
		}, {
			"streams":	[{
					"socket":	6,
					"start":	10.000109,
					"end":	20.00009,
					"seconds":	9.9999809265136719,
					"bytes":	4905824,
					"bits_per_second":	3924666.6857076371,
					"packets":	3388,
					"omitted":	false,
					"sender":	true
				}],
			"sum":	{
				"start":	10.000109,
				"end":	20.00009,
				"seconds":	9.9999809265136719,
				"bytes":	4905824,
				"bits_per_second":	3924666.6857076371,
				"packets":	3388,
				"omitted":	false,
				"sender":	true
			}
		}, {
			"streams":	[{
					"socket":	6,
					"start":	20.00009,
					"end":	30.000128,
					"seconds":	10.000038146972656,
					"bytes":	4093496,
					"bits_per_second":	3274784.307689256,
					"packets":	2827,
					"omitted":	false,
					"sender":	true
				}],
			"sum":	{
				"start":	20.00009,
				"end":	30.000128,
				"seconds":	10.000038146972656,
				"bytes":	4093496,
				"bits_per_second":	3274784.307689256,
				"packets":	2827,
				"omitted":	false,
				"sender":	true
			}
		}],
	"end":	{
		"streams":	[{
				"udp":	{
					"socket":	6,
					"start":	0,
					"end":	30.000128,
					"seconds":	30.000128,
					"bytes":	23945576,
					"bits_per_second":	6385459.6887053279,
					"jitter_ms":	6.6616020099901405,
					"lost_packets":	4952,
					"packets":	16537,
					"lost_percent":	29.944971881236015,
					"out_of_order":	0,
					"sender":	true
				}
			}],
		"sum":	{
			"start":	0,
			"end":	30.05097,
			"seconds":	30.05097,
			"bytes":	23945576,
			"bits_per_second":	6385459.6887053279,
			"jitter_ms":	6.6616020099901405,
			"lost_packets":	4952,
			"packets":	16537,
			"lost_percent":	29.944971881236015,
			"sender":	true
		},
		"cpu_utilization_percent":	{
			"host_total":	7.0769337887665786,
			"host_user":	0.98027602705374384,
			"host_system":	6.0966677464617955,
			"remote_total":	1.9596988588327726,
			"remote_user":	0.16800720443582851,
			"remote_system":	1.7916850131397273
		}
	}
}
