{
	"start":	{
		"connected":	[{
				"socket":	6,
				"local_host":	"10.20.15.3",
				"local_port":	35542,
				"remote_host":	"10.20.15.2",
				"remote_port":	5201
			}],
		"version":	"iperf 3.7",
		"system_info":	"Linux node2 5.8.0-1006-raspi #9-Ubuntu SMP PREEMPT Fri Oct 16 12:55:30 UTC 2020 aarch64",
		"timestamp":	{
			"time":	"Sun, 08 Aug 2021 10:39:35 GMT",
			"timesecs":	1628419175
		},
		"connecting_to":	{
			"host":	"10.20.15.2",
			"port":	5201
		},
		"cookie":	"mol74t7we7qdlkkx72rbjidzt76onotqn7zb",
		"sock_bufsize":	0,
		"sndbuf_actual":	212992,
		"rcvbuf_actual":	212992,
		"test_start":	{
			"protocol":	"UDP",
			"num_streams":	1,
			"blksize":	1448,
			"omit":	0,
			"duration":	30,
			"bytes":	0,
			"blocks":	0,
			"reverse":	0,
			"tos":	0
		}
	},
	"intervals":	[{
			"streams":	[{
					"socket":	6,
					"start":	0,
					"end":	10.000091,
					"seconds":	10.000090599060059,
					"bytes":	37805832,
					"bits_per_second":	30244391.588655002,
					"packets":	26109,
					"omitted":	false,
					"sender":	true
				}],
			"sum":	{
				"start":	0,
				"end":	10.000091,
				"seconds":	10.000090599060059,
				"bytes":	37805832,
				"bits_per_second":	30244391.588655002,
				"packets":	26109,
				"omitted":	false,
				"sender":	true
			}
		}, {
			"streams":	[{
					"socket":	6,
					"start":	10.000091,
					"end":	20.000088,
					"seconds":	9.99999713897705,
					"bytes":	38644224,
					"bits_per_second":	30915388.044963468,
					"packets":	26688,
					"omitted":	false,
					"sender":	true
				}],
			"sum":	{
				"start":	10.000091,
				"end":	20.000088,
				"seconds":	9.99999713897705,
				"bytes":	38644224,
				"bits_per_second":	30915388.044963468,
				"packets":	26688,
				"omitted":	false,
				"sender":	true
			}
		}, {
			"streams":	[{
					"socket":	6,
					"start":	20.000088,
					"end":	30.000043,
					"seconds":	9.9999551773071289,
					"bytes":	40729344,
					"bits_per_second":	32583621.248564783,
					"packets":	28128,
					"omitted":	false,
					"sender":	true
				}],
			"sum":	{
				"start":	20.000088,
				"end":	30.000043,
				"seconds":	9.9999551773071289,
				"bytes":	40729344,
				"bits_per_second":	32583621.248564783,
				"packets":	28128,
				"omitted":	false,
				"sender":	true
			}
		}],
	"end":	{
		"streams":	[{
				"udp":	{
					"socket":	6,
					"start":	0,
					"end":	30.000043,
					"seconds":	30.000043,
					"bytes":	117179400,
					"bits_per_second":	31247795.211493529,
					"jitter_ms":	0.17940385461416875,
					"lost_packets":	8134,
					"packets":	80925,
					"lost_percent":	10.051282051282051,
					"out_of_order":	0,
					"sender":	true
				}
			}],
		"sum":	{
			"start":	0,
			"end":	30.002339,
			"seconds":	30.002339,
			"bytes":	117179400,
			"bits_per_second":	31247795.211493529,
			"jitter_ms":	0.17940385461416875,
			"lost_packets":	8134,
			"packets":	80925,
			"lost_percent":	10.051282051282051,
			"sender":	true
		},
		"cpu_utilization_percent":	{
			"host_total":	20.078558708181227,
			"host_user":	1.3255674198124816,
			"host_system":	18.752981293113493,
			"remote_total":	11.105808388482389,
			"remote_user":	0.83337041168695491,
			"remote_system":	10.272437976795434
		}
	}
}
