{
	"start":	{
		"connected":	[{
				"socket":	6,
				"local_host":	"10.20.15.3",
				"local_port":	49065,
				"remote_host":	"10.20.15.2",
				"remote_port":	5201
			}],
		"version":	"iperf 3.7",
		"system_info":	"Linux node2 5.8.0-1006-raspi #9-Ubuntu SMP PREEMPT Fri Oct 16 12:55:30 UTC 2020 aarch64",
		"timestamp":	{
			"time":	"Sun, 08 Aug 2021 11:59:36 GMT",
			"timesecs":	1628423976
		},
		"connecting_to":	{
			"host":	"10.20.15.2",
			"port":	5201
		},
		"cookie":	"25mj33gbtxrk5k6ar6xzma3bzu7fbxiwwsac",
		"sock_bufsize":	0,
		"sndbuf_actual":	212992,
		"rcvbuf_actual":	212992,
		"test_start":	{
			"protocol":	"UDP",
			"num_streams":	1,
			"blksize":	1448,
			"omit":	0,
			"duration":	30,
			"bytes":	0,
			"blocks":	0,
			"reverse":	0,
			"tos":	0
		}
	},
	"intervals":	[{
			"streams":	[{
					"socket":	6,
					"start":	0,
					"end":	10.000077,
					"seconds":	10.000077247619629,
					"bytes":	10411120,
					"bits_per_second":	8328831.6617579842,
					"packets":	7190,
					"omitted":	false,
					"sender":	true
				}],
			"sum":	{
				"start":	0,
				"end":	10.000077,
				"seconds":	10.000077247619629,
				"bytes":	10411120,
				"bits_per_second":	8328831.6617579842,
				"packets":	7190,
				"omitted":	false,
				"sender":	true
			}
		}, {
			"streams":	[{
					"socket":	6,
					"start":	10.000077,
					"end":	20.000087,
					"seconds":	10.000009536743164,
					"bytes":	2730928,
					"bits_per_second":	2184740.3164692721,
					"packets":	1886,
					"omitted":	false,
					"sender":	true
				}],
			"sum":	{
				"start":	10.000077,
				"end":	20.000087,
				"seconds":	10.000009536743164,
				"bytes":	2730928,
				"bits_per_second":	2184740.3164692721,
				"packets":	1886,
				"omitted":	false,
				"sender":	true
			}
		}, {
			"streams":	[{
					"socket":	6,
					"start":	20.000087,
					"end":	30.000101,
					"seconds":	10.000014305114746,
					"bytes":	3019080,
					"bits_per_second":	2415260.5449420763,
					"packets":	2085,
					"omitted":	false,
					"sender":	true
				}],
			"sum":	{
				"start":	20.000087,
				"end":	30.000101,
				"seconds":	10.000014305114746,
				"bytes":	3019080,
				"bits_per_second":	2415260.5449420763,
				"packets":	2085,
				"omitted":	false,
				"sender":	true
			}
		}],
	"end":	{
		"streams":	[{
				"udp":	{
					"socket":	6,
					"start":	0,
					"end":	30.000101,
					"seconds":	30.000101,
					"bytes":	16161128,
					"bits_per_second":	4309619.624280598,
					"jitter_ms":	3.4823515446439992,
					"lost_packets":	5430,
					"packets":	11161,
					"lost_percent":	48.651554520204286,
					"out_of_order":	0,
					"sender":	true
				}
			}],
		"sum":	{
			"start":	0,
			"end":	30.014275,
			"seconds":	30.014275,
			"bytes":	16161128,
			"bits_per_second":	4309619.624280598,
			"jitter_ms":	3.4823515446439992,
			"lost_packets":	5430,
			"packets":	11161,
			"lost_percent":	48.651554520204286,
			"sender":	true
		},
		"cpu_utilization_percent":	{
			"host_total":	6.1859199713465722,
			"host_user":	0.6416429707043827,
			"host_system":	5.5442636709865081,
			"remote_total":	0.90399924205502324,
			"remote_user":	0.04627926775721717,
			"remote_system":	0.85771997429780611
		}
	}
}
