{
	"start":	{
		"connected":	[{
				"socket":	6,
				"local_host":	"10.20.15.3",
				"local_port":	39872,
				"remote_host":	"10.20.15.2",
				"remote_port":	5201
			}],
		"version":	"iperf 3.7",
		"system_info":	"Linux node2 5.8.0-1006-raspi #9-Ubuntu SMP PREEMPT Fri Oct 16 12:55:30 UTC 2020 aarch64",
		"timestamp":	{
			"time":	"Sun, 08 Aug 2021 13:11:32 GMT",
			"timesecs":	1628428292
		},
		"connecting_to":	{
			"host":	"10.20.15.2",
			"port":	5201
		},
		"cookie":	"ewouszeocbsjow4monb5yt2m6ge6c4m3gmac",
		"sock_bufsize":	0,
		"sndbuf_actual":	212992,
		"rcvbuf_actual":	212992,
		"test_start":	{
			"protocol":	"UDP",
			"num_streams":	1,
			"blksize":	1448,
			"omit":	0,
			"duration":	30,
			"bytes":	0,
			"blocks":	0,
			"reverse":	0,
			"tos":	0
		}
	},
	"intervals":	[{
			"streams":	[{
					"socket":	6,
					"start":	0,
					"end":	10.000083,
					"seconds":	10.000082969665527,
					"bytes":	17183416,
					"bits_per_second":	13746618.744764062,
					"packets":	11867,
					"omitted":	false,
					"sender":	true
				}],
			"sum":	{
				"start":	0,
				"end":	10.000083,
				"seconds":	10.000082969665527,
				"bytes":	17183416,
				"bits_per_second":	13746618.744764062,
				"packets":	11867,
				"omitted":	false,
				"sender":	true
			}
		}, {
			"streams":	[{
					"socket":	6,
					"start":	10.000083,
					"end":	20.000079,
					"seconds":	9.9999961853027344,
					"bytes":	11709976,
					"bits_per_second":	9367984.3736024369,
					"packets":	8087,
					"omitted":	false,
					"sender":	true
				}],
			"sum":	{
				"start":	10.000083,
				"end":	20.000079,
				"seconds":	9.9999961853027344,
				"bytes":	11709976,
				"bits_per_second":	9367984.3736024369,
				"packets":	8087,
				"omitted":	false,
				"sender":	true
			}
		}, {
			"streams":	[{
					"socket":	6,
					"start":	20.000079,
					"end":	30.000113,
					"seconds":	10.000034332275391,
					"bytes":	12308000,
					"bits_per_second":	9846366.1951844189,
					"packets":	8500,
					"omitted":	false,
					"sender":	true
				}],
			"sum":	{
				"start":	20.000079,
				"end":	30.000113,
				"seconds":	10.000034332275391,
				"bytes":	12308000,
				"bits_per_second":	9846366.1951844189,
				"packets":	8500,
				"omitted":	false,
				"sender":	true
			}
		}],
	"end":	{
		"streams":	[{
				"udp":	{
					"socket":	6,
					"start":	0,
					"end":	30.000113,
					"seconds":	30.000113,
					"bytes":	41201392,
					"bits_per_second":	10986996.482313251,
					"jitter_ms":	1.1338782424409113,
					"lost_packets":	11014,
					"packets":	28454,
					"lost_percent":	38.708090250931328,
					"out_of_order":	0,
					"sender":	true
				}
			}],
		"sum":	{
			"start":	0,
			"end":	30.010917,
			"seconds":	30.010917,
			"bytes":	41201392,
			"bits_per_second":	10986996.482313251,
			"jitter_ms":	1.1338782424409113,
			"lost_packets":	11014,
			"packets":	28454,
			"lost_percent":	38.708090250931328,
			"sender":	true
		},
		"cpu_utilization_percent":	{
			"host_total":	9.100512183521186,
			"host_user":	0.9091117531068007,
			"host_system":	8.1914070956520249,
			"remote_total":	2.8851339902990292,
			"remote_user":	0.21691572255451547,
			"remote_system":	2.6682116062252033
		}
	}
}
