{
	"start":	{
		"connected":	[{
				"socket":	6,
				"local_host":	"10.20.15.3",
				"local_port":	38614,
				"remote_host":	"10.20.15.2",
				"remote_port":	5201
			}],
		"version":	"iperf 3.7",
		"system_info":	"Linux node2 5.8.0-1006-raspi #9-Ubuntu SMP PREEMPT Fri Oct 16 12:55:30 UTC 2020 aarch64",
		"timestamp":	{
			"time":	"Sun, 08 Aug 2021 12:16:07 GMT",
			"timesecs":	1628424967
		},
		"connecting_to":	{
			"host":	"10.20.15.2",
			"port":	5201
		},
		"cookie":	"xau65ntb5m5h62f2yvkrknh65vwlzncw7g7s",
		"sock_bufsize":	0,
		"sndbuf_actual":	212992,
		"rcvbuf_actual":	212992,
		"test_start":	{
			"protocol":	"UDP",
			"num_streams":	1,
			"blksize":	1448,
			"omit":	0,
			"duration":	30,
			"bytes":	0,
			"blocks":	0,
			"reverse":	0,
			"tos":	0
		}
	},
	"intervals":	[{
			"streams":	[{
					"socket":	6,
					"start":	0,
					"end":	10.000089,
					"seconds":	10.000088691711426,
					"bytes":	7528152,
					"bits_per_second":	6022468.18569896,
					"packets":	5199,
					"omitted":	false,
					"sender":	true
				}],
			"sum":	{
				"start":	0,
				"end":	10.000089,
				"seconds":	10.000088691711426,
				"bytes":	7528152,
				"bits_per_second":	6022468.18569896,
				"packets":	5199,
				"omitted":	false,
				"sender":	true
			}
		}, {
			"streams":	[{
					"socket":	6,
					"start":	10.000089,
					"end":	20.000084,
					"seconds":	9.999995231628418,
					"bytes":	826808,
					"bits_per_second":	661446.71540237207,
					"packets":	571,
					"omitted":	false,
					"sender":	true
				}],
			"sum":	{
				"start":	10.000089,
				"end":	20.000084,
				"seconds":	9.999995231628418,
				"bytes":	826808,
				"bits_per_second":	661446.71540237207,
				"packets":	571,
				"omitted":	false,
				"sender":	true
			}
		}, {
			"streams":	[{
					"socket":	6,
					"start":	20.000084,
					"end":	30.000045,
					"seconds":	9.9999608993530273,
					"bytes":	1825928,
					"bits_per_second":	1460748.1116196229,
					"packets":	1261,
					"omitted":	false,
					"sender":	true
				}],
			"sum":	{
				"start":	20.000084,
				"end":	30.000045,
				"seconds":	9.9999608993530273,
				"bytes":	1825928,
				"bits_per_second":	1460748.1116196229,
				"packets":	1261,
				"omitted":	false,
				"sender":	true
			}
		}],
	"end":	{
		"streams":	[{
				"udp":	{
					"socket":	6,
					"start":	0,
					"end":	30.000045,
					"seconds":	30.000045,
					"bytes":	10180888,
					"bits_per_second":	2714899.3943175753,
					"jitter_ms":	0.37337787555472829,
					"lost_packets":	1788,
					"packets":	7031,
					"lost_percent":	25.43023751955625,
					"out_of_order":	0,
					"sender":	true
				}
			}],
		"sum":	{
			"start":	0,
			"end":	30.001634,
			"seconds":	30.001634,
			"bytes":	10180888,
			"bits_per_second":	2714899.3943175753,
			"jitter_ms":	0.37337787555472829,
			"lost_packets":	1788,
			"packets":	7031,
			"lost_percent":	25.43023751955625,
			"sender":	true
		},
		"cpu_utilization_percent":	{
			"host_total":	5.3715916643114454,
			"host_user":	0.37485265076659591,
			"host_system":	4.9967356810769576,
			"remote_total":	0.83384597906672986,
			"remote_user":	0.067071219527146578,
			"remote_system":	0.76677475953958329
		}
	}
}
