{
	"start":	{
		"connected":	[{
				"socket":	6,
				"local_host":	"10.20.15.3",
				"local_port":	46757,
				"remote_host":	"10.20.15.2",
				"remote_port":	5201
			}],
		"version":	"iperf 3.7",
		"system_info":	"Linux node2 5.8.0-1006-raspi #9-Ubuntu SMP PREEMPT Fri Oct 16 12:55:30 UTC 2020 aarch64",
		"timestamp":	{
			"time":	"Sun, 08 Aug 2021 11:08:54 GMT",
			"timesecs":	1628420934
		},
		"connecting_to":	{
			"host":	"10.20.15.2",
			"port":	5201
		},
		"cookie":	"ifbgztjg6jaixuk7yc3j55ycqxryemspcjps",
		"sock_bufsize":	0,
		"sndbuf_actual":	212992,
		"rcvbuf_actual":	212992,
		"test_start":	{
			"protocol":	"UDP",
			"num_streams":	1,
			"blksize":	1448,
			"omit":	0,
			"duration":	30,
			"bytes":	0,
			"blocks":	0,
			"reverse":	0,
			"tos":	0
		}
	},
	"intervals":	[{
			"streams":	[{
					"socket":	6,
					"start":	0,
					"end":	10.00009,
					"seconds":	10.000089645385742,
					"bytes":	4147072,
					"bits_per_second":	3317627.8589970833,
					"packets":	2864,
					"omitted":	false,
					"sender":	true
				}],
			"sum":	{
				"start":	0,
				"end":	10.00009,
				"seconds":	10.000089645385742,
				"bytes":	4147072,
				"bits_per_second":	3317627.8589970833,
				"packets":	2864,
				"omitted":	false,
				"sender":	true
			}
		}, {
			"streams":	[{
					"socket":	6,
					"start":	10.00009,
					"end":	20.000092,
					"seconds":	10.000001907348633,
					"bytes":	1639136,
					"bits_per_second":	1311308.5498877431,
					"packets":	1132,
					"omitted":	false,
					"sender":	true
				}],
			"sum":	{
				"start":	10.00009,
				"end":	20.000092,
				"seconds":	10.000001907348633,
				"bytes":	1639136,
				"bits_per_second":	1311308.5498877431,
				"packets":	1132,
				"omitted":	false,
				"sender":	true
			}
		}, {
			"streams":	[{
					"socket":	6,
					"start":	20.000092,
					"end":	30.000128,
					"seconds":	10.000036239624023,
					"bytes":	5256240,
					"bits_per_second":	4204976.7613223139,
					"packets":	3630,
					"omitted":	false,
					"sender":	true
				}],
			"sum":	{
				"start":	20.000092,
				"end":	30.000128,
				"seconds":	10.000036239624023,
				"bytes":	5256240,
				"bits_per_second":	4204976.7613223139,
				"packets":	3630,
				"omitted":	false,
				"sender":	true
			}
		}],
	"end":	{
		"streams":	[{
				"udp":	{
					"socket":	6,
					"start":	0,
					"end":	30.000128,
					"seconds":	30.000128,
					"bytes":	11042448,
					"bits_per_second":	2944640.2362016588,
					"jitter_ms":	0.25091335158312095,
					"lost_packets":	3136,
					"packets":	7626,
					"lost_percent":	41.122475740886443,
					"out_of_order":	0,
					"sender":	true
				}
			}],
		"sum":	{
			"start":	0,
			"end":	30.012155,
			"seconds":	30.012155,
			"bytes":	11042448,
			"bits_per_second":	2944640.2362016588,
			"jitter_ms":	0.25091335158312095,
			"lost_packets":	3136,
			"packets":	7626,
			"lost_percent":	41.122475740886443,
			"sender":	true
		},
		"cpu_utilization_percent":	{
			"host_total":	5.6110569565843171,
			"host_user":	0.69632009409835482,
			"host_system":	4.9147301975412949,
			"remote_total":	0.68954972347105781,
			"remote_user":	0.05951181395599163,
			"remote_system":	0.63003790951506622
		}
	}
}
