{
	"start":	{
		"connected":	[{
				"socket":	6,
				"local_host":	"10.20.15.3",
				"local_port":	59459,
				"remote_host":	"10.20.15.2",
				"remote_port":	5201
			}],
		"version":	"iperf 3.7",
		"system_info":	"Linux node2 5.8.0-1006-raspi #9-Ubuntu SMP PREEMPT Fri Oct 16 12:55:30 UTC 2020 aarch64",
		"timestamp":	{
			"time":	"Sun, 08 Aug 2021 12:46:46 GMT",
			"timesecs":	1628426806
		},
		"connecting_to":	{
			"host":	"10.20.15.2",
			"port":	5201
		},
		"cookie":	"3m37rpjxsf6zuacs3r7fxsgjrujnxrd35p27",
		"sock_bufsize":	0,
		"sndbuf_actual":	212992,
		"rcvbuf_actual":	212992,
		"test_start":	{
			"protocol":	"UDP",
			"num_streams":	1,
			"blksize":	1448,
			"omit":	0,
			"duration":	30,
			"bytes":	0,
			"blocks":	0,
			"reverse":	0,
			"tos":	0
		}
	},
	"intervals":	[{
			"streams":	[{
					"socket":	6,
					"start":	0,
					"end":	10.000089,
					"seconds":	10.000088691711426,
					"bytes":	10561712,
					"bits_per_second":	8449294.6617596112,
					"packets":	7294,
					"omitted":	false,
					"sender":	true
				}],
			"sum":	{
				"start":	0,
				"end":	10.000089,
				"seconds":	10.000088691711426,
				"bytes":	10561712,
				"bits_per_second":	8449294.6617596112,
				"packets":	7294,
				"omitted":	false,
				"sender":	true
			}
		}, {
			"streams":	[{
					"socket":	6,
					"start":	10.000089,
					"end":	20.000087,
					"seconds":	9.9999980926513672,
					"bytes":	799296,
					"bits_per_second":	639436.92196291394,
					"packets":	552,
					"omitted":	false,
					"sender":	true
				}],
			"sum":	{
				"start":	10.000089,
				"end":	20.000087,
				"seconds":	9.9999980926513672,
				"bytes":	799296,
				"bits_per_second":	639436.92196291394,
				"packets":	552,
				"omitted":	false,
				"sender":	true
			}
		}, {
			"streams":	[{
					"socket":	6,
					"start":	20.000087,
					"end":	30.000104,
					"seconds":	10.000017166137695,
					"bytes":	1265552,
					"bits_per_second":	1012439.8620317921,
					"packets":	874,
					"omitted":	false,
					"sender":	true
				}],
			"sum":	{
				"start":	20.000087,
				"end":	30.000104,
				"seconds":	10.000017166137695,
				"bytes":	1265552,
				"bits_per_second":	1012439.8620317921,
				"packets":	874,
				"omitted":	false,
				"sender":	true
			}
		}],
	"end":	{
		"streams":	[{
				"udp":	{
					"socket":	6,
					"start":	0,
					"end":	30.000104,
					"seconds":	30.000104,
					"bytes":	12626560,
					"bits_per_second":	3367070.994153887,
					"jitter_ms":	0.52898262214291181,
					"lost_packets":	1692,
					"packets":	8720,
					"lost_percent":	19.403669724770641,
					"out_of_order":	0,
					"sender":	true
				}
			}],
		"sum":	{
			"start":	0,
			"end":	30.006055,
			"seconds":	30.006055,
			"bytes":	12626560,
			"bits_per_second":	3367070.994153887,
			"jitter_ms":	0.52898262214291181,
			"lost_packets":	1692,
			"packets":	8720,
			"lost_percent":	19.403669724770641,
			"sender":	true
		},
		"cpu_utilization_percent":	{
			"host_total":	5.6933200556160486,
			"host_user":	0.37052482730291825,
			"host_system":	5.3227918957758291,
			"remote_total":	1.0898073582373091,
			"remote_user":	0.083670686301476546,
			"remote_system":	1.0061333410964097
		}
	}
}
