{
	"start":	{
		"connected":	[{
				"socket":	6,
				"local_host":	"10.20.15.3",
				"local_port":	59176,
				"remote_host":	"10.20.15.2",
				"remote_port":	5201
			}],
		"version":	"iperf 3.7",
		"system_info":	"Linux node2 5.8.0-1006-raspi #9-Ubuntu SMP PREEMPT Fri Oct 16 12:55:30 UTC 2020 aarch64",
		"timestamp":	{
			"time":	"Sun, 08 Aug 2021 12:53:18 GMT",
			"timesecs":	1628427198
		},
		"connecting_to":	{
			"host":	"10.20.15.2",
			"port":	5201
		},
		"cookie":	"jtukp2wqo57usantuhynbvlcfe4fnbxguxbw",
		"sock_bufsize":	0,
		"sndbuf_actual":	212992,
		"rcvbuf_actual":	212992,
		"test_start":	{
			"protocol":	"UDP",
			"num_streams":	1,
			"blksize":	1448,
			"omit":	0,
			"duration":	30,
			"bytes":	0,
			"blocks":	0,
			"reverse":	0,
			"tos":	0
		}
	},
	"intervals":	[{
			"streams":	[{
					"socket":	6,
					"start":	0,
					"end":	10.000089,
					"seconds":	10.000088691711426,
					"bytes":	2367480,
					"bits_per_second":	1893967.2020807464,
					"packets":	1635,
					"omitted":	false,
					"sender":	true
				}],
			"sum":	{
				"start":	0,
				"end":	10.000089,
				"seconds":	10.000088691711426,
				"bytes":	2367480,
				"bits_per_second":	1893967.2020807464,
				"packets":	1635,
				"omitted":	false,
				"sender":	true
			}
		}, {
			"streams":	[{
					"socket":	6,
					"start":	10.000089,
					"end":	20.00008,
					"seconds":	9.9999914169311523,
					"bytes":	750064,
					"bits_per_second":	600051.71502851823,
					"packets":	518,
					"omitted":	false,
					"sender":	true
				}],
			"sum":	{
				"start":	10.000089,
				"end":	20.00008,
				"seconds":	9.9999914169311523,
				"bytes":	750064,
				"bits_per_second":	600051.71502851823,
				"packets":	518,
				"omitted":	false,
				"sender":	true
			}
		}, {
			"streams":	[{
					"socket":	6,
					"start":	20.00008,
					"end":	30.000102,
					"seconds":	10.000021934509277,
					"bytes":	7591864,
					"bits_per_second":	6073477.8781243134,
					"packets":	5243,
					"omitted":	false,
					"sender":	true
				}],
			"sum":	{
				"start":	20.00008,
				"end":	30.000102,
				"seconds":	10.000021934509277,
				"bytes":	7591864,
				"bits_per_second":	6073477.8781243134,
				"packets":	5243,
				"omitted":	false,
				"sender":	true
			}
		}],
	"end":	{
		"streams":	[{
				"udp":	{
					"socket":	6,
					"start":	0,
					"end":	30.000102,
					"seconds":	30.000102,
					"bytes":	10709408,
					"bits_per_second":	2855832.4235030934,
					"jitter_ms":	0.25105471467888441,
					"lost_packets":	1821,
					"packets":	7396,
					"lost_percent":	24.621416982152514,
					"out_of_order":	0,
					"sender":	true
				}
			}],
		"sum":	{
			"start":	0,
			"end":	30.002398,
			"seconds":	30.002398,
			"bytes":	10709408,
			"bits_per_second":	2855832.4235030934,
			"jitter_ms":	0.25105471467888441,
			"lost_packets":	1821,
			"packets":	7396,
			"lost_percent":	24.621416982152514,
			"sender":	true
		},
		"cpu_utilization_percent":	{
			"host_total":	5.6079915037834134,
			"host_user":	0.50291320944661544,
			"host_system":	5.1050716291737919,
			"remote_total":	0.91905702742641571,
			"remote_user":	0.16589823429025949,
			"remote_system":	0.75316545651866385
		}
	}
}
