{
	"start":	{
		"connected":	[{
				"socket":	6,
				"local_host":	"10.20.15.3",
				"local_port":	35110,
				"remote_host":	"10.20.15.2",
				"remote_port":	5201
			}],
		"version":	"iperf 3.7",
		"system_info":	"Linux node2 5.8.0-1006-raspi #9-Ubuntu SMP PREEMPT Fri Oct 16 12:55:30 UTC 2020 aarch64",
		"timestamp":	{
			"time":	"Sun, 08 Aug 2021 10:28:34 GMT",
			"timesecs":	1628418514
		},
		"connecting_to":	{
			"host":	"10.20.15.2",
			"port":	5201
		},
		"cookie":	"w7zacuhxr2mtl63qqbfvsabmnzroojcr525l",
		"sock_bufsize":	0,
		"sndbuf_actual":	212992,
		"rcvbuf_actual":	212992,
		"test_start":	{
			"protocol":	"UDP",
			"num_streams":	1,
			"blksize":	1448,
			"omit":	0,
			"duration":	30,
			"bytes":	0,
			"blocks":	0,
			"reverse":	0,
			"tos":	0
		}
	},
	"intervals":	[{
			"streams":	[{
					"socket":	6,
					"start":	0,
					"end":	10.000108,
					"seconds":	10.000107765197754,
					"bytes":	42960712,
					"bits_per_second":	34368199.230421349,
					"packets":	29669,
					"omitted":	false,
					"sender":	true
				}],
			"sum":	{
				"start":	0,
				"end":	10.000108,
				"seconds":	10.000107765197754,
				"bytes":	42960712,
				"bits_per_second":	34368199.230421349,
				"packets":	29669,
				"omitted":	false,
				"sender":	true
			}
		}, {
			"streams":	[{
					"socket":	6,
					"start":	10.000108,
					"end":	20.000074,
					"seconds":	9.99996566772461,
					"bytes":	41837064,
					"bits_per_second":	33469766.109322734,
					"packets":	28893,
					"omitted":	false,
					"sender":	true
				}],
			"sum":	{
				"start":	10.000108,
				"end":	20.000074,
				"seconds":	9.99996566772461,
				"bytes":	41837064,
				"bits_per_second":	33469766.109322734,
				"packets":	28893,
				"omitted":	false,
				"sender":	true
			}
		}, {
			"streams":	[{
					"socket":	6,
					"start":	20.000074,
					"end":	30.000099,
					"seconds":	10.000024795532227,
					"bytes":	43542808,
					"bits_per_second":	34834160.026846245,
					"packets":	30071,
					"omitted":	false,
					"sender":	true
				}],
			"sum":	{
				"start":	20.000074,
				"end":	30.000099,
				"seconds":	10.000024795532227,
				"bytes":	43542808,
				"bits_per_second":	34834160.026846245,
				"packets":	30071,
				"omitted":	false,
				"sender":	true
			}
		}],
	"end":	{
		"streams":	[{
				"udp":	{
					"socket":	6,
					"start":	0,
					"end":	30.000099,
					"seconds":	30.000099,
					"bytes":	128340584,
					"bits_per_second":	34224042.793992117,
					"jitter_ms":	0.66913977178172335,
					"lost_packets":	4794,
					"packets":	88633,
					"lost_percent":	5.408820642424379,
					"out_of_order":	0,
					"sender":	true
				}
			}],
		"sum":	{
			"start":	0,
			"end":	30.003697,
			"seconds":	30.003697,
			"bytes":	128340584,
			"bits_per_second":	34224042.793992117,
			"jitter_ms":	0.66913977178172335,
			"lost_packets":	4794,
			"packets":	88633,
			"lost_percent":	5.408820642424379,
			"sender":	true
		},
		"cpu_utilization_percent":	{
			"host_total":	21.298419264298023,
			"host_user":	0.58755326476079106,
			"host_system":	20.710862666922743,
			"remote_total":	12.73749684215948,
			"remote_user":	1.0492575814074878,
			"remote_system":	11.68823592925731
		}
	}
}
