{
	"start":	{
		"connected":	[{
				"socket":	6,
				"local_host":	"10.20.15.3",
				"local_port":	40430,
				"remote_host":	"10.20.15.2",
				"remote_port":	5201
			}],
		"version":	"iperf 3.7",
		"system_info":	"Linux node2 5.8.0-1006-raspi #9-Ubuntu SMP PREEMPT Fri Oct 16 12:55:30 UTC 2020 aarch64",
		"timestamp":	{
			"time":	"Sun, 08 Aug 2021 13:47:03 GMT",
			"timesecs":	1628430423
		},
		"connecting_to":	{
			"host":	"10.20.15.2",
			"port":	5201
		},
		"cookie":	"wyyqzbw4u7wj6giw57ehlnzqtnw54xzv2qgl",
		"sock_bufsize":	0,
		"sndbuf_actual":	212992,
		"rcvbuf_actual":	212992,
		"test_start":	{
			"protocol":	"UDP",
			"num_streams":	1,
			"blksize":	1448,
			"omit":	0,
			"duration":	30,
			"bytes":	0,
			"blocks":	0,
			"reverse":	0,
			"tos":	0
		}
	},
	"intervals":	[{
			"streams":	[{
					"socket":	6,
					"start":	0,
					"end":	10.000144,
					"seconds":	10.000144004821777,
					"bytes":	6653560,
					"bits_per_second":	5322771.3495260449,
					"packets":	4595,
					"omitted":	false,
					"sender":	true
				}],
			"sum":	{
				"start":	0,
				"end":	10.000144,
				"seconds":	10.000144004821777,
				"bytes":	6653560,
				"bits_per_second":	5322771.3495260449,
				"packets":	4595,
				"omitted":	false,
				"sender":	true
			}
		}, {
			"streams":	[{
					"socket":	6,
					"start":	10.000144,
					"end":	20.00008,
					"seconds":	9.9999361038208,
					"bytes":	1201840,
					"bits_per_second":	961478.14347797516,
					"packets":	830,
					"omitted":	false,
					"sender":	true
				}],
			"sum":	{
				"start":	10.000144,
				"end":	20.00008,
				"seconds":	9.9999361038208,
				"bytes":	1201840,
				"bits_per_second":	961478.14347797516,
				"packets":	830,
				"omitted":	false,
				"sender":	true
			}
		}, {
			"streams":	[{
					"socket":	6,
					"start":	20.00008,
					"end":	30.000119,
					"seconds":	10.000039100646973,
					"bytes":	6594192,
					"bits_per_second":	5275332.9731067754,
					"packets":	4554,
					"omitted":	false,
					"sender":	true
				}],
			"sum":	{
				"start":	20.00008,
				"end":	30.000119,
				"seconds":	10.000039100646973,
				"bytes":	6594192,
				"bits_per_second":	5275332.9731067754,
				"packets":	4554,
				"omitted":	false,
				"sender":	true
			}
		}],
	"end":	{
		"streams":	[{
				"udp":	{
					"socket":	6,
					"start":	0,
					"end":	30.000119,
					"seconds":	30.000119,
					"bytes":	14449592,
					"bits_per_second":	3853209.2489366457,
					"jitter_ms":	0.28197598606330987,
					"lost_packets":	1875,
					"packets":	9979,
					"lost_percent":	18.78945786150917,
					"out_of_order":	0,
					"sender":	true
				}
			}],
		"sum":	{
			"start":	0,
			"end":	30.002883,
			"seconds":	30.002883,
			"bytes":	14449592,
			"bits_per_second":	3853209.2489366457,
			"jitter_ms":	0.28197598606330987,
			"lost_packets":	1875,
			"packets":	9979,
			"lost_percent":	18.78945786150917,
			"sender":	true
		},
		"cpu_utilization_percent":	{
			"host_total":	6.0393511533002693,
			"host_user":	0.83030248339974844,
			"host_system":	5.209048669900521,
			"remote_total":	1.2011764829329528,
			"remote_user":	0.15080287348577956,
			"remote_system":	1.0503802716756854
		}
	}
}
