{
	"start":	{
		"connected":	[{
				"socket":	6,
				"local_host":	"10.20.15.3",
				"local_port":	52204,
				"remote_host":	"10.20.15.2",
				"remote_port":	5201
			}],
		"version":	"iperf 3.7",
		"system_info":	"Linux node2 5.8.0-1006-raspi #9-Ubuntu SMP PREEMPT Fri Oct 16 12:55:30 UTC 2020 aarch64",
		"timestamp":	{
			"time":	"Sun, 08 Aug 2021 12:10:06 GMT",
			"timesecs":	1628424606
		},
		"connecting_to":	{
			"host":	"10.20.15.2",
			"port":	5201
		},
		"cookie":	"qfkbsswbzmjxu2w5lptawdzmqgogfxxjy7bq",
		"sock_bufsize":	0,
		"sndbuf_actual":	212992,
		"rcvbuf_actual":	212992,
		"test_start":	{
			"protocol":	"UDP",
			"num_streams":	1,
			"blksize":	1448,
			"omit":	0,
			"duration":	30,
			"bytes":	0,
			"blocks":	0,
			"reverse":	0,
			"tos":	0
		}
	},
	"intervals":	[{
			"streams":	[{
					"socket":	6,
					"start":	0,
					"end":	10.000086,
					"seconds":	10.000085830688477,
					"bytes":	10164960,
					"bits_per_second":	8131898.2033578586,
					"packets":	7020,
					"omitted":	false,
					"sender":	true
				}],
			"sum":	{
				"start":	0,
				"end":	10.000086,
				"seconds":	10.000085830688477,
				"bytes":	10164960,
				"bits_per_second":	8131898.2033578586,
				"packets":	7020,
				"omitted":	false,
				"sender":	true
			}
		}, {
			"streams":	[{
					"socket":	6,
					"start":	10.000086,
					"end":	20.000079,
					"seconds":	9.9999933242797852,
					"bytes":	1558048,
					"bits_per_second":	1246439.2320879579,
					"packets":	1076,
					"omitted":	false,
					"sender":	true
				}],
			"sum":	{
				"start":	10.000086,
				"end":	20.000079,
				"seconds":	9.9999933242797852,
				"bytes":	1558048,
				"bits_per_second":	1246439.2320879579,
				"packets":	1076,
				"omitted":	false,
				"sender":	true
			}
		}, {
			"streams":	[{
					"socket":	6,
					"start":	20.000079,
					"end":	30.000114,
					"seconds":	10.000035285949707,
					"bytes":	1867920,
					"bits_per_second":	1494330.7271121116,
					"packets":	1290,
					"omitted":	false,
					"sender":	true
				}],
			"sum":	{
				"start":	20.000079,
				"end":	30.000114,
				"seconds":	10.000035285949707,
				"bytes":	1867920,
				"bits_per_second":	1494330.7271121116,
				"packets":	1290,
				"omitted":	false,
				"sender":	true
			}
		}],
	"end":	{
		"streams":	[{
				"udp":	{
					"socket":	6,
					"start":	0,
					"end":	30.000114,
					"seconds":	30.000114,
					"bytes":	13590928,
					"bits_per_second":	3624233.6945786271,
					"jitter_ms":	3.0912456179829513,
					"lost_packets":	3275,
					"packets":	9386,
					"lost_percent":	34.892392925633921,
					"out_of_order":	0,
					"sender":	true
				}
			}],
		"sum":	{
			"start":	0,
			"end":	30.029134,
			"seconds":	30.029134,
			"bytes":	13590928,
			"bits_per_second":	3624233.6945786271,
			"jitter_ms":	3.0912456179829513,
			"lost_packets":	3275,
			"packets":	9386,
			"lost_percent":	34.892392925633921,
			"sender":	true
		},
		"cpu_utilization_percent":	{
			"host_total":	5.749395347374,
			"host_user":	0.619009126842151,
			"host_system":	5.1303928855740226,
			"remote_total":	0.95416032709541387,
			"remote_user":	0.051151514901361321,
			"remote_system":	0.90299882621470029
		}
	}
}
