{
	"start":	{
		"connected":	[{
				"socket":	6,
				"local_host":	"10.20.15.3",
				"local_port":	36838,
				"remote_host":	"10.20.15.2",
				"remote_port":	5201
			}],
		"version":	"iperf 3.7",
		"system_info":	"Linux node2 5.8.0-1006-raspi #9-Ubuntu SMP PREEMPT Fri Oct 16 12:55:30 UTC 2020 aarch64",
		"timestamp":	{
			"time":	"Sun, 08 Aug 2021 10:48:05 GMT",
			"timesecs":	1628419685
		},
		"connecting_to":	{
			"host":	"10.20.15.2",
			"port":	5201
		},
		"cookie":	"g4eoppyrt3a6mdxnwe2tt7ujr3zhut2jtnbn",
		"sock_bufsize":	0,
		"sndbuf_actual":	212992,
		"rcvbuf_actual":	212992,
		"test_start":	{
			"protocol":	"UDP",
			"num_streams":	1,
			"blksize":	1448,
			"omit":	0,
			"duration":	30,
			"bytes":	0,
			"blocks":	0,
			"reverse":	0,
			"tos":	0
		}
	},
	"intervals":	[{
			"streams":	[{
					"socket":	6,
					"start":	0,
					"end":	10.000216,
					"seconds":	10.000215530395508,
					"bytes":	4474320,
					"bits_per_second":	3579378.853506003,
					"packets":	3090,
					"omitted":	false,
					"sender":	true
				}],
			"sum":	{
				"start":	0,
				"end":	10.000216,
				"seconds":	10.000215530395508,
				"bytes":	4474320,
				"bits_per_second":	3579378.853506003,
				"packets":	3090,
				"omitted":	false,
				"sender":	true
			}
		}, {
			"streams":	[{
					"socket":	6,
					"start":	10.000216,
					"end":	20.000087,
					"seconds":	9.9998712539672852,
					"bytes":	2167656,
					"bits_per_second":	1734147.1264562674,
					"packets":	1497,
					"omitted":	false,
					"sender":	true
				}],
			"sum":	{
				"start":	10.000216,
				"end":	20.000087,
				"seconds":	9.9998712539672852,
				"bytes":	2167656,
				"bits_per_second":	1734147.1264562674,
				"packets":	1497,
				"omitted":	false,
				"sender":	true
			}
		}, {
			"streams":	[{
					"socket":	6,
					"start":	20.000087,
					"end":	30.000039,
					"seconds":	9.99995231628418,
					"bytes":	7652680,
					"bits_per_second":	6122173.1927966727,
					"packets":	5285,
					"omitted":	false,
					"sender":	true
				}],
			"sum":	{
				"start":	20.000087,
				"end":	30.000039,
				"seconds":	9.99995231628418,
				"bytes":	7652680,
				"bits_per_second":	6122173.1927966727,
				"packets":	5285,
				"omitted":	false,
				"sender":	true
			}
		}],
	"end":	{
		"streams":	[{
				"udp":	{
					"socket":	6,
					"start":	0,
					"end":	30.000039,
					"seconds":	30.000039,
					"bytes":	14294656,
					"bits_per_second":	3811903.3111923621,
					"jitter_ms":	0.27847796188004459,
					"lost_packets":	3939,
					"packets":	9872,
					"lost_percent":	39.900729335494326,
					"out_of_order":	0,
					"sender":	true
				}
			}],
		"sum":	{
			"start":	0,
			"end":	30.004397,
			"seconds":	30.004397,
			"bytes":	14294656,
			"bits_per_second":	3811903.3111923621,
			"jitter_ms":	0.27847796188004459,
			"lost_packets":	3939,
			"packets":	9872,
			"lost_percent":	39.900729335494326,
			"sender":	true
		},
		"cpu_utilization_percent":	{
			"host_total":	5.9700505183423136,
			"host_user":	0.72449048998962851,
			"host_system":	5.2455633609829446,
			"remote_total":	0.94974559261564473,
			"remote_user":	0.083268351593460424,
			"remote_system":	0.86647057822149665
		}
	}
}
