{
	"start":	{
		"connected":	[{
				"socket":	6,
				"local_host":	"10.20.15.3",
				"local_port":	35688,
				"remote_host":	"10.20.15.2",
				"remote_port":	5201
			}],
		"version":	"iperf 3.7",
		"system_info":	"Linux node2 5.8.0-1006-raspi #9-Ubuntu SMP PREEMPT Fri Oct 16 12:55:30 UTC 2020 aarch64",
		"timestamp":	{
			"time":	"Sun, 08 Aug 2021 10:30:34 GMT",
			"timesecs":	1628418634
		},
		"connecting_to":	{
			"host":	"10.20.15.2",
			"port":	5201
		},
		"cookie":	"xjv7tl5zn7omsxwyu6u6eknhbhd6gkgctx74",
		"sock_bufsize":	0,
		"sndbuf_actual":	212992,
		"rcvbuf_actual":	212992,
		"test_start":	{
			"protocol":	"UDP",
			"num_streams":	1,
			"blksize":	1448,
			"omit":	0,
			"duration":	30,
			"bytes":	0,
			"blocks":	0,
			"reverse":	0,
			"tos":	0
		}
	},
	"intervals":	[{
			"streams":	[{
					"socket":	6,
					"start":	0,
					"end":	10.00009,
					"seconds":	10.000089645385742,
					"bytes":	44198752,
					"bits_per_second":	35358684.625707738,
					"packets":	30524,
					"omitted":	false,
					"sender":	true
				}],
			"sum":	{
				"start":	0,
				"end":	10.00009,
				"seconds":	10.000089645385742,
				"bytes":	44198752,
				"bits_per_second":	35358684.625707738,
				"packets":	30524,
				"omitted":	false,
				"sender":	true
			}
		}, {
			"streams":	[{
					"socket":	6,
					"start":	10.00009,
					"end":	20.000088,
					"seconds":	9.9999980926513672,
					"bytes":	44100288,
					"bits_per_second":	35280237.129171208,
					"packets":	30456,
					"omitted":	false,
					"sender":	true
				}],
			"sum":	{
				"start":	10.00009,
				"end":	20.000088,
				"seconds":	9.9999980926513672,
				"bytes":	44100288,
				"bits_per_second":	35280237.129171208,
				"packets":	30456,
				"omitted":	false,
				"sender":	true
			}
		}, {
			"streams":	[{
					"socket":	6,
					"start":	20.000088,
					"end":	30.000115,
					"seconds":	10.000026702880859,
					"bytes":	43552944,
					"bits_per_second":	34842262.161122464,
					"packets":	30078,
					"omitted":	false,
					"sender":	true
				}],
			"sum":	{
				"start":	20.000088,
				"end":	30.000115,
				"seconds":	10.000026702880859,
				"bytes":	43552944,
				"bits_per_second":	34842262.161122464,
				"packets":	30078,
				"omitted":	false,
				"sender":	true
			}
		}],
	"end":	{
		"streams":	[{
				"udp":	{
					"socket":	6,
					"start":	0,
					"end":	30.000115,
					"seconds":	30.000115,
					"bytes":	131851984,
					"bits_per_second":	35160394.285155237,
					"jitter_ms":	0.32046253080003978,
					"lost_packets":	6151,
					"packets":	91058,
					"lost_percent":	6.7550352522568033,
					"out_of_order":	0,
					"sender":	true
				}
			}],
		"sum":	{
			"start":	0,
			"end":	30.005033,
			"seconds":	30.005033,
			"bytes":	131851984,
			"bits_per_second":	35160394.285155237,
			"jitter_ms":	0.32046253080003978,
			"lost_packets":	6151,
			"packets":	91058,
			"lost_percent":	6.7550352522568033,
			"sender":	true
		},
		"cpu_utilization_percent":	{
			"host_total":	21.419833568898717,
			"host_user":	1.4859165159744723,
			"host_system":	19.933920385532069,
			"remote_total":	13.003724170275177,
			"remote_user":	1.2196140456230264,
			"remote_system":	11.784113456020755
		}
	}
}
