{
	"start":	{
		"connected":	[{
				"socket":	6,
				"local_host":	"10.20.15.3",
				"local_port":	53422,
				"remote_host":	"10.20.15.2",
				"remote_port":	5201
			}],
		"version":	"iperf 3.7",
		"system_info":	"Linux node2 5.8.0-1006-raspi #9-Ubuntu SMP PREEMPT Fri Oct 16 12:55:30 UTC 2020 aarch64",
		"timestamp":	{
			"time":	"Sun, 08 Aug 2021 13:45:33 GMT",
			"timesecs":	1628430333
		},
		"connecting_to":	{
			"host":	"10.20.15.2",
			"port":	5201
		},
		"cookie":	"nsvt2e2boohn7ljge5uzhn5ioakrkyg5ihqt",
		"sock_bufsize":	0,
		"sndbuf_actual":	212992,
		"rcvbuf_actual":	212992,
		"test_start":	{
			"protocol":	"UDP",
			"num_streams":	1,
			"blksize":	1448,
			"omit":	0,
			"duration":	30,
			"bytes":	0,
			"blocks":	0,
			"reverse":	0,
			"tos":	0
		}
	},
	"intervals":	[{
			"streams":	[{
					"socket":	6,
					"start":	0,
					"end":	10.00008,
					"seconds":	10.000080108642578,
					"bytes":	6967776,
					"bits_per_second":	5574176.1460315445,
					"packets":	4812,
					"omitted":	false,
					"sender":	true
				}],
			"sum":	{
				"start":	0,
				"end":	10.00008,
				"seconds":	10.000080108642578,
				"bytes":	6967776,
				"bits_per_second":	5574176.1460315445,
				"packets":	4812,
				"omitted":	false,
				"sender":	true
			}
		}, {
			"streams":	[{
					"socket":	6,
					"start":	10.00008,
					"end":	20.000091,
					"seconds":	10.000011444091797,
					"bytes":	1142472,
					"bits_per_second":	913976.55403684149,
					"packets":	789,
					"omitted":	false,
					"sender":	true
				}],
			"sum":	{
				"start":	10.00008,
				"end":	20.000091,
				"seconds":	10.000011444091797,
				"bytes":	1142472,
				"bits_per_second":	913976.55403684149,
				"packets":	789,
				"omitted":	false,
				"sender":	true
			}
		}, {
			"streams":	[{
					"socket":	6,
					"start":	20.000091,
					"end":	30.000104,
					"seconds":	10.00001335144043,
					"bytes":	4300560,
					"bits_per_second":	3440443.4065124807,
					"packets":	2970,
					"omitted":	false,
					"sender":	true
				}],
			"sum":	{
				"start":	20.000091,
				"end":	30.000104,
				"seconds":	10.00001335144043,
				"bytes":	4300560,
				"bits_per_second":	3440443.4065124807,
				"packets":	2970,
				"omitted":	false,
				"sender":	true
			}
		}],
	"end":	{
		"streams":	[{
				"udp":	{
					"socket":	6,
					"start":	0,
					"end":	30.000104,
					"seconds":	30.000104,
					"bytes":	12410808,
					"bits_per_second":	3309537.3269372666,
					"jitter_ms":	0.39142347319422038,
					"lost_packets":	2008,
					"packets":	8571,
					"lost_percent":	23.427838058569595,
					"out_of_order":	0,
					"sender":	true
				}
			}],
		"sum":	{
			"start":	0,
			"end":	30.006737,
			"seconds":	30.006737,
			"bytes":	12410808,
			"bits_per_second":	3309537.3269372666,
			"jitter_ms":	0.39142347319422038,
			"lost_packets":	2008,
			"packets":	8571,
			"lost_percent":	23.427838058569595,
			"sender":	true
		},
		"cpu_utilization_percent":	{
			"host_total":	5.9681758604091879,
			"host_user":	1.1927154223763905,
			"host_system":	4.7754437759004515,
			"remote_total":	0.96369454569485113,
			"remote_user":	0.10931513215343117,
			"remote_system":	0.85440606033313282
		}
	}
}
