{
	"start":	{
		"connected":	[{
				"socket":	6,
				"local_host":	"10.20.15.3",
				"local_port":	49023,
				"remote_host":	"10.20.15.2",
				"remote_port":	5201
			}],
		"version":	"iperf 3.7",
		"system_info":	"Linux node2 5.8.0-1006-raspi #9-Ubuntu SMP PREEMPT Fri Oct 16 12:55:30 UTC 2020 aarch64",
		"timestamp":	{
			"time":	"Sun, 08 Aug 2021 13:38:32 GMT",
			"timesecs":	1628429912
		},
		"connecting_to":	{
			"host":	"10.20.15.2",
			"port":	5201
		},
		"cookie":	"ei4jnkaetegu46t5q4koicgoihny2qiinaua",
		"sock_bufsize":	0,
		"sndbuf_actual":	212992,
		"rcvbuf_actual":	212992,
		"test_start":	{
			"protocol":	"UDP",
			"num_streams":	1,
			"blksize":	1448,
			"omit":	0,
			"duration":	30,
			"bytes":	0,
			"blocks":	0,
			"reverse":	0,
			"tos":	0
		}
	},
	"intervals":	[{
			"streams":	[{
					"socket":	6,
					"start":	0,
					"end":	10.000087,
					"seconds":	10.000086784362793,
					"bytes":	8931264,
					"bits_per_second":	7144949.19301371,
					"packets":	6168,
					"omitted":	false,
					"sender":	true
				}],
			"sum":	{
				"start":	0,
				"end":	10.000087,
				"seconds":	10.000086784362793,
				"bytes":	8931264,
				"bits_per_second":	7144949.19301371,
				"packets":	6168,
				"omitted":	false,
				"sender":	true
			}
		}, {
			"streams":	[{
					"socket":	6,
					"start":	10.000087,
					"end":	20.000088,
					"seconds":	10.000000953674316,
					"bytes":	1110616,
					"bits_per_second":	888492.71526673168,
					"packets":	767,
					"omitted":	false,
					"sender":	true
				}],
			"sum":	{
				"start":	10.000087,
				"end":	20.000088,
				"seconds":	10.000000953674316,
				"bytes":	1110616,
				"bits_per_second":	888492.71526673168,
				"packets":	767,
				"omitted":	false,
				"sender":	true
			}
		}, {
			"streams":	[{
					"socket":	6,
					"start":	20.000088,
					"end":	30.000158,
					"seconds":	10.000069618225098,
					"bytes":	1953352,
					"bits_per_second":	1562670.7209637994,
					"packets":	1349,
					"omitted":	false,
					"sender":	true
				}],
			"sum":	{
				"start":	20.000088,
				"end":	30.000158,
				"seconds":	10.000069618225098,
				"bytes":	1953352,
				"bits_per_second":	1562670.7209637994,
				"packets":	1349,
				"omitted":	false,
				"sender":	true
			}
		}],
	"end":	{
		"streams":	[{
				"udp":	{
					"socket":	6,
					"start":	0,
					"end":	30.000158,
					"seconds":	30.000158,
					"bytes":	11995232,
					"bits_per_second":	3198711.6867851163,
					"jitter_ms":	0.27682214442519815,
					"lost_packets":	1829,
					"packets":	8284,
					"lost_percent":	22.078705939159825,
					"out_of_order":	0,
					"sender":	true
				}
			}],
		"sum":	{
			"start":	0,
			"end":	30.003202,
			"seconds":	30.003202,
			"bytes":	11995232,
			"bits_per_second":	3198711.6867851163,
			"jitter_ms":	0.27682214442519815,
			"lost_packets":	1829,
			"packets":	8284,
			"lost_percent":	22.078705939159825,
			"sender":	true
		},
		"cpu_utilization_percent":	{
			"host_total":	5.6462312389784408,
			"host_user":	0.67974824469883688,
			"host_system":	4.9666296318045058,
			"remote_total":	1.0175016751521497,
			"remote_user":	0.092956285058922172,
			"remote_system":	0.92454539009322756
		}
	}
}
