{
	"start":	{
		"connected":	[{
				"socket":	6,
				"local_host":	"10.20.15.3",
				"local_port":	54385,
				"remote_host":	"10.20.15.2",
				"remote_port":	5201
			}],
		"version":	"iperf 3.7",
		"system_info":	"Linux node2 5.8.0-1006-raspi #9-Ubuntu SMP PREEMPT Fri Oct 16 12:55:30 UTC 2020 aarch64",
		"timestamp":	{
			"time":	"Sun, 08 Aug 2021 13:39:32 GMT",
			"timesecs":	1628429972
		},
		"connecting_to":	{
			"host":	"10.20.15.2",
			"port":	5201
		},
		"cookie":	"yz7euyyzvgwc6lrgmhpddvbmrnjuut5l4rnf",
		"sock_bufsize":	0,
		"sndbuf_actual":	212992,
		"rcvbuf_actual":	212992,
		"test_start":	{
			"protocol":	"UDP",
			"num_streams":	1,
			"blksize":	1448,
			"omit":	0,
			"duration":	30,
			"bytes":	0,
			"blocks":	0,
			"reverse":	0,
			"tos":	0
		}
	},
	"intervals":	[{
			"streams":	[{
					"socket":	6,
					"start":	0,
					"end":	10.000089,
					"seconds":	10.000088691711426,
					"bytes":	8583744,
					"bits_per_second":	6866934.2959845038,
					"packets":	5928,
					"omitted":	false,
					"sender":	true
				}],
			"sum":	{
				"start":	0,
				"end":	10.000089,
				"seconds":	10.000088691711426,
				"bytes":	8583744,
				"bits_per_second":	6866934.2959845038,
				"packets":	5928,
				"omitted":	false,
				"sender":	true
			}
		}, {
			"streams":	[{
					"socket":	6,
					"start":	10.000089,
					"end":	20.000084,
					"seconds":	9.999995231628418,
					"bytes":	1227904,
					"bits_per_second":	982323.66840842646,
					"packets":	848,
					"omitted":	false,
					"sender":	true
				}],
			"sum":	{
				"start":	10.000089,
				"end":	20.000084,
				"seconds":	9.999995231628418,
				"bytes":	1227904,
				"bits_per_second":	982323.66840842646,
				"packets":	848,
				"omitted":	false,
				"sender":	true
			}
		}, {
			"streams":	[{
					"socket":	6,
					"start":	20.000084,
					"end":	30.000117,
					"seconds":	10.000033378601074,
					"bytes":	3802448,
					"bits_per_second":	3041948.2464022995,
					"packets":	2626,
					"omitted":	false,
					"sender":	true
				}],
			"sum":	{
				"start":	20.000084,
				"end":	30.000117,
				"seconds":	10.000033378601074,
				"bytes":	3802448,
				"bits_per_second":	3041948.2464022995,
				"packets":	2626,
				"omitted":	false,
				"sender":	true
			}
		}],
	"end":	{
		"streams":	[{
				"udp":	{
					"socket":	6,
					"start":	0,
					"end":	30.000117,
					"seconds":	30.000117,
					"bytes":	13614096,
					"bits_per_second":	3630411.4413953787,
					"jitter_ms":	0.2291519210311912,
					"lost_packets":	1735,
					"packets":	9402,
					"lost_percent":	18.45352052754733,
					"out_of_order":	0,
					"sender":	true
				}
			}],
		"sum":	{
			"start":	0,
			"end":	30.006062,
			"seconds":	30.006062,
			"bytes":	13614096,
			"bits_per_second":	3630411.4413953787,
			"jitter_ms":	0.2291519210311912,
			"lost_packets":	1735,
			"packets":	9402,
			"lost_percent":	18.45352052754733,
			"sender":	true
		},
		"cpu_utilization_percent":	{
			"host_total":	5.8627699644401323,
			"host_user":	0.59540454014746413,
			"host_system":	5.2673720884358453,
			"remote_total":	1.213905879794154,
			"remote_user":	0.0073475985326785778,
			"remote_system":	1.2065616119951712
		}
	}
}
