{
	"start":	{
		"connected":	[{
				"socket":	6,
				"local_host":	"10.20.15.3",
				"local_port":	55187,
				"remote_host":	"10.20.15.2",
				"remote_port":	5201
			}],
		"version":	"iperf 3.7",
		"system_info":	"Linux node2 5.8.0-1006-raspi #9-Ubuntu SMP PREEMPT Fri Oct 16 12:55:30 UTC 2020 aarch64",
		"timestamp":	{
			"time":	"Sun, 08 Aug 2021 12:12:37 GMT",
			"timesecs":	1628424757
		},
		"connecting_to":	{
			"host":	"10.20.15.2",
			"port":	5201
		},
		"cookie":	"euawepnpq6iyy5rwbvqwtkfb74y2xfloq5wc",
		"sock_bufsize":	0,
		"sndbuf_actual":	212992,
		"rcvbuf_actual":	212992,
		"test_start":	{
			"protocol":	"UDP",
			"num_streams":	1,
			"blksize":	1448,
			"omit":	0,
			"duration":	30,
			"bytes":	0,
			"blocks":	0,
			"reverse":	0,
			"tos":	0
		}
	},
	"intervals":	[{
			"streams":	[{
					"socket":	6,
					"start":	0,
					"end":	10.000135,
					"seconds":	10.00013542175293,
					"bytes":	8525824,
					"bits_per_second":	6820566.8346883273,
					"packets":	5888,
					"omitted":	false,
					"sender":	true
				}],
			"sum":	{
				"start":	0,
				"end":	10.000135,
				"seconds":	10.00013542175293,
				"bytes":	8525824,
				"bits_per_second":	6820566.8346883273,
				"packets":	5888,
				"omitted":	false,
				"sender":	true
			}
		}, {
			"streams":	[{
					"socket":	6,
					"start":	10.000135,
					"end":	20.000077,
					"seconds":	9.9999418258667,
					"bytes":	1639136,
					"bits_per_second":	1311316.4284696709,
					"packets":	1132,
					"omitted":	false,
					"sender":	true
				}],
			"sum":	{
				"start":	10.000135,
				"end":	20.000077,
				"seconds":	9.9999418258667,
				"bytes":	1639136,
				"bits_per_second":	1311316.4284696709,
				"packets":	1132,
				"omitted":	false,
				"sender":	true
			}
		}, {
			"streams":	[{
					"socket":	6,
					"start":	20.000077,
					"end":	30.000102,
					"seconds":	10.000024795532227,
					"bytes":	4781296,
					"bits_per_second":	3825027.3156411927,
					"packets":	3302,
					"omitted":	false,
					"sender":	true
				}],
			"sum":	{
				"start":	20.000077,
				"end":	30.000102,
				"seconds":	10.000024795532227,
				"bytes":	4781296,
				"bits_per_second":	3825027.3156411927,
				"packets":	3302,
				"omitted":	false,
				"sender":	true
			}
		}],
	"end":	{
		"streams":	[{
				"udp":	{
					"socket":	6,
					"start":	0,
					"end":	30.000102,
					"seconds":	30.000102,
					"bytes":	14946256,
					"bits_per_second":	3985654.7154406342,
					"jitter_ms":	0.37741336057787117,
					"lost_packets":	3472,
					"packets":	10322,
					"lost_percent":	33.636892075179226,
					"out_of_order":	0,
					"sender":	true
				}
			}],
		"sum":	{
			"start":	0,
			"end":	30.006081,
			"seconds":	30.006081,
			"bytes":	14946256,
			"bits_per_second":	3985654.7154406342,
			"jitter_ms":	0.37741336057787117,
			"lost_packets":	3472,
			"packets":	10322,
			"lost_percent":	33.636892075179226,
			"sender":	true
		},
		"cpu_utilization_percent":	{
			"host_total":	5.9376327426351674,
			"host_user":	0.33794169276157565,
			"host_system":	5.5996843851456948,
			"remote_total":	1.006371669766273,
			"remote_user":	0.10253483759510337,
			"remote_system":	0.90382017717188512
		}
	}
}
