{
	"start":	{
		"connected":	[{
				"socket":	6,
				"local_host":	"10.20.15.3",
				"local_port":	53389,
				"remote_host":	"10.20.15.2",
				"remote_port":	5201
			}],
		"version":	"iperf 3.7",
		"system_info":	"Linux node2 5.8.0-1006-raspi #9-Ubuntu SMP PREEMPT Fri Oct 16 12:55:30 UTC 2020 aarch64",
		"timestamp":	{
			"time":	"Sun, 08 Aug 2021 12:25:39 GMT",
			"timesecs":	1628425539
		},
		"connecting_to":	{
			"host":	"10.20.15.2",
			"port":	5201
		},
		"cookie":	"xp6hb3ni3jtuvxhmarom4xwu76ored6627ud",
		"sock_bufsize":	0,
		"sndbuf_actual":	212992,
		"rcvbuf_actual":	212992,
		"test_start":	{
			"protocol":	"UDP",
			"num_streams":	1,
			"blksize":	1448,
			"omit":	0,
			"duration":	30,
			"bytes":	0,
			"blocks":	0,
			"reverse":	0,
			"tos":	0
		}
	},
	"intervals":	[{
			"streams":	[{
					"socket":	6,
					"start":	0,
					"end":	10.000079,
					"seconds":	10.000079154968262,
					"bytes":	2460152,
					"bits_per_second":	1968106.0214630335,
					"packets":	1699,
					"omitted":	false,
					"sender":	true
				}],
			"sum":	{
				"start":	0,
				"end":	10.000079,
				"seconds":	10.000079154968262,
				"bytes":	2460152,
				"bits_per_second":	1968106.0214630335,
				"packets":	1699,
				"omitted":	false,
				"sender":	true
			}
		}, {
			"streams":	[{
					"socket":	6,
					"start":	10.000079,
					"end":	20.000089,
					"seconds":	10.000009536743164,
					"bytes":	779024,
					"bits_per_second":	623218.60565242229,
					"packets":	538,
					"omitted":	false,
					"sender":	true
				}],
			"sum":	{
				"start":	10.000079,
				"end":	20.000089,
				"seconds":	10.000009536743164,
				"bytes":	779024,
				"bits_per_second":	623218.60565242229,
				"packets":	538,
				"omitted":	false,
				"sender":	true
			}
		}, {
			"streams":	[{
					"socket":	6,
					"start":	20.000089,
					"end":	30.000114,
					"seconds":	10.000024795532227,
					"bytes":	7347152,
					"bits_per_second":	5877707.0259126024,
					"packets":	5074,
					"omitted":	false,
					"sender":	true
				}],
			"sum":	{
				"start":	20.000089,
				"end":	30.000114,
				"seconds":	10.000024795532227,
				"bytes":	7347152,
				"bits_per_second":	5877707.0259126024,
				"packets":	5074,
				"omitted":	false,
				"sender":	true
			}
		}],
	"end":	{
		"streams":	[{
				"udp":	{
					"socket":	6,
					"start":	0,
					"end":	30.000114,
					"seconds":	30.000114,
					"bytes":	10586328,
					"bits_per_second":	2823010.0725617241,
					"jitter_ms":	0.33927131228603197,
					"lost_packets":	1799,
					"packets":	7311,
					"lost_percent":	24.606756941594856,
					"out_of_order":	0,
					"sender":	true
				}
			}],
		"sum":	{
			"start":	0,
			"end":	30.002361,
			"seconds":	30.002361,
			"bytes":	10586328,
			"bits_per_second":	2823010.0725617241,
			"jitter_ms":	0.33927131228603197,
			"lost_packets":	1799,
			"packets":	7311,
			"lost_percent":	24.606756941594856,
			"sender":	true
		},
		"cpu_utilization_percent":	{
			"host_total":	5.5733719067668277,
			"host_user":	0.36574176275365472,
			"host_system":	5.2074935053301079,
			"remote_total":	0.884901058754108,
			"remote_user":	0.080094810399358257,
			"remote_system":	0.80480291662386771
		}
	}
}
