{
	"start":	{
		"connected":	[{
				"socket":	6,
				"local_host":	"10.20.15.3",
				"local_port":	47068,
				"remote_host":	"10.20.15.2",
				"remote_port":	5201
			}],
		"version":	"iperf 3.7",
		"system_info":	"Linux node2 5.8.0-1006-raspi #9-Ubuntu SMP PREEMPT Fri Oct 16 12:55:30 UTC 2020 aarch64",
		"timestamp":	{
			"time":	"Sun, 08 Aug 2021 10:32:34 GMT",
			"timesecs":	1628418754
		},
		"connecting_to":	{
			"host":	"10.20.15.2",
			"port":	5201
		},
		"cookie":	"6bj3ebaz6axhgbehfaj62aghdsyhvhhif2p4",
		"sock_bufsize":	0,
		"sndbuf_actual":	212992,
		"rcvbuf_actual":	212992,
		"test_start":	{
			"protocol":	"UDP",
			"num_streams":	1,
			"blksize":	1448,
			"omit":	0,
			"duration":	30,
			"bytes":	0,
			"blocks":	0,
			"reverse":	0,
			"tos":	0
		}
	},
	"intervals":	[{
			"streams":	[{
					"socket":	6,
					"start":	0,
					"end":	10.000092,
					"seconds":	10.000091552734375,
					"bytes":	43329952,
					"bits_per_second":	34663644.2448586,
					"packets":	29924,
					"omitted":	false,
					"sender":	true
				}],
			"sum":	{
				"start":	0,
				"end":	10.000092,
				"seconds":	10.000091552734375,
				"bytes":	43329952,
				"bits_per_second":	34663644.2448586,
				"packets":	29924,
				"omitted":	false,
				"sender":	true
			}
		}, {
			"streams":	[{
					"socket":	6,
					"start":	10.000092,
					"end":	20.000076,
					"seconds":	9.9999837875366211,
					"bytes":	42785504,
					"bits_per_second":	34228458.692763306,
					"packets":	29548,
					"omitted":	false,
					"sender":	true
				}],
			"sum":	{
				"start":	10.000092,
				"end":	20.000076,
				"seconds":	9.9999837875366211,
				"bytes":	42785504,
				"bits_per_second":	34228458.692763306,
				"packets":	29548,
				"omitted":	false,
				"sender":	true
			}
		}, {
			"streams":	[{
					"socket":	6,
					"start":	20.000076,
					"end":	30.000151,
					"seconds":	10.000075340270996,
					"bytes":	42287392,
					"bits_per_second":	33829658.726434387,
					"packets":	29204,
					"omitted":	false,
					"sender":	true
				}],
			"sum":	{
				"start":	20.000076,
				"end":	30.000151,
				"seconds":	10.000075340270996,
				"bytes":	42287392,
				"bits_per_second":	33829658.726434387,
				"packets":	29204,
				"omitted":	false,
				"sender":	true
			}
		}],
	"end":	{
		"streams":	[{
				"udp":	{
					"socket":	6,
					"start":	0,
					"end":	30.000151,
					"seconds":	30.000151,
					"bytes":	128402848,
					"bits_per_second":	34240587.122378156,
					"jitter_ms":	0.48440092410565272,
					"lost_packets":	7847,
					"packets":	88676,
					"lost_percent":	8.8490685191032519,
					"out_of_order":	0,
					"sender":	true
				}
			}],
		"sum":	{
			"start":	0,
			"end":	30.008636,
			"seconds":	30.008636,
			"bytes":	128402848,
			"bits_per_second":	34240587.122378156,
			"jitter_ms":	0.48440092410565272,
			"lost_packets":	7847,
			"packets":	88676,
			"lost_percent":	8.8490685191032519,
			"sender":	true
		},
		"cpu_utilization_percent":	{
			"host_total":	20.883163888533126,
			"host_user":	1.7629977694081009,
			"host_system":	19.120229439927172,
			"remote_total":	12.391965767200523,
			"remote_user":	1.2026587138504392,
			"remote_system":	11.189307053350083
		}
	}
}
