{
	"start":	{
		"connected":	[{
				"socket":	6,
				"local_host":	"10.20.15.3",
				"local_port":	60229,
				"remote_host":	"10.20.15.2",
				"remote_port":	5201
			}],
		"version":	"iperf 3.7",
		"system_info":	"Linux node2 5.8.0-1006-raspi #9-Ubuntu SMP PREEMPT Fri Oct 16 12:55:30 UTC 2020 aarch64",
		"timestamp":	{
			"time":	"Sun, 08 Aug 2021 13:46:03 GMT",
			"timesecs":	1628430363
		},
		"connecting_to":	{
			"host":	"10.20.15.2",
			"port":	5201
		},
		"cookie":	"34c5c45dzihbqamwi7nc3vtugjiiziic7fxq",
		"sock_bufsize":	0,
		"sndbuf_actual":	212992,
		"rcvbuf_actual":	212992,
		"test_start":	{
			"protocol":	"UDP",
			"num_streams":	1,
			"blksize":	1448,
			"omit":	0,
			"duration":	30,
			"bytes":	0,
			"blocks":	0,
			"reverse":	0,
			"tos":	0
		}
	},
	"intervals":	[{
			"streams":	[{
					"socket":	6,
					"start":	0,
					"end":	10.000088,
					"seconds":	10.000087738037109,
					"bytes":	6071464,
					"bits_per_second":	4857128.5845072009,
					"packets":	4193,
					"omitted":	false,
					"sender":	true
				}],
			"sum":	{
				"start":	0,
				"end":	10.000088,
				"seconds":	10.000087738037109,
				"bytes":	6071464,
				"bits_per_second":	4857128.5845072009,
				"packets":	4193,
				"omitted":	false,
				"sender":	true
			}
		}, {
			"streams":	[{
					"socket":	6,
					"start":	10.000088,
					"end":	20.00013,
					"seconds":	10.000041961669922,
					"bytes":	1097584,
					"bits_per_second":	878063.51549885923,
					"packets":	758,
					"omitted":	false,
					"sender":	true
				}],
			"sum":	{
				"start":	10.000088,
				"end":	20.00013,
				"seconds":	10.000041961669922,
				"bytes":	1097584,
				"bits_per_second":	878063.51549885923,
				"packets":	758,
				"omitted":	false,
				"sender":	true
			}
		}, {
			"streams":	[{
					"socket":	6,
					"start":	20.00013,
					"end":	30.000103,
					"seconds":	9.99997329711914,
					"bytes":	6935920,
					"bits_per_second":	5548750.816763198,
					"packets":	4790,
					"omitted":	false,
					"sender":	true
				}],
			"sum":	{
				"start":	20.00013,
				"end":	30.000103,
				"seconds":	9.99997329711914,
				"bytes":	6935920,
				"bits_per_second":	5548750.816763198,
				"packets":	4790,
				"omitted":	false,
				"sender":	true
			}
		}],
	"end":	{
		"streams":	[{
				"udp":	{
					"socket":	6,
					"start":	0,
					"end":	30.000103,
					"seconds":	30.000103,
					"bytes":	14104968,
					"bits_per_second":	3761311.8861625241,
					"jitter_ms":	0.31716400073529166,
					"lost_packets":	1890,
					"packets":	9741,
					"lost_percent":	19.402525408068986,
					"out_of_order":	0,
					"sender":	true
				}
			}],
		"sum":	{
			"start":	0,
			"end":	30.005359,
			"seconds":	30.005359,
			"bytes":	14104968,
			"bits_per_second":	3761311.8861625241,
			"jitter_ms":	0.31716400073529166,
			"lost_packets":	1890,
			"packets":	9741,
			"lost_percent":	19.402525408068986,
			"sender":	true
		},
		"cpu_utilization_percent":	{
			"host_total":	5.85136580080052,
			"host_user":	0.35402361901511842,
			"host_system":	5.4973388492024542,
			"remote_total":	1.1736995276037141,
			"remote_user":	0.072671994969031026,
			"remote_system":	1.1010075430885495
		}
	}
}
