{
	"start":	{
		"connected":	[{
				"socket":	6,
				"local_host":	"10.20.15.3",
				"local_port":	43485,
				"remote_host":	"10.20.15.2",
				"remote_port":	5201
			}],
		"version":	"iperf 3.7",
		"system_info":	"Linux node2 5.8.0-1006-raspi #9-Ubuntu SMP PREEMPT Fri Oct 16 12:55:30 UTC 2020 aarch64",
		"timestamp":	{
			"time":	"Sun, 08 Aug 2021 13:40:32 GMT",
			"timesecs":	1628430032
		},
		"connecting_to":	{
			"host":	"10.20.15.2",
			"port":	5201
		},
		"cookie":	"a3r7uo65izq6blswejvxjadgadziqvtnbm7x",
		"sock_bufsize":	0,
		"sndbuf_actual":	212992,
		"rcvbuf_actual":	212992,
		"test_start":	{
			"protocol":	"UDP",
			"num_streams":	1,
			"blksize":	1448,
			"omit":	0,
			"duration":	30,
			"bytes":	0,
			"blocks":	0,
			"reverse":	0,
			"tos":	0
		}
	},
	"intervals":	[{
			"streams":	[{
					"socket":	6,
					"start":	0,
					"end":	10.000148,
					"seconds":	10.000147819519043,
					"bytes":	8970360,
					"bits_per_second":	7176181.9220239725,
					"packets":	6195,
					"omitted":	false,
					"sender":	true
				}],
			"sum":	{
				"start":	0,
				"end":	10.000148,
				"seconds":	10.000147819519043,
				"bytes":	8970360,
				"bits_per_second":	7176181.9220239725,
				"packets":	6195,
				"omitted":	false,
				"sender":	true
			}
		}, {
			"streams":	[{
					"socket":	6,
					"start":	10.000148,
					"end":	20.000102,
					"seconds":	9.9999542236328125,
					"bytes":	1365464,
					"bits_per_second":	1092376.2005014061,
					"packets":	943,
					"omitted":	false,
					"sender":	true
				}],
			"sum":	{
				"start":	10.000148,
				"end":	20.000102,
				"seconds":	9.9999542236328125,
				"bytes":	1365464,
				"bits_per_second":	1092376.2005014061,
				"packets":	943,
				"omitted":	false,
				"sender":	true
			}
		}, {
			"streams":	[{
					"socket":	6,
					"start":	20.000102,
					"end":	30.000073,
					"seconds":	9.9999713897705078,
					"bytes":	3911048,
					"bits_per_second":	3128847.3517040778,
					"packets":	2701,
					"omitted":	false,
					"sender":	true
				}],
			"sum":	{
				"start":	20.000102,
				"end":	30.000073,
				"seconds":	9.9999713897705078,
				"bytes":	3911048,
				"bits_per_second":	3128847.3517040778,
				"packets":	2701,
				"omitted":	false,
				"sender":	true
			}
		}],
	"end":	{
		"streams":	[{
				"udp":	{
					"socket":	6,
					"start":	0,
					"end":	30.000073,
					"seconds":	30.000073,
					"bytes":	14246872,
					"bits_per_second":	3799156.6220522197,
					"jitter_ms":	0.32144555557842003,
					"lost_packets":	1983,
					"packets":	9839,
					"lost_percent":	20.154487244638684,
					"out_of_order":	0,
					"sender":	true
				}
			}],
		"sum":	{
			"start":	0,
			"end":	30.002832,
			"seconds":	30.002832,
			"bytes":	14246872,
			"bits_per_second":	3799156.6220522197,
			"jitter_ms":	0.32144555557842003,
			"lost_packets":	1983,
			"packets":	9839,
			"lost_percent":	20.154487244638684,
			"sender":	true
		},
		"cpu_utilization_percent":	{
			"host_total":	5.9533298625707314,
			"host_user":	0.7070084721310671,
			"host_system":	5.2463213904396646,
			"remote_total":	1.2302961411690223,
			"remote_user":	0.0288665839790892,
			"remote_system":	1.201432888590277
		}
	}
}
