{
	"start":	{
		"connected":	[{
				"socket":	6,
				"local_host":	"10.20.15.3",
				"local_port":	40462,
				"remote_host":	"10.20.15.2",
				"remote_port":	5201
			}],
		"version":	"iperf 3.7",
		"system_info":	"Linux node2 5.8.0-1006-raspi #9-Ubuntu SMP PREEMPT Fri Oct 16 12:55:30 UTC 2020 aarch64",
		"timestamp":	{
			"time":	"Sun, 08 Aug 2021 13:54:41 GMT",
			"timesecs":	1628430881
		},
		"connecting_to":	{
			"host":	"10.20.15.2",
			"port":	5201
		},
		"cookie":	"tv6ubab6cihy5moaj7fy5estgqpu2ucm36wy",
		"sock_bufsize":	0,
		"sndbuf_actual":	212992,
		"rcvbuf_actual":	212992,
		"test_start":	{
			"protocol":	"UDP",
			"num_streams":	1,
			"blksize":	1448,
			"omit":	0,
			"duration":	30,
			"bytes":	0,
			"blocks":	0,
			"reverse":	0,
			"tos":	0
		}
	},
	"intervals":	[{
			"streams":	[{
					"socket":	6,
					"start":	0,
					"end":	10.000088,
					"seconds":	10.000087738037109,
					"bytes":	1229352,
					"bits_per_second":	983472.97120119561,
					"packets":	849,
					"omitted":	false,
					"sender":	true
				}],
			"sum":	{
				"start":	0,
				"end":	10.000088,
				"seconds":	10.000087738037109,
				"bytes":	1229352,
				"bits_per_second":	983472.97120119561,
				"packets":	849,
				"omitted":	false,
				"sender":	true
			}
		}, {
			"streams":	[{
					"socket":	6,
					"start":	10.000088,
					"end":	20.00009,
					"seconds":	10.000001907348633,
					"bytes":	1377048,
					"bits_per_second":	1101638.1898791904,
					"packets":	951,
					"omitted":	false,
					"sender":	true
				}],
			"sum":	{
				"start":	10.000088,
				"end":	20.00009,
				"seconds":	10.000001907348633,
				"bytes":	1377048,
				"bits_per_second":	1101638.1898791904,
				"packets":	951,
				"omitted":	false,
				"sender":	true
			}
		}, {
			"streams":	[{
					"socket":	6,
					"start":	20.00009,
					"end":	30.000115,
					"seconds":	10.000024795532227,
					"bytes":	10477728,
					"bits_per_second":	8382161.6159841521,
					"packets":	7236,
					"omitted":	false,
					"sender":	true
				}],
			"sum":	{
				"start":	20.00009,
				"end":	30.000115,
				"seconds":	10.000024795532227,
				"bytes":	10477728,
				"bits_per_second":	8382161.6159841521,
				"packets":	7236,
				"omitted":	false,
				"sender":	true
			}
		}],
	"end":	{
		"streams":	[{
				"udp":	{
					"socket":	6,
					"start":	0,
					"end":	30.000115,
					"seconds":	30.000115,
					"bytes":	13084128,
					"bits_per_second":	3489087.42516487,
					"jitter_ms":	146.28922801590625,
					"lost_packets":	1918,
					"packets":	9036,
					"lost_percent":	21.22620628596724,
					"out_of_order":	0,
					"sender":	true
				}
			}],
		"sum":	{
			"start":	0,
			"end":	30.56351,
			"seconds":	30.56351,
			"bytes":	13084128,
			"bits_per_second":	3489087.42516487,
			"jitter_ms":	146.28922801590625,
			"lost_packets":	1918,
			"packets":	9036,
			"lost_percent":	21.22620628596724,
			"sender":	true
		},
		"cpu_utilization_percent":	{
			"host_total":	6.177913047918973,
			"host_user":	0.7492918913328398,
			"host_system":	5.4286112468470105,
			"remote_total":	1.0713492012488046,
			"remote_user":	0.071362754627619623,
			"remote_system":	0.99998644662118474
		}
	}
}
