{
	"start":	{
		"connected":	[{
				"socket":	6,
				"local_host":	"10.20.15.3",
				"local_port":	52017,
				"remote_host":	"10.20.15.2",
				"remote_port":	5201
			}],
		"version":	"iperf 3.7",
		"system_info":	"Linux node2 5.8.0-1006-raspi #9-Ubuntu SMP PREEMPT Fri Oct 16 12:55:30 UTC 2020 aarch64",
		"timestamp":	{
			"time":	"Sun, 08 Aug 2021 13:36:02 GMT",
			"timesecs":	1628429762
		},
		"connecting_to":	{
			"host":	"10.20.15.2",
			"port":	5201
		},
		"cookie":	"npjxknh6mqmbl4oylhcdj6m5f56hewu3237f",
		"sock_bufsize":	0,
		"sndbuf_actual":	212992,
		"rcvbuf_actual":	212992,
		"test_start":	{
			"protocol":	"UDP",
			"num_streams":	1,
			"blksize":	1448,
			"omit":	0,
			"duration":	30,
			"bytes":	0,
			"blocks":	0,
			"reverse":	0,
			"tos":	0
		}
	},
	"intervals":	[{
			"streams":	[{
					"socket":	6,
					"start":	0,
					"end":	10.000152,
					"seconds":	10.000151634216309,
					"bytes":	11103264,
					"bits_per_second":	8882476.5112635344,
					"packets":	7668,
					"omitted":	false,
					"sender":	true
				}],
			"sum":	{
				"start":	0,
				"end":	10.000152,
				"seconds":	10.000151634216309,
				"bytes":	11103264,
				"bits_per_second":	8882476.5112635344,
				"packets":	7668,
				"omitted":	false,
				"sender":	true
			}
		}, {
			"streams":	[{
					"socket":	6,
					"start":	10.000152,
					"end":	20.000123,
					"seconds":	9.9999713897705078,
					"bytes":	1782488,
					"bits_per_second":	1425994.4798029321,
					"packets":	1231,
					"omitted":	false,
					"sender":	true
				}],
			"sum":	{
				"start":	10.000152,
				"end":	20.000123,
				"seconds":	9.9999713897705078,
				"bytes":	1782488,
				"bits_per_second":	1425994.4798029321,
				"packets":	1231,
				"omitted":	false,
				"sender":	true
			}
		}, {
			"streams":	[{
					"socket":	6,
					"start":	20.000123,
					"end":	30.000078,
					"seconds":	9.9999551773071289,
					"bytes":	3315920,
					"bits_per_second":	2652747.8903303952,
					"packets":	2290,
					"omitted":	false,
					"sender":	true
				}],
			"sum":	{
				"start":	20.000123,
				"end":	30.000078,
				"seconds":	9.9999551773071289,
				"bytes":	3315920,
				"bits_per_second":	2652747.8903303952,
				"packets":	2290,
				"omitted":	false,
				"sender":	true
			}
		}],
	"end":	{
		"streams":	[{
				"udp":	{
					"socket":	6,
					"start":	0,
					"end":	30.000078,
					"seconds":	30.000078,
					"bytes":	16201672,
					"bits_per_second":	4320434.63353662,
					"jitter_ms":	0.49984564742739152,
					"lost_packets":	2450,
					"packets":	11189,
					"lost_percent":	21.896505496469747,
					"out_of_order":	0,
					"sender":	true
				}
			}],
		"sum":	{
			"start":	0,
			"end":	30.005116,
			"seconds":	30.005116,
			"bytes":	16201672,
			"bits_per_second":	4320434.63353662,
			"jitter_ms":	0.49984564742739152,
			"lost_packets":	2450,
			"packets":	11189,
			"lost_percent":	21.896505496469747,
			"sender":	true
		},
		"cpu_utilization_percent":	{
			"host_total":	6.1056945802668867,
			"host_user":	0.68762777233303085,
			"host_system":	5.4180668079338554,
			"remote_total":	1.4157107661734578,
			"remote_user":	0.13007282172578224,
			"remote_system":	1.2856412756337265
		}
	}
}
