{
	"start":	{
		"connected":	[{
				"socket":	6,
				"local_host":	"10.20.15.3",
				"local_port":	48132,
				"remote_host":	"10.20.15.2",
				"remote_port":	5201
			}],
		"version":	"iperf 3.7",
		"system_info":	"Linux node2 5.8.0-1006-raspi #9-Ubuntu SMP PREEMPT Fri Oct 16 12:55:30 UTC 2020 aarch64",
		"timestamp":	{
			"time":	"Sun, 08 Aug 2021 12:47:46 GMT",
			"timesecs":	1628426866
		},
		"connecting_to":	{
			"host":	"10.20.15.2",
			"port":	5201
		},
		"cookie":	"jltznlhhr5ouxn7hol3mbi67egm6zrh4ntui",
		"sock_bufsize":	0,
		"sndbuf_actual":	212992,
		"rcvbuf_actual":	212992,
		"test_start":	{
			"protocol":	"UDP",
			"num_streams":	1,
			"blksize":	1448,
			"omit":	0,
			"duration":	30,
			"bytes":	0,
			"blocks":	0,
			"reverse":	0,
			"tos":	0
		}
	},
	"intervals":	[{
			"streams":	[{
					"socket":	6,
					"start":	0,
					"end":	10.000083,
					"seconds":	10.000082969665527,
					"bytes":	9564040,
					"bits_per_second":	7651168.5185107123,
					"packets":	6605,
					"omitted":	false,
					"sender":	true
				}],
			"sum":	{
				"start":	0,
				"end":	10.000083,
				"seconds":	10.000082969665527,
				"bytes":	9564040,
				"bits_per_second":	7651168.5185107123,
				"packets":	6605,
				"omitted":	false,
				"sender":	true
			}
		}, {
			"streams":	[{
					"socket":	6,
					"start":	10.000083,
					"end":	20.00009,
					"seconds":	10.000006675720215,
					"bytes":	741376,
					"bits_per_second":	593100.40406276437,
					"packets":	512,
					"omitted":	false,
					"sender":	true
				}],
			"sum":	{
				"start":	10.000083,
				"end":	20.00009,
				"seconds":	10.000006675720215,
				"bytes":	741376,
				"bits_per_second":	593100.40406276437,
				"packets":	512,
				"omitted":	false,
				"sender":	true
			}
		}, {
			"streams":	[{
					"socket":	6,
					"start":	20.00009,
					"end":	30.000095,
					"seconds":	10.000004768371582,
					"bytes":	1122200,
					"bits_per_second":	897759.57191487693,
					"packets":	775,
					"omitted":	false,
					"sender":	true
				}],
			"sum":	{
				"start":	20.00009,
				"end":	30.000095,
				"seconds":	10.000004768371582,
				"bytes":	1122200,
				"bits_per_second":	897759.57191487693,
				"packets":	775,
				"omitted":	false,
				"sender":	true
			}
		}],
	"end":	{
		"streams":	[{
				"udp":	{
					"socket":	6,
					"start":	0,
					"end":	30.000095,
					"seconds":	30.000095,
					"bytes":	11427616,
					"bits_per_second":	3047354.61671038,
					"jitter_ms":	3.0465324169996824,
					"lost_packets":	1692,
					"packets":	7892,
					"lost_percent":	21.439432336543334,
					"out_of_order":	0,
					"sender":	true
				}
			}],
		"sum":	{
			"start":	0,
			"end":	30.208835,
			"seconds":	30.208835,
			"bytes":	11427616,
			"bits_per_second":	3047354.61671038,
			"jitter_ms":	3.0465324169996824,
			"lost_packets":	1692,
			"packets":	7892,
			"lost_percent":	21.439432336543334,
			"sender":	true
		},
		"cpu_utilization_percent":	{
			"host_total":	5.6178807001136564,
			"host_user":	0.52516921963785568,
			"host_system":	5.0927114804758009,
			"remote_total":	0.98353881795869269,
			"remote_user":	0.099911031369052786,
			"remote_system":	0.88374028783377123
		}
	}
}
