{
	"start":	{
		"connected":	[{
				"socket":	6,
				"local_host":	"10.20.15.3",
				"local_port":	42440,
				"remote_host":	"10.20.15.2",
				"remote_port":	5201
			}],
		"version":	"iperf 3.7",
		"system_info":	"Linux node2 5.8.0-1006-raspi #9-Ubuntu SMP PREEMPT Fri Oct 16 12:55:30 UTC 2020 aarch64",
		"timestamp":	{
			"time":	"Sun, 08 Aug 2021 10:36:04 GMT",
			"timesecs":	1628418964
		},
		"connecting_to":	{
			"host":	"10.20.15.2",
			"port":	5201
		},
		"cookie":	"odcqjtmscohquddf7rayxm26ue5tidiydstd",
		"sock_bufsize":	0,
		"sndbuf_actual":	212992,
		"rcvbuf_actual":	212992,
		"test_start":	{
			"protocol":	"UDP",
			"num_streams":	1,
			"blksize":	1448,
			"omit":	0,
			"duration":	30,
			"bytes":	0,
			"blocks":	0,
			"reverse":	0,
			"tos":	0
		}
	},
	"intervals":	[{
			"streams":	[{
					"socket":	6,
					"start":	0,
					"end":	10.000376,
					"seconds":	10.000375747680664,
					"bytes":	38353176,
					"bits_per_second":	30681387.953963675,
					"packets":	26487,
					"omitted":	false,
					"sender":	true
				}],
			"sum":	{
				"start":	0,
				"end":	10.000376,
				"seconds":	10.000375747680664,
				"bytes":	38353176,
				"bits_per_second":	30681387.953963675,
				"packets":	26487,
				"omitted":	false,
				"sender":	true
			}
		}, {
			"streams":	[{
					"socket":	6,
					"start":	10.000376,
					"end":	20.000124,
					"seconds":	9.9997482299804688,
					"bytes":	36337560,
					"bits_per_second":	29070779.9150827,
					"packets":	25095,
					"omitted":	false,
					"sender":	true
				}],
			"sum":	{
				"start":	10.000376,
				"end":	20.000124,
				"seconds":	9.9997482299804688,
				"bytes":	36337560,
				"bits_per_second":	29070779.9150827,
				"packets":	25095,
				"omitted":	false,
				"sender":	true
			}
		}, {
			"streams":	[{
					"socket":	6,
					"start":	20.000124,
					"end":	30.000105,
					"seconds":	9.9999809265136719,
					"bytes":	40083536,
					"bits_per_second":	32066889.96273873,
					"packets":	27682,
					"omitted":	false,
					"sender":	true
				}],
			"sum":	{
				"start":	20.000124,
				"end":	30.000105,
				"seconds":	9.9999809265136719,
				"bytes":	40083536,
				"bits_per_second":	32066889.96273873,
				"packets":	27682,
				"omitted":	false,
				"sender":	true
			}
		}],
	"end":	{
		"streams":	[{
				"udp":	{
					"socket":	6,
					"start":	0,
					"end":	30.000105,
					"seconds":	30.000105,
					"bytes":	114774272,
					"bits_per_second":	30606365.411054391,
					"jitter_ms":	0.15510445975675347,
					"lost_packets":	7096,
					"packets":	79264,
					"lost_percent":	8.95236172789665,
					"out_of_order":	0,
					"sender":	true
				}
			}],
		"sum":	{
			"start":	0,
			"end":	30.002517,
			"seconds":	30.002517,
			"bytes":	114774272,
			"bits_per_second":	30606365.411054391,
			"jitter_ms":	0.15510445975675347,
			"lost_packets":	7096,
			"packets":	79264,
			"lost_percent":	8.95236172789665,
			"sender":	true
		},
		"cpu_utilization_percent":	{
			"host_total":	19.408015992700829,
			"host_user":	1.1593981595236982,
			"host_system":	18.248611167996575,
			"remote_total":	11.299180123793297,
			"remote_user":	0.84389744211480122,
			"remote_system":	10.455276020215541
		}
	}
}
