{
	"start":	{
		"connected":	[{
				"socket":	6,
				"local_host":	"10.20.15.3",
				"local_port":	44347,
				"remote_host":	"10.20.15.2",
				"remote_port":	5201
			}],
		"version":	"iperf 3.7",
		"system_info":	"Linux node2 5.8.0-1006-raspi #9-Ubuntu SMP PREEMPT Fri Oct 16 12:55:30 UTC 2020 aarch64",
		"timestamp":	{
			"time":	"Sun, 08 Aug 2021 12:58:47 GMT",
			"timesecs":	1628427527
		},
		"connecting_to":	{
			"host":	"10.20.15.2",
			"port":	5201
		},
		"cookie":	"ndstt2qjmlnmev6dco5r5r764vtwv5wbxhxg",
		"sock_bufsize":	0,
		"sndbuf_actual":	212992,
		"rcvbuf_actual":	212992,
		"test_start":	{
			"protocol":	"UDP",
			"num_streams":	1,
			"blksize":	1448,
			"omit":	0,
			"duration":	30,
			"bytes":	0,
			"blocks":	0,
			"reverse":	0,
			"tos":	0
		}
	},
	"intervals":	[{
			"streams":	[{
					"socket":	6,
					"start":	0,
					"end":	10.00016,
					"seconds":	10.000160217285156,
					"bytes":	2945232,
					"bits_per_second":	2356147.8504387974,
					"packets":	2034,
					"omitted":	false,
					"sender":	true
				}],
			"sum":	{
				"start":	0,
				"end":	10.00016,
				"seconds":	10.000160217285156,
				"bytes":	2945232,
				"bits_per_second":	2356147.8504387974,
				"packets":	2034,
				"omitted":	false,
				"sender":	true
			}
		}, {
			"streams":	[{
					"socket":	6,
					"start":	10.00016,
					"end":	20.000077,
					"seconds":	9.9999170303344727,
					"bytes":	799296,
					"bits_per_second":	639442.10542976111,
					"packets":	552,
					"omitted":	false,
					"sender":	true
				}],
			"sum":	{
				"start":	10.00016,
				"end":	20.000077,
				"seconds":	9.9999170303344727,
				"bytes":	799296,
				"bits_per_second":	639442.10542976111,
				"packets":	552,
				"omitted":	false,
				"sender":	true
			}
		}, {
			"streams":	[{
					"socket":	6,
					"start":	20.000077,
					"end":	30.000872,
					"seconds":	10.000795364379883,
					"bytes":	4768264,
					"bits_per_second":	3814307.8235423248,
					"packets":	3293,
					"omitted":	false,
					"sender":	true
				}],
			"sum":	{
				"start":	20.000077,
				"end":	30.000872,
				"seconds":	10.000795364379883,
				"bytes":	4768264,
				"bits_per_second":	3814307.8235423248,
				"packets":	3293,
				"omitted":	false,
				"sender":	true
			}
		}],
	"end":	{
		"streams":	[{
				"udp":	{
					"socket":	6,
					"start":	0,
					"end":	30.000872,
					"seconds":	30.000872,
					"bytes":	8512792,
					"bits_per_second":	2270011.8849878763,
					"jitter_ms":	0.36798124987936093,
					"lost_packets":	1764,
					"packets":	5879,
					"lost_percent":	30.005102908657936,
					"out_of_order":	0,
					"sender":	true
				}
			}],
		"sum":	{
			"start":	0,
			"end":	30.003191,
			"seconds":	30.003191,
			"bytes":	8512792,
			"bits_per_second":	2270011.8849878763,
			"jitter_ms":	0.36798124987936093,
			"lost_packets":	1764,
			"packets":	5879,
			"lost_percent":	30.005102908657936,
			"sender":	true
		},
		"cpu_utilization_percent":	{
			"host_total":	5.3280267543817263,
			"host_user":	0.9024738672591055,
			"host_system":	4.4255528871226213,
			"remote_total":	0.726775873271726,
			"remote_user":	0.072571648178619524,
			"remote_system":	0.65420089367334067
		}
	}
}
