{
	"start":	{
		"connected":	[{
				"socket":	6,
				"local_host":	"10.20.15.3",
				"local_port":	34682,
				"remote_host":	"10.20.15.2",
				"remote_port":	5201
			}],
		"version":	"iperf 3.7",
		"system_info":	"Linux node2 5.8.0-1006-raspi #9-Ubuntu SMP PREEMPT Fri Oct 16 12:55:30 UTC 2020 aarch64",
		"timestamp":	{
			"time":	"Sun, 08 Aug 2021 12:06:37 GMT",
			"timesecs":	1628424397
		},
		"connecting_to":	{
			"host":	"10.20.15.2",
			"port":	5201
		},
		"cookie":	"5enyl4soe3zz6yf4pv7tg765bkpa7hv2ub5x",
		"sock_bufsize":	0,
		"sndbuf_actual":	212992,
		"rcvbuf_actual":	212992,
		"test_start":	{
			"protocol":	"UDP",
			"num_streams":	1,
			"blksize":	1448,
			"omit":	0,
			"duration":	30,
			"bytes":	0,
			"blocks":	0,
			"reverse":	0,
			"tos":	0
		}
	},
	"intervals":	[{
			"streams":	[{
					"socket":	6,
					"start":	0,
					"end":	10.000113,
					"seconds":	10.000112533569336,
					"bytes":	7099544,
					"bits_per_second":	5679571.2857570918,
					"packets":	4903,
					"omitted":	false,
					"sender":	true
				}],
			"sum":	{
				"start":	0,
				"end":	10.000113,
				"seconds":	10.000112533569336,
				"bytes":	7099544,
				"bits_per_second":	5679571.2857570918,
				"packets":	4903,
				"omitted":	false,
				"sender":	true
			}
		}, {
			"streams":	[{
					"socket":	6,
					"start":	10.000113,
					"end":	20.000112,
					"seconds":	9.9999990463256836,
					"bytes":	2229920,
					"bits_per_second":	1783936.1701294107,
					"packets":	1540,
					"omitted":	false,
					"sender":	true
				}],
			"sum":	{
				"start":	10.000113,
				"end":	20.000112,
				"seconds":	9.9999990463256836,
				"bytes":	2229920,
				"bits_per_second":	1783936.1701294107,
				"packets":	1540,
				"omitted":	false,
				"sender":	true
			}
		}, {
			"streams":	[{
					"socket":	6,
					"start":	20.000112,
					"end":	30.000087,
					"seconds":	9.9999752044677734,
					"bytes":	6737544,
					"bits_per_second":	5390048.5649122894,
					"packets":	4653,
					"omitted":	false,
					"sender":	true
				}],
			"sum":	{
				"start":	20.000112,
				"end":	30.000087,
				"seconds":	9.9999752044677734,
				"bytes":	6737544,
				"bits_per_second":	5390048.5649122894,
				"packets":	4653,
				"omitted":	false,
				"sender":	true
			}
		}],
	"end":	{
		"streams":	[{
				"udp":	{
					"socket":	6,
					"start":	0,
					"end":	30.000087,
					"seconds":	30.000087,
					"bytes":	16067008,
					"bits_per_second":	4284523.0415498465,
					"jitter_ms":	0.20417267616615,
					"lost_packets":	4439,
					"packets":	11096,
					"lost_percent":	40.005407354001441,
					"out_of_order":	0,
					"sender":	true
				}
			}],
		"sum":	{
			"start":	0,
			"end":	30.003034,
			"seconds":	30.003034,
			"bytes":	16067008,
			"bits_per_second":	4284523.0415498465,
			"jitter_ms":	0.20417267616615,
			"lost_packets":	4439,
			"packets":	11096,
			"lost_percent":	40.005407354001441,
			"sender":	true
		},
		"cpu_utilization_percent":	{
			"host_total":	6.2069620528413258,
			"host_user":	0.29889308915122059,
			"host_system":	5.9080656311771254,
			"remote_total":	1.0248351188516889,
			"remote_user":	0.12721401832915996,
			"remote_system":	0.89760777410116621
		}
	}
}
