{
	"start":	{
		"connected":	[{
				"socket":	6,
				"local_host":	"10.20.15.3",
				"local_port":	59129,
				"remote_host":	"10.20.15.2",
				"remote_port":	5201
			}],
		"version":	"iperf 3.7",
		"system_info":	"Linux node2 5.8.0-1006-raspi #9-Ubuntu SMP PREEMPT Fri Oct 16 12:55:30 UTC 2020 aarch64",
		"timestamp":	{
			"time":	"Sun, 08 Aug 2021 10:45:35 GMT",
			"timesecs":	1628419535
		},
		"connecting_to":	{
			"host":	"10.20.15.2",
			"port":	5201
		},
		"cookie":	"u4ruq6wrvfdbxyqpb7ckhkfvoq746p747djw",
		"sock_bufsize":	0,
		"sndbuf_actual":	212992,
		"rcvbuf_actual":	212992,
		"test_start":	{
			"protocol":	"UDP",
			"num_streams":	1,
			"blksize":	1448,
			"omit":	0,
			"duration":	30,
			"bytes":	0,
			"blocks":	0,
			"reverse":	0,
			"tos":	0
		}
	},
	"intervals":	[{
			"streams":	[{
					"socket":	6,
					"start":	0,
					"end":	10.000079,
					"seconds":	10.000079154968262,
					"bytes":	27074704,
					"bits_per_second":	21659591.753570218,
					"packets":	18698,
					"omitted":	false,
					"sender":	true
				}],
			"sum":	{
				"start":	0,
				"end":	10.000079,
				"seconds":	10.000079154968262,
				"bytes":	27074704,
				"bits_per_second":	21659591.753570218,
				"packets":	18698,
				"omitted":	false,
				"sender":	true
			}
		}, {
			"streams":	[{
					"socket":	6,
					"start":	10.000079,
					"end":	20.000088,
					"seconds":	10.000008583068848,
					"bytes":	30063376,
					"bits_per_second":	24050680.157135639,
					"packets":	20762,
					"omitted":	false,
					"sender":	true
				}],
			"sum":	{
				"start":	10.000079,
				"end":	20.000088,
				"seconds":	10.000008583068848,
				"bytes":	30063376,
				"bits_per_second":	24050680.157135639,
				"packets":	20762,
				"omitted":	false,
				"sender":	true
			}
		}, {
			"streams":	[{
					"socket":	6,
					"start":	20.000088,
					"end":	30.000054,
					"seconds":	9.99996566772461,
					"bytes":	32207864,
					"bits_per_second":	25766379.661844239,
					"packets":	22243,
					"omitted":	false,
					"sender":	true
				}],
			"sum":	{
				"start":	20.000088,
				"end":	30.000054,
				"seconds":	9.99996566772461,
				"bytes":	32207864,
				"bits_per_second":	25766379.661844239,
				"packets":	22243,
				"omitted":	false,
				"sender":	true
			}
		}],
	"end":	{
		"streams":	[{
				"udp":	{
					"socket":	6,
					"start":	0,
					"end":	30.000054,
					"seconds":	30.000054,
					"bytes":	89345944,
					"bits_per_second":	23825542.180690743,
					"jitter_ms":	0.22633442222649494,
					"lost_packets":	11103,
					"packets":	61703,
					"lost_percent":	17.994262839732265,
					"out_of_order":	0,
					"sender":	true
				}
			}],
		"sum":	{
			"start":	0,
			"end":	30.002502,
			"seconds":	30.002502,
			"bytes":	89345944,
			"bits_per_second":	23825542.180690743,
			"jitter_ms":	0.22633442222649494,
			"lost_packets":	11103,
			"packets":	61703,
			"lost_percent":	17.994262839732265,
			"sender":	true
		},
		"cpu_utilization_percent":	{
			"host_total":	15.817362199490503,
			"host_user":	1.2415154175954748,
			"host_system":	14.575843449200351,
			"remote_total":	8.3570474845473175,
			"remote_user":	0.7671496263313512,
			"remote_system":	7.5898545416548044
		}
	}
}
