{
	"start":	{
		"connected":	[{
				"socket":	6,
				"local_host":	"10.20.15.3",
				"local_port":	48837,
				"remote_host":	"10.20.15.2",
				"remote_port":	5201
			}],
		"version":	"iperf 3.7",
		"system_info":	"Linux node2 5.8.0-1006-raspi #9-Ubuntu SMP PREEMPT Fri Oct 16 12:55:30 UTC 2020 aarch64",
		"timestamp":	{
			"time":	"Sun, 08 Aug 2021 10:33:34 GMT",
			"timesecs":	1628418814
		},
		"connecting_to":	{
			"host":	"10.20.15.2",
			"port":	5201
		},
		"cookie":	"2qfhewnqadfyegsh453yezu7up4bkyvspjzt",
		"sock_bufsize":	0,
		"sndbuf_actual":	212992,
		"rcvbuf_actual":	212992,
		"test_start":	{
			"protocol":	"UDP",
			"num_streams":	1,
			"blksize":	1448,
			"omit":	0,
			"duration":	30,
			"bytes":	0,
			"blocks":	0,
			"reverse":	0,
			"tos":	0
		}
	},
	"intervals":	[{
			"streams":	[{
					"socket":	6,
					"start":	0,
					"end":	10.000429,
					"seconds":	10.000429153442383,
					"bytes":	40656944,
					"bits_per_second":	32524159.414502665,
					"packets":	28078,
					"omitted":	false,
					"sender":	true
				}],
			"sum":	{
				"start":	0,
				"end":	10.000429,
				"seconds":	10.000429153442383,
				"bytes":	40656944,
				"bits_per_second":	32524159.414502665,
				"packets":	28078,
				"omitted":	false,
				"sender":	true
			}
		}, {
			"streams":	[{
					"socket":	6,
					"start":	10.000429,
					"end":	20.000066,
					"seconds":	9.99963665008545,
					"bytes":	40090776,
					"bits_per_second":	32073786.200747535,
					"packets":	27687,
					"omitted":	false,
					"sender":	true
				}],
			"sum":	{
				"start":	10.000429,
				"end":	20.000066,
				"seconds":	9.99963665008545,
				"bytes":	40090776,
				"bits_per_second":	32073786.200747535,
				"packets":	27687,
				"omitted":	false,
				"sender":	true
			}
		}, {
			"streams":	[{
					"socket":	6,
					"start":	20.000066,
					"end":	30.000115,
					"seconds":	10.000048637390137,
					"bytes":	40943648,
					"bits_per_second":	32754759.089400332,
					"packets":	28276,
					"omitted":	false,
					"sender":	true
				}],
			"sum":	{
				"start":	20.000066,
				"end":	30.000115,
				"seconds":	10.000048637390137,
				"bytes":	40943648,
				"bits_per_second":	32754759.089400332,
				"packets":	28276,
				"omitted":	false,
				"sender":	true
			}
		}],
	"end":	{
		"streams":	[{
				"udp":	{
					"socket":	6,
					"start":	0,
					"end":	30.000115,
					"seconds":	30.000115,
					"bytes":	121691368,
					"bits_per_second":	32450907.071522892,
					"jitter_ms":	0.20120128853542388,
					"lost_packets":	4423,
					"packets":	84041,
					"lost_percent":	5.2629073904403807,
					"out_of_order":	0,
					"sender":	true
				}
			}],
		"sum":	{
			"start":	0,
			"end":	30.001913,
			"seconds":	30.001913,
			"bytes":	121691368,
			"bits_per_second":	32450907.071522892,
			"jitter_ms":	0.20120128853542388,
			"lost_packets":	4423,
			"packets":	84041,
			"lost_percent":	5.2629073904403807,
			"sender":	true
		},
		"cpu_utilization_percent":	{
			"host_total":	20.798590286241961,
			"host_user":	1.7290782857183231,
			"host_system":	19.069515333243306,
			"remote_total":	12.189421641355286,
			"remote_user":	1.1944690347825904,
			"remote_system":	10.99494261087651
		}
	}
}
