{
	"start":	{
		"connected":	[{
				"socket":	6,
				"local_host":	"10.20.15.3",
				"local_port":	55384,
				"remote_host":	"10.20.15.2",
				"remote_port":	5201
			}],
		"version":	"iperf 3.7",
		"system_info":	"Linux node2 5.8.0-1006-raspi #9-Ubuntu SMP PREEMPT Fri Oct 16 12:55:30 UTC 2020 aarch64",
		"timestamp":	{
			"time":	"Sun, 08 Aug 2021 10:50:05 GMT",
			"timesecs":	1628419805
		},
		"connecting_to":	{
			"host":	"10.20.15.2",
			"port":	5201
		},
		"cookie":	"xx7gnm4uttmqqunbhqv56npd5inappruak72",
		"sock_bufsize":	0,
		"sndbuf_actual":	212992,
		"rcvbuf_actual":	212992,
		"test_start":	{
			"protocol":	"UDP",
			"num_streams":	1,
			"blksize":	1448,
			"omit":	0,
			"duration":	30,
			"bytes":	0,
			"blocks":	0,
			"reverse":	0,
			"tos":	0
		}
	},
	"intervals":	[{
			"streams":	[{
					"socket":	6,
					"start":	0,
					"end":	10.000095,
					"seconds":	10.000095367431641,
					"bytes":	3289856,
					"bits_per_second":	2631859.700629991,
					"packets":	2272,
					"omitted":	false,
					"sender":	true
				}],
			"sum":	{
				"start":	0,
				"end":	10.000095,
				"seconds":	10.000095367431641,
				"bytes":	3289856,
				"bits_per_second":	2631859.700629991,
				"packets":	2272,
				"omitted":	false,
				"sender":	true
			}
		}, {
			"streams":	[{
					"socket":	6,
					"start":	10.000095,
					"end":	20.000106,
					"seconds":	10.000011444091797,
					"bytes":	1911360,
					"bits_per_second":	1529086.250099659,
					"packets":	1320,
					"omitted":	false,
					"sender":	true
				}],
			"sum":	{
				"start":	10.000095,
				"end":	20.000106,
				"seconds":	10.000011444091797,
				"bytes":	1911360,
				"bits_per_second":	1529086.250099659,
				"packets":	1320,
				"omitted":	false,
				"sender":	true
			}
		}, {
			"streams":	[{
					"socket":	6,
					"start":	20.000106,
					"end":	30.000049,
					"seconds":	9.9999427795410156,
					"bytes":	7170496,
					"bits_per_second":	5736429.6241136026,
					"packets":	4952,
					"omitted":	false,
					"sender":	true
				}],
			"sum":	{
				"start":	20.000106,
				"end":	30.000049,
				"seconds":	9.9999427795410156,
				"bytes":	7170496,
				"bits_per_second":	5736429.6241136026,
				"packets":	4952,
				"omitted":	false,
				"sender":	true
			}
		}],
	"end":	{
		"streams":	[{
				"udp":	{
					"socket":	6,
					"start":	0,
					"end":	30.000049,
					"seconds":	30.000049,
					"bytes":	12371712,
					"bits_per_second":	3299117.8114409079,
					"jitter_ms":	0.41076497473585938,
					"lost_packets":	3930,
					"packets":	8544,
					"lost_percent":	45.997191011235955,
					"out_of_order":	0,
					"sender":	true
				}
			}],
		"sum":	{
			"start":	0,
			"end":	30.004735,
			"seconds":	30.004735,
			"bytes":	12371712,
			"bits_per_second":	3299117.8114409079,
			"jitter_ms":	0.41076497473585938,
			"lost_packets":	3930,
			"packets":	8544,
			"lost_percent":	45.997191011235955,
			"sender":	true
		},
		"cpu_utilization_percent":	{
			"host_total":	5.7126792984564689,
			"host_user":	0.65176292187453078,
			"host_system":	5.0609063787358082,
			"remote_total":	0.734369349044583,
			"remote_user":	0.014565056497227842,
			"remote_system":	0.7197942982267943
		}
	}
}
