{
	"start":	{
		"connected":	[{
				"socket":	6,
				"local_host":	"10.20.15.3",
				"local_port":	33135,
				"remote_host":	"10.20.15.2",
				"remote_port":	5201
			}],
		"version":	"iperf 3.7",
		"system_info":	"Linux node2 5.8.0-1006-raspi #9-Ubuntu SMP PREEMPT Fri Oct 16 12:55:30 UTC 2020 aarch64",
		"timestamp":	{
			"time":	"Sun, 08 Aug 2021 11:21:23 GMT",
			"timesecs":	1628421683
		},
		"connecting_to":	{
			"host":	"10.20.15.2",
			"port":	5201
		},
		"cookie":	"zsebhrrcddoo4habwpx5kltweplyqyoeinm6",
		"sock_bufsize":	0,
		"sndbuf_actual":	212992,
		"rcvbuf_actual":	212992,
		"test_start":	{
			"protocol":	"UDP",
			"num_streams":	1,
			"blksize":	1448,
			"omit":	0,
			"duration":	30,
			"bytes":	0,
			"blocks":	0,
			"reverse":	0,
			"tos":	0
		}
	},
	"intervals":	[{
			"streams":	[{
					"socket":	6,
					"start":	0,
					"end":	10.000087,
					"seconds":	10.000086784362793,
					"bytes":	7664264,
					"bits_per_second":	6131357.9894003831,
					"packets":	5293,
					"omitted":	false,
					"sender":	true
				}],
			"sum":	{
				"start":	0,
				"end":	10.000087,
				"seconds":	10.000086784362793,
				"bytes":	7664264,
				"bits_per_second":	6131357.9894003831,
				"packets":	5293,
				"omitted":	false,
				"sender":	true
			}
		}, {
			"streams":	[{
					"socket":	6,
					"start":	10.000087,
					"end":	20.000115,
					"seconds":	10.000027656555176,
					"bytes":	1059936,
					"bits_per_second":	847946.45487220841,
					"packets":	732,
					"omitted":	false,
					"sender":	true
				}],
			"sum":	{
				"start":	10.000087,
				"end":	20.000115,
				"seconds":	10.000027656555176,
				"bytes":	1059936,
				"bits_per_second":	847946.45487220841,
				"packets":	732,
				"omitted":	false,
				"sender":	true
			}
		}, {
			"streams":	[{
					"socket":	6,
					"start":	20.000115,
					"end":	30.000212,
					"seconds":	10.000097274780273,
					"bytes":	1556600,
					"bits_per_second":	1245267.8866839942,
					"packets":	1075,
					"omitted":	false,
					"sender":	true
				}],
			"sum":	{
				"start":	20.000115,
				"end":	30.000212,
				"seconds":	10.000097274780273,
				"bytes":	1556600,
				"bits_per_second":	1245267.8866839942,
				"packets":	1075,
				"omitted":	false,
				"sender":	true
			}
		}],
	"end":	{
		"streams":	[{
				"udp":	{
					"socket":	6,
					"start":	0,
					"end":	30.000212,
					"seconds":	30.000212,
					"bytes":	10280800,
					"bits_per_second":	2741527.2932071281,
					"jitter_ms":	3.265691388711029,
					"lost_packets":	1917,
					"packets":	7100,
					"lost_percent":	27,
					"out_of_order":	0,
					"sender":	true
				}
			}],
		"sum":	{
			"start":	0,
			"end":	30.016506,
			"seconds":	30.016506,
			"bytes":	10280800,
			"bits_per_second":	2741527.2932071281,
			"jitter_ms":	3.265691388711029,
			"lost_packets":	1917,
			"packets":	7100,
			"lost_percent":	27,
			"sender":	true
		},
		"cpu_utilization_percent":	{
			"host_total":	5.4748053344968062,
			"host_user":	0.81347753698845349,
			"host_system":	4.6613078019933463,
			"remote_total":	0.82464106589226083,
			"remote_user":	0.0915390912180983,
			"remote_system":	0.7330953143793999
		}
	}
}
