{
	"start":	{
		"connected":	[{
				"socket":	6,
				"local_host":	"10.20.15.3",
				"local_port":	47532,
				"remote_host":	"10.20.15.2",
				"remote_port":	5201
			}],
		"version":	"iperf 3.7",
		"system_info":	"Linux node2 5.8.0-1006-raspi #9-Ubuntu SMP PREEMPT Fri Oct 16 12:55:30 UTC 2020 aarch64",
		"timestamp":	{
			"time":	"Sun, 08 Aug 2021 12:51:17 GMT",
			"timesecs":	1628427077
		},
		"connecting_to":	{
			"host":	"10.20.15.2",
			"port":	5201
		},
		"cookie":	"iztzeovgrfsispc2mvst3n4vitr37r63oxre",
		"sock_bufsize":	0,
		"sndbuf_actual":	212992,
		"rcvbuf_actual":	212992,
		"test_start":	{
			"protocol":	"UDP",
			"num_streams":	1,
			"blksize":	1448,
			"omit":	0,
			"duration":	30,
			"bytes":	0,
			"blocks":	0,
			"reverse":	0,
			"tos":	0
		}
	},
	"intervals":	[{
			"streams":	[{
					"socket":	6,
					"start":	0,
					"end":	10.000101,
					"seconds":	10.000101089477539,
					"bytes":	4472872,
					"bits_per_second":	3578261.4275421794,
					"packets":	3089,
					"omitted":	false,
					"sender":	true
				}],
			"sum":	{
				"start":	0,
				"end":	10.000101,
				"seconds":	10.000101089477539,
				"bytes":	4472872,
				"bits_per_second":	3578261.4275421794,
				"packets":	3089,
				"omitted":	false,
				"sender":	true
			}
		}, {
			"streams":	[{
					"socket":	6,
					"start":	10.000101,
					"end":	20.000108,
					"seconds":	10.000006675720215,
					"bytes":	725448,
					"bits_per_second":	580358.01256922842,
					"packets":	501,
					"omitted":	false,
					"sender":	true
				}],
			"sum":	{
				"start":	10.000101,
				"end":	20.000108,
				"seconds":	10.000006675720215,
				"bytes":	725448,
				"bits_per_second":	580358.01256922842,
				"packets":	501,
				"omitted":	false,
				"sender":	true
			}
		}, {
			"streams":	[{
					"socket":	6,
					"start":	20.000108,
					"end":	30.000114,
					"seconds":	10.000005722045898,
					"bytes":	6446496,
					"bits_per_second":	5157193.8490300085,
					"packets":	4452,
					"omitted":	false,
					"sender":	true
				}],
			"sum":	{
				"start":	20.000108,
				"end":	30.000114,
				"seconds":	10.000005722045898,
				"bytes":	6446496,
				"bits_per_second":	5157193.8490300085,
				"packets":	4452,
				"omitted":	false,
				"sender":	true
			}
		}],
	"end":	{
		"streams":	[{
				"udp":	{
					"socket":	6,
					"start":	0,
					"end":	30.000114,
					"seconds":	30.000114,
					"bytes":	11644816,
					"bits_per_second":	3105272.4666312933,
					"jitter_ms":	0.26717195663278448,
					"lost_packets":	1734,
					"packets":	8042,
					"lost_percent":	21.561800547127579,
					"out_of_order":	0,
					"sender":	true
				}
			}],
		"sum":	{
			"start":	0,
			"end":	30.002984,
			"seconds":	30.002984,
			"bytes":	11644816,
			"bits_per_second":	3105272.4666312933,
			"jitter_ms":	0.26717195663278448,
			"lost_packets":	1734,
			"packets":	8042,
			"lost_percent":	21.561800547127579,
			"sender":	true
		},
		"cpu_utilization_percent":	{
			"host_total":	5.6850854028055684,
			"host_user":	0.48987137256365715,
			"host_system":	5.1952106975795536,
			"remote_total":	0.97794063462734426,
			"remote_user":	0.020211634839088468,
			"remote_system":	0.95773566259848808
		}
	}
}
