{
	"start":	{
		"connected":	[{
				"socket":	6,
				"local_host":	"10.20.15.3",
				"local_port":	34178,
				"remote_host":	"10.20.15.2",
				"remote_port":	5201
			}],
		"version":	"iperf 3.7",
		"system_info":	"Linux node2 5.8.0-1006-raspi #9-Ubuntu SMP PREEMPT Fri Oct 16 12:55:30 UTC 2020 aarch64",
		"timestamp":	{
			"time":	"Sun, 08 Aug 2021 11:47:56 GMT",
			"timesecs":	1628423276
		},
		"connecting_to":	{
			"host":	"10.20.15.2",
			"port":	5201
		},
		"cookie":	"pyr76knnxbhoc75bqxmkdsb3zdf6dxj226n2",
		"sock_bufsize":	0,
		"sndbuf_actual":	212992,
		"rcvbuf_actual":	212992,
		"test_start":	{
			"protocol":	"UDP",
			"num_streams":	1,
			"blksize":	1448,
			"omit":	0,
			"duration":	30,
			"bytes":	0,
			"blocks":	0,
			"reverse":	0,
			"tos":	0
		}
	},
	"intervals":	[{
			"streams":	[{
					"socket":	6,
					"start":	0,
					"end":	10.00009,
					"seconds":	10.000089645385742,
					"bytes":	9388832,
					"bits_per_second":	7510998.2673663013,
					"packets":	6484,
					"omitted":	false,
					"sender":	true
				}],
			"sum":	{
				"start":	0,
				"end":	10.00009,
				"seconds":	10.000089645385742,
				"bytes":	9388832,
				"bits_per_second":	7510998.2673663013,
				"packets":	6484,
				"omitted":	false,
				"sender":	true
			}
		}, {
			"streams":	[{
					"socket":	6,
					"start":	10.00009,
					"end":	20.000079,
					"seconds":	9.9999885559082031,
					"bytes":	942648,
					"bits_per_second":	754119.26302100718,
					"packets":	651,
					"omitted":	false,
					"sender":	true
				}],
			"sum":	{
				"start":	10.00009,
				"end":	20.000079,
				"seconds":	9.9999885559082031,
				"bytes":	942648,
				"bits_per_second":	754119.26302100718,
				"packets":	651,
				"omitted":	false,
				"sender":	true
			}
		}, {
			"streams":	[{
					"socket":	6,
					"start":	20.000079,
					"end":	30.000181,
					"seconds":	10.000102043151855,
					"bytes":	1120752,
					"bits_per_second":	896592.45088803815,
					"packets":	774,
					"omitted":	false,
					"sender":	true
				}],
			"sum":	{
				"start":	20.000079,
				"end":	30.000181,
				"seconds":	10.000102043151855,
				"bytes":	1120752,
				"bits_per_second":	896592.45088803815,
				"packets":	774,
				"omitted":	false,
				"sender":	true
			}
		}],
	"end":	{
		"streams":	[{
				"udp":	{
					"socket":	6,
					"start":	0,
					"end":	30.000181,
					"seconds":	30.000181,
					"bytes":	11452232,
					"bits_per_second":	3053910.1080756811,
					"jitter_ms":	3.5100684543650633,
					"lost_packets":	1911,
					"packets":	7909,
					"lost_percent":	24.162346693640156,
					"out_of_order":	0,
					"sender":	true
				}
			}],
		"sum":	{
			"start":	0,
			"end":	30.025034,
			"seconds":	30.025034,
			"bytes":	11452232,
			"bits_per_second":	3053910.1080756811,
			"jitter_ms":	3.5100684543650633,
			"lost_packets":	1911,
			"packets":	7909,
			"lost_percent":	24.162346693640156,
			"sender":	true
		},
		"cpu_utilization_percent":	{
			"host_total":	5.64913742530842,
			"host_user":	0.51507148010994908,
			"host_system":	5.1340626127613413,
			"remote_total":	0.9372515063291641,
			"remote_user":	0.10975790776414278,
			"remote_system":	0.827496927487643
		}
	}
}
