{
	"start":	{
		"connected":	[{
				"socket":	6,
				"local_host":	"10.20.15.3",
				"local_port":	59758,
				"remote_host":	"10.20.15.2",
				"remote_port":	5201
			}],
		"version":	"iperf 3.7",
		"system_info":	"Linux node2 5.8.0-1006-raspi #9-Ubuntu SMP PREEMPT Fri Oct 16 12:55:30 UTC 2020 aarch64",
		"timestamp":	{
			"time":	"Sun, 08 Aug 2021 10:45:05 GMT",
			"timesecs":	1628419505
		},
		"connecting_to":	{
			"host":	"10.20.15.2",
			"port":	5201
		},
		"cookie":	"3stir2or2uwrl7pd6i27kh7qridkskppnpwk",
		"sock_bufsize":	0,
		"sndbuf_actual":	212992,
		"rcvbuf_actual":	212992,
		"test_start":	{
			"protocol":	"UDP",
			"num_streams":	1,
			"blksize":	1448,
			"omit":	0,
			"duration":	30,
			"bytes":	0,
			"blocks":	0,
			"reverse":	0,
			"tos":	0
		}
	},
	"intervals":	[{
			"streams":	[{
					"socket":	6,
					"start":	0,
					"end":	10.000089,
					"seconds":	10.000088691711426,
					"bytes":	26657680,
					"bits_per_second":	21325954.8564566,
					"packets":	18410,
					"omitted":	false,
					"sender":	true
				}],
			"sum":	{
				"start":	0,
				"end":	10.000089,
				"seconds":	10.000088691711426,
				"bytes":	26657680,
				"bits_per_second":	21325954.8564566,
				"packets":	18410,
				"omitted":	false,
				"sender":	true
			}
		}, {
			"streams":	[{
					"socket":	6,
					"start":	10.000089,
					"end":	20.00011,
					"seconds":	10.000020980834961,
					"bytes":	30977064,
					"bits_per_second":	24781599.206135698,
					"packets":	21393,
					"omitted":	false,
					"sender":	true
				}],
			"sum":	{
				"start":	10.000089,
				"end":	20.00011,
				"seconds":	10.000020980834961,
				"bytes":	30977064,
				"bits_per_second":	24781599.206135698,
				"packets":	21393,
				"omitted":	false,
				"sender":	true
			}
		}, {
			"streams":	[{
					"socket":	6,
					"start":	20.00011,
					"end":	30.000097,
					"seconds":	9.99998664855957,
					"bytes":	33971528,
					"bits_per_second":	27177258.685555037,
					"packets":	23461,
					"omitted":	false,
					"sender":	true
				}],
			"sum":	{
				"start":	20.00011,
				"end":	30.000097,
				"seconds":	9.99998664855957,
				"bytes":	33971528,
				"bits_per_second":	27177258.685555037,
				"packets":	23461,
				"omitted":	false,
				"sender":	true
			}
		}],
	"end":	{
		"streams":	[{
				"udp":	{
					"socket":	6,
					"start":	0,
					"end":	30.000097,
					"seconds":	30.000097,
					"bytes":	91606272,
					"bits_per_second":	24428260.215291969,
					"jitter_ms":	0.50139472918239492,
					"lost_packets":	14724,
					"packets":	63264,
					"lost_percent":	23.273899848254931,
					"out_of_order":	0,
					"sender":	true
				}
			}],
		"sum":	{
			"start":	0,
			"end":	30.005693,
			"seconds":	30.005693,
			"bytes":	91606272,
			"bits_per_second":	24428260.215291969,
			"jitter_ms":	0.50139472918239492,
			"lost_packets":	14724,
			"packets":	63264,
			"lost_percent":	23.273899848254931,
			"sender":	true
		},
		"cpu_utilization_percent":	{
			"host_total":	15.71565816135112,
			"host_user":	1.2644965911486572,
			"host_system":	14.451158237633621,
			"remote_total":	8.127109859873741,
			"remote_user":	0.80663835392328376,
			"remote_system":	7.3204681746475524
		}
	}
}
