{
	"start":	{
		"connected":	[{
				"socket":	6,
				"local_host":	"10.20.15.3",
				"local_port":	54184,
				"remote_host":	"10.20.15.2",
				"remote_port":	5201
			}],
		"version":	"iperf 3.7",
		"system_info":	"Linux node2 5.8.0-1006-raspi #9-Ubuntu SMP PREEMPT Fri Oct 16 12:55:30 UTC 2020 aarch64",
		"timestamp":	{
			"time":	"Sun, 08 Aug 2021 13:56:32 GMT",
			"timesecs":	1628430992
		},
		"connecting_to":	{
			"host":	"10.20.15.2",
			"port":	5201
		},
		"cookie":	"llfqicgqbqcl546qwpcg2qhggqjgkekjuwea",
		"sock_bufsize":	0,
		"sndbuf_actual":	212992,
		"rcvbuf_actual":	212992,
		"test_start":	{
			"protocol":	"UDP",
			"num_streams":	1,
			"blksize":	1448,
			"omit":	0,
			"duration":	30,
			"bytes":	0,
			"blocks":	0,
			"reverse":	0,
			"tos":	0
		}
	},
	"intervals":	[{
			"streams":	[{
					"socket":	6,
					"start":	0,
					"end":	10.000089,
					"seconds":	10.000088691711426,
					"bytes":	11093128,
					"bits_per_second":	8874423.6912174914,
					"packets":	7661,
					"omitted":	false,
					"sender":	true
				}],
			"sum":	{
				"start":	0,
				"end":	10.000089,
				"seconds":	10.000088691711426,
				"bytes":	11093128,
				"bits_per_second":	8874423.6912174914,
				"packets":	7661,
				"omitted":	false,
				"sender":	true
			}
		}, {
			"streams":	[{
					"socket":	6,
					"start":	10.000089,
					"end":	20.000089,
					"seconds":	10,
					"bytes":	748616,
					"bits_per_second":	598892.8,
					"packets":	517,
					"omitted":	false,
					"sender":	true
				}],
			"sum":	{
				"start":	10.000089,
				"end":	20.000089,
				"seconds":	10,
				"bytes":	748616,
				"bits_per_second":	598892.8,
				"packets":	517,
				"omitted":	false,
				"sender":	true
			}
		}, {
			"streams":	[{
					"socket":	6,
					"start":	20.000089,
					"end":	30.000128,
					"seconds":	10.000039100646973,
					"bytes":	1122200,
					"bits_per_second":	897756.48971404287,
					"packets":	775,
					"omitted":	false,
					"sender":	true
				}],
			"sum":	{
				"start":	20.000089,
				"end":	30.000128,
				"seconds":	10.000039100646973,
				"bytes":	1122200,
				"bits_per_second":	897756.48971404287,
				"packets":	775,
				"omitted":	false,
				"sender":	true
			}
		}],
	"end":	{
		"streams":	[{
				"udp":	{
					"socket":	6,
					"start":	0,
					"end":	30.000128,
					"seconds":	30.000128,
					"bytes":	12963944,
					"bits_per_second":	3457036.9833088713,
					"jitter_ms":	3.11642878487219,
					"lost_packets":	1514,
					"packets":	8953,
					"lost_percent":	16.910532782307605,
					"out_of_order":	0,
					"sender":	true
				}
			}],
		"sum":	{
			"start":	0,
			"end":	30.023131,
			"seconds":	30.023131,
			"bytes":	12963944,
			"bits_per_second":	3457036.9833088713,
			"jitter_ms":	3.11642878487219,
			"lost_packets":	1514,
			"packets":	8953,
			"lost_percent":	16.910532782307605,
			"sender":	true
		},
		"cpu_utilization_percent":	{
			"host_total":	5.7550275880191366,
			"host_user":	0.333852273251777,
			"host_system":	5.4211886451302433,
			"remote_total":	1.1634538565125518,
			"remote_user":	0.11028429428523055,
			"remote_system":	1.0531662326891065
		}
	}
}
