{
	"start":	{
		"connected":	[{
				"socket":	6,
				"local_host":	"10.20.15.3",
				"local_port":	60142,
				"remote_host":	"10.20.15.2",
				"remote_port":	5201
			}],
		"version":	"iperf 3.7",
		"system_info":	"Linux node2 5.8.0-1006-raspi #9-Ubuntu SMP PREEMPT Fri Oct 16 12:55:30 UTC 2020 aarch64",
		"timestamp":	{
			"time":	"Sun, 08 Aug 2021 13:41:33 GMT",
			"timesecs":	1628430093
		},
		"connecting_to":	{
			"host":	"10.20.15.2",
			"port":	5201
		},
		"cookie":	"2ki3jk2apk77fhzi7i4w7zxkt5bkrr7r4p2z",
		"sock_bufsize":	0,
		"sndbuf_actual":	212992,
		"rcvbuf_actual":	212992,
		"test_start":	{
			"protocol":	"UDP",
			"num_streams":	1,
			"blksize":	1448,
			"omit":	0,
			"duration":	30,
			"bytes":	0,
			"blocks":	0,
			"reverse":	0,
			"tos":	0
		}
	},
	"intervals":	[{
			"streams":	[{
					"socket":	6,
					"start":	0,
					"end":	10.000088,
					"seconds":	10.000087738037109,
					"bytes":	7271856,
					"bits_per_second":	5817433.7589780977,
					"packets":	5022,
					"omitted":	false,
					"sender":	true
				}],
			"sum":	{
				"start":	0,
				"end":	10.000088,
				"seconds":	10.000087738037109,
				"bytes":	7271856,
				"bits_per_second":	5817433.7589780977,
				"packets":	5022,
				"omitted":	false,
				"sender":	true
			}
		}, {
			"streams":	[{
					"socket":	6,
					"start":	10.000088,
					"end":	20.000086,
					"seconds":	9.9999980926513672,
					"bytes":	1146816,
					"bits_per_second":	917452.97499026777,
					"packets":	792,
					"omitted":	false,
					"sender":	true
				}],
			"sum":	{
				"start":	10.000088,
				"end":	20.000086,
				"seconds":	9.9999980926513672,
				"bytes":	1146816,
				"bits_per_second":	917452.97499026777,
				"packets":	792,
				"omitted":	false,
				"sender":	true
			}
		}, {
			"streams":	[{
					"socket":	6,
					"start":	20.000086,
					"end":	30.000099,
					"seconds":	10.00001335144043,
					"bytes":	4595952,
					"bits_per_second":	3676756.6910002064,
					"packets":	3174,
					"omitted":	false,
					"sender":	true
				}],
			"sum":	{
				"start":	20.000086,
				"end":	30.000099,
				"seconds":	10.00001335144043,
				"bytes":	4595952,
				"bits_per_second":	3676756.6910002064,
				"packets":	3174,
				"omitted":	false,
				"sender":	true
			}
		}],
	"end":	{
		"streams":	[{
				"udp":	{
					"socket":	6,
					"start":	0,
					"end":	30.000099,
					"seconds":	30.000099,
					"bytes":	13014624,
					"bits_per_second":	3470554.9471686743,
					"jitter_ms":	0.37049171941030268,
					"lost_packets":	1997,
					"packets":	8988,
					"lost_percent":	22.218513573653759,
					"out_of_order":	0,
					"sender":	true
				}
			}],
		"sum":	{
			"start":	0,
			"end":	30.004737,
			"seconds":	30.004737,
			"bytes":	13014624,
			"bits_per_second":	3470554.9471686743,
			"jitter_ms":	0.37049171941030268,
			"lost_packets":	1997,
			"packets":	8988,
			"lost_percent":	22.218513573653759,
			"sender":	true
		},
		"cpu_utilization_percent":	{
			"host_total":	5.8322240292282395,
			"host_user":	0.30959757480899935,
			"host_system":	5.5226197890965247,
			"remote_total":	1.0930465645092431,
			"remote_user":	0.081267972260150131,
			"remote_system":	1.0117752607752772
		}
	}
}
