{
	"start":	{
		"connected":	[{
				"socket":	6,
				"local_host":	"10.20.15.3",
				"local_port":	50219,
				"remote_host":	"10.20.15.2",
				"remote_port":	5201
			}],
		"version":	"iperf 3.7",
		"system_info":	"Linux node2 5.8.0-1006-raspi #9-Ubuntu SMP PREEMPT Fri Oct 16 12:55:30 UTC 2020 aarch64",
		"timestamp":	{
			"time":	"Sun, 08 Aug 2021 11:58:36 GMT",
			"timesecs":	1628423916
		},
		"connecting_to":	{
			"host":	"10.20.15.2",
			"port":	5201
		},
		"cookie":	"iz7fgmcmrrw7ewpjtk24uplj3wvxmpcm6ipi",
		"sock_bufsize":	0,
		"sndbuf_actual":	212992,
		"rcvbuf_actual":	212992,
		"test_start":	{
			"protocol":	"UDP",
			"num_streams":	1,
			"blksize":	1448,
			"omit":	0,
			"duration":	30,
			"bytes":	0,
			"blocks":	0,
			"reverse":	0,
			"tos":	0
		}
	},
	"intervals":	[{
			"streams":	[{
					"socket":	6,
					"start":	0,
					"end":	10.000082,
					"seconds":	10.000082015991211,
					"bytes":	12444112,
					"bits_per_second":	9955207.9513752162,
					"packets":	8594,
					"omitted":	false,
					"sender":	true
				}],
			"sum":	{
				"start":	0,
				"end":	10.000082,
				"seconds":	10.000082015991211,
				"bytes":	12444112,
				"bits_per_second":	9955207.9513752162,
				"packets":	8594,
				"omitted":	false,
				"sender":	true
			}
		}, {
			"streams":	[{
					"socket":	6,
					"start":	10.000082,
					"end":	20.000508,
					"seconds":	10.000426292419434,
					"bytes":	5828200,
					"bits_per_second":	4662361.2470743712,
					"packets":	4025,
					"omitted":	false,
					"sender":	true
				}],
			"sum":	{
				"start":	10.000082,
				"end":	20.000508,
				"seconds":	10.000426292419434,
				"bytes":	5828200,
				"bits_per_second":	4662361.2470743712,
				"packets":	4025,
				"omitted":	false,
				"sender":	true
			}
		}, {
			"streams":	[{
					"socket":	6,
					"start":	20.000508,
					"end":	30.000096,
					"seconds":	9.9995880126953125,
					"bytes":	6710032,
					"bits_per_second":	5368246.7649515588,
					"packets":	4634,
					"omitted":	false,
					"sender":	true
				}],
			"sum":	{
				"start":	20.000508,
				"end":	30.000096,
				"seconds":	9.9995880126953125,
				"bytes":	6710032,
				"bits_per_second":	5368246.7649515588,
				"packets":	4634,
				"omitted":	false,
				"sender":	true
			}
		}],
	"end":	{
		"streams":	[{
				"udp":	{
					"socket":	6,
					"start":	0,
					"end":	30.000096,
					"seconds":	30.000096,
					"bytes":	24982344,
					"bits_per_second":	6661937.0818013381,
					"jitter_ms":	0.72437523605162479,
					"lost_packets":	8323,
					"packets":	17253,
					"lost_percent":	48.240885643076567,
					"out_of_order":	0,
					"sender":	true
				}
			}],
		"sum":	{
			"start":	0,
			"end":	30.008808,
			"seconds":	30.008808,
			"bytes":	24982344,
			"bits_per_second":	6661937.0818013381,
			"jitter_ms":	0.72437523605162479,
			"lost_packets":	8323,
			"packets":	17253,
			"lost_percent":	48.240885643076567,
			"sender":	true
		},
		"cpu_utilization_percent":	{
			"host_total":	7.1067319869359462,
			"host_user":	1.071129107511831,
			"host_system":	6.0356028794241148,
			"remote_total":	1.403110680589625,
			"remote_user":	0.054632776868027255,
			"remote_system":	1.3484812347853663
		}
	}
}
