{
	"start":	{
		"connected":	[{
				"socket":	6,
				"local_host":	"10.20.15.3",
				"local_port":	45692,
				"remote_host":	"10.20.15.2",
				"remote_port":	5201
			}],
		"version":	"iperf 3.7",
		"system_info":	"Linux node2 5.8.0-1006-raspi #9-Ubuntu SMP PREEMPT Fri Oct 16 12:55:30 UTC 2020 aarch64",
		"timestamp":	{
			"time":	"Sun, 08 Aug 2021 13:35:02 GMT",
			"timesecs":	1628429702
		},
		"connecting_to":	{
			"host":	"10.20.15.2",
			"port":	5201
		},
		"cookie":	"zpjrez7sbvaappv2saywwblbk5i4esp566cs",
		"sock_bufsize":	0,
		"sndbuf_actual":	212992,
		"rcvbuf_actual":	212992,
		"test_start":	{
			"protocol":	"UDP",
			"num_streams":	1,
			"blksize":	1448,
			"omit":	0,
			"duration":	30,
			"bytes":	0,
			"blocks":	0,
			"reverse":	0,
			"tos":	0
		}
	},
	"intervals":	[{
			"streams":	[{
					"socket":	6,
					"start":	0,
					"end":	10.000079,
					"seconds":	10.000079154968262,
					"bytes":	9810200,
					"bits_per_second":	7848097.8784061521,
					"packets":	6775,
					"omitted":	false,
					"sender":	true
				}],
			"sum":	{
				"start":	0,
				"end":	10.000079,
				"seconds":	10.000079154968262,
				"bytes":	9810200,
				"bits_per_second":	7848097.8784061521,
				"packets":	6775,
				"omitted":	false,
				"sender":	true
			}
		}, {
			"streams":	[{
					"socket":	6,
					"start":	10.000079,
					"end":	20.000076,
					"seconds":	9.99999713897705,
					"bytes":	1058488,
					"bits_per_second":	846790.642268746,
					"packets":	731,
					"omitted":	false,
					"sender":	true
				}],
			"sum":	{
				"start":	10.000079,
				"end":	20.000076,
				"seconds":	9.99999713897705,
				"bytes":	1058488,
				"bits_per_second":	846790.642268746,
				"packets":	731,
				"omitted":	false,
				"sender":	true
			}
		}, {
			"streams":	[{
					"socket":	6,
					"start":	20.000076,
					"end":	30.000123,
					"seconds":	10.000046730041504,
					"bytes":	1164192,
					"bits_per_second":	931349.24780109955,
					"packets":	804,
					"omitted":	false,
					"sender":	true
				}],
			"sum":	{
				"start":	20.000076,
				"end":	30.000123,
				"seconds":	10.000046730041504,
				"bytes":	1164192,
				"bits_per_second":	931349.24780109955,
				"packets":	804,
				"omitted":	false,
				"sender":	true
			}
		}],
	"end":	{
		"streams":	[{
				"udp":	{
					"socket":	6,
					"start":	0,
					"end":	30.000123,
					"seconds":	30.000123,
					"bytes":	12032880,
					"bits_per_second":	3208754.8441051394,
					"jitter_ms":	3.6635207415759274,
					"lost_packets":	1732,
					"packets":	8310,
					"lost_percent":	20.842358604091455,
					"out_of_order":	0,
					"sender":	true
				}
			}],
		"sum":	{
			"start":	0,
			"end":	30.018049,
			"seconds":	30.018049,
			"bytes":	12032880,
			"bits_per_second":	3208754.8441051394,
			"jitter_ms":	3.6635207415759274,
			"lost_packets":	1732,
			"packets":	8310,
			"lost_percent":	20.842358604091455,
			"sender":	true
		},
		"cpu_utilization_percent":	{
			"host_total":	5.6518786672724133,
			"host_user":	0.70132752328604675,
			"host_system":	4.9505411459699733,
			"remote_total":	1.0409042912841908,
			"remote_user":	0.11654947624155708,
			"remote_system":	0.92434815583361529
		}
	}
}
