{
	"start":	{
		"connected":	[{
				"socket":	6,
				"local_host":	"10.20.15.3",
				"local_port":	53142,
				"remote_host":	"10.20.15.2",
				"remote_port":	5201
			}],
		"version":	"iperf 3.7",
		"system_info":	"Linux node2 5.8.0-1006-raspi #9-Ubuntu SMP PREEMPT Fri Oct 16 12:55:30 UTC 2020 aarch64",
		"timestamp":	{
			"time":	"Sun, 08 Aug 2021 13:48:33 GMT",
			"timesecs":	1628430513
		},
		"connecting_to":	{
			"host":	"10.20.15.2",
			"port":	5201
		},
		"cookie":	"ahat5rirwkwnivevuhn36iykl6yyld4ep7fu",
		"sock_bufsize":	0,
		"sndbuf_actual":	212992,
		"rcvbuf_actual":	212992,
		"test_start":	{
			"protocol":	"UDP",
			"num_streams":	1,
			"blksize":	1448,
			"omit":	0,
			"duration":	30,
			"bytes":	0,
			"blocks":	0,
			"reverse":	0,
			"tos":	0
		}
	},
	"intervals":	[{
			"streams":	[{
					"socket":	6,
					"start":	0,
					"end":	10.000089,
					"seconds":	10.000088691711426,
					"bytes":	4626360,
					"bits_per_second":	3701055.1747082472,
					"packets":	3195,
					"omitted":	false,
					"sender":	true
				}],
			"sum":	{
				"start":	0,
				"end":	10.000089,
				"seconds":	10.000088691711426,
				"bytes":	4626360,
				"bits_per_second":	3701055.1747082472,
				"packets":	3195,
				"omitted":	false,
				"sender":	true
			}
		}, {
			"streams":	[{
					"socket":	6,
					"start":	10.000089,
					"end":	20.0001,
					"seconds":	10.000011444091797,
					"bytes":	822464,
					"bits_per_second":	657970.44701258047,
					"packets":	568,
					"omitted":	false,
					"sender":	true
				}],
			"sum":	{
				"start":	10.000089,
				"end":	20.0001,
				"seconds":	10.000011444091797,
				"bytes":	822464,
				"bits_per_second":	657970.44701258047,
				"packets":	568,
				"omitted":	false,
				"sender":	true
			}
		}, {
			"streams":	[{
					"socket":	6,
					"start":	20.0001,
					"end":	30.000099,
					"seconds":	9.9999990463256836,
					"bytes":	6694104,
					"bits_per_second":	5355283.7107196534,
					"packets":	4623,
					"omitted":	false,
					"sender":	true
				}],
			"sum":	{
				"start":	20.0001,
				"end":	30.000099,
				"seconds":	9.9999990463256836,
				"bytes":	6694104,
				"bits_per_second":	5355283.7107196534,
				"packets":	4623,
				"omitted":	false,
				"sender":	true
			}
		}],
	"end":	{
		"streams":	[{
				"udp":	{
					"socket":	6,
					"start":	0,
					"end":	30.000099,
					"seconds":	30.000099,
					"bytes":	12142928,
					"bits_per_second":	3238103.4475919562,
					"jitter_ms":	0.30840894959321413,
					"lost_packets":	1763,
					"packets":	8386,
					"lost_percent":	21.02313379441927,
					"out_of_order":	0,
					"sender":	true
				}
			}],
		"sum":	{
			"start":	0,
			"end":	30.002884,
			"seconds":	30.002884,
			"bytes":	12142928,
			"bits_per_second":	3238103.4475919562,
			"jitter_ms":	0.30840894959321413,
			"lost_packets":	1763,
			"packets":	8386,
			"lost_percent":	21.02313379441927,
			"sender":	true
		},
		"cpu_utilization_percent":	{
			"host_total":	5.7011419879784633,
			"host_user":	1.0645730853577344,
			"host_system":	4.6365655700812063,
			"remote_total":	1.0407475165414541,
			"remote_user":	0.066203795351115646,
			"remote_system":	0.97455038421321993
		}
	}
}
