{
	"start":	{
		"connected":	[{
				"socket":	6,
				"local_host":	"10.20.15.3",
				"local_port":	40530,
				"remote_host":	"10.20.15.2",
				"remote_port":	5201
			}],
		"version":	"iperf 3.7",
		"system_info":	"Linux node2 5.8.0-1006-raspi #9-Ubuntu SMP PREEMPT Fri Oct 16 12:55:30 UTC 2020 aarch64",
		"timestamp":	{
			"time":	"Sun, 08 Aug 2021 13:48:03 GMT",
			"timesecs":	1628430483
		},
		"connecting_to":	{
			"host":	"10.20.15.2",
			"port":	5201
		},
		"cookie":	"i5xoiafklkgg7v7dnvxixsfmt7nn4sbjiiv4",
		"sock_bufsize":	0,
		"sndbuf_actual":	212992,
		"rcvbuf_actual":	212992,
		"test_start":	{
			"protocol":	"UDP",
			"num_streams":	1,
			"blksize":	1448,
			"omit":	0,
			"duration":	30,
			"bytes":	0,
			"blocks":	0,
			"reverse":	0,
			"tos":	0
		}
	},
	"intervals":	[{
			"streams":	[{
					"socket":	6,
					"start":	0,
					"end":	10.000081,
					"seconds":	10.000081062316895,
					"bytes":	5162120,
					"bits_per_second":	4129662.5239987811,
					"packets":	3565,
					"omitted":	false,
					"sender":	true
				}],
			"sum":	{
				"start":	0,
				"end":	10.000081,
				"seconds":	10.000081062316895,
				"bytes":	5162120,
				"bits_per_second":	4129662.5239987811,
				"packets":	3565,
				"omitted":	false,
				"sender":	true
			}
		}, {
			"streams":	[{
					"socket":	6,
					"start":	10.000081,
					"end":	20.00011,
					"seconds":	10.000028610229492,
					"bytes":	1000568,
					"bits_per_second":	800452.10988814384,
					"packets":	691,
					"omitted":	false,
					"sender":	true
				}],
			"sum":	{
				"start":	10.000081,
				"end":	20.00011,
				"seconds":	10.000028610229492,
				"bytes":	1000568,
				"bits_per_second":	800452.10988814384,
				"packets":	691,
				"omitted":	false,
				"sender":	true
			}
		}, {
			"streams":	[{
					"socket":	6,
					"start":	20.00011,
					"end":	30.000104,
					"seconds":	9.9999942779541016,
					"bytes":	4361376,
					"bits_per_second":	3489102.7964806347,
					"packets":	3012,
					"omitted":	false,
					"sender":	true
				}],
			"sum":	{
				"start":	20.00011,
				"end":	30.000104,
				"seconds":	9.9999942779541016,
				"bytes":	4361376,
				"bits_per_second":	3489102.7964806347,
				"packets":	3012,
				"omitted":	false,
				"sender":	true
			}
		}],
	"end":	{
		"streams":	[{
				"udp":	{
					"socket":	6,
					"start":	0,
					"end":	30.000104,
					"seconds":	30.000104,
					"bytes":	10524064,
					"bits_per_second":	2806407.3377878955,
					"jitter_ms":	0.43341810767899036,
					"lost_packets":	1696,
					"packets":	7268,
					"lost_percent":	23.33516785910842,
					"out_of_order":	0,
					"sender":	true
				}
			}],
		"sum":	{
			"start":	0,
			"end":	30.001357,
			"seconds":	30.001357,
			"bytes":	10524064,
			"bits_per_second":	2806407.3377878955,
			"jitter_ms":	0.43341810767899036,
			"lost_packets":	1696,
			"packets":	7268,
			"lost_percent":	23.33516785910842,
			"sender":	true
		},
		"cpu_utilization_percent":	{
			"host_total":	6.1709602205233107,
			"host_user":	0.71126532798143616,
			"host_system":	5.4596948925418749,
			"remote_total":	0.89070420008738427,
			"remote_user":	0.13580739431647953,
			"remote_system":	0.75489014233955609
		}
	}
}
