{
	"start":	{
		"connected":	[{
				"socket":	6,
				"local_host":	"10.20.15.3",
				"local_port":	59026,
				"remote_host":	"10.20.15.2",
				"remote_port":	5201
			}],
		"version":	"iperf 3.7",
		"system_info":	"Linux node2 5.8.0-1006-raspi #9-Ubuntu SMP PREEMPT Fri Oct 16 12:55:30 UTC 2020 aarch64",
		"timestamp":	{
			"time":	"Sun, 08 Aug 2021 13:46:33 GMT",
			"timesecs":	1628430393
		},
		"connecting_to":	{
			"host":	"10.20.15.2",
			"port":	5201
		},
		"cookie":	"mcwgjh3bcqmpmtr2rutphkcd7dt22om6bsow",
		"sock_bufsize":	0,
		"sndbuf_actual":	212992,
		"rcvbuf_actual":	212992,
		"test_start":	{
			"protocol":	"UDP",
			"num_streams":	1,
			"blksize":	1448,
			"omit":	0,
			"duration":	30,
			"bytes":	0,
			"blocks":	0,
			"reverse":	0,
			"tos":	0
		}
	},
	"intervals":	[{
			"streams":	[{
					"socket":	6,
					"start":	0,
					"end":	10.000112,
					"seconds":	10.00011157989502,
					"bytes":	5196872,
					"bits_per_second":	4157451.2112030303,
					"packets":	3589,
					"omitted":	false,
					"sender":	true
				}],
			"sum":	{
				"start":	0,
				"end":	10.000112,
				"seconds":	10.00011157989502,
				"bytes":	5196872,
				"bits_per_second":	4157451.2112030303,
				"packets":	3589,
				"omitted":	false,
				"sender":	true
			}
		}, {
			"streams":	[{
					"socket":	6,
					"start":	10.000112,
					"end":	20.000112,
					"seconds":	10,
					"bytes":	951336,
					"bits_per_second":	761068.8,
					"packets":	657,
					"omitted":	false,
					"sender":	true
				}],
			"sum":	{
				"start":	10.000112,
				"end":	20.000112,
				"seconds":	10,
				"bytes":	951336,
				"bits_per_second":	761068.8,
				"packets":	657,
				"omitted":	false,
				"sender":	true
			}
		}, {
			"streams":	[{
					"socket":	6,
					"start":	20.000112,
					"end":	30.000074,
					"seconds":	9.9999618530273438,
					"bytes":	7056104,
					"bits_per_second":	5644904.7336026523,
					"packets":	4873,
					"omitted":	false,
					"sender":	true
				}],
			"sum":	{
				"start":	20.000112,
				"end":	30.000074,
				"seconds":	9.9999618530273438,
				"bytes":	7056104,
				"bits_per_second":	5644904.7336026523,
				"packets":	4873,
				"omitted":	false,
				"sender":	true
			}
		}],
	"end":	{
		"streams":	[{
				"udp":	{
					"socket":	6,
					"start":	0,
					"end":	30.000074,
					"seconds":	30.000074,
					"bytes":	13204312,
					"bits_per_second":	3521141.1811850863,
					"jitter_ms":	0.26129109076881313,
					"lost_packets":	1746,
					"packets":	9119,
					"lost_percent":	19.146836275907447,
					"out_of_order":	0,
					"sender":	true
				}
			}],
		"sum":	{
			"start":	0,
			"end":	30.002475,
			"seconds":	30.002475,
			"bytes":	13204312,
			"bits_per_second":	3521141.1811850863,
			"jitter_ms":	0.26129109076881313,
			"lost_packets":	1746,
			"packets":	9119,
			"lost_percent":	19.146836275907447,
			"sender":	true
		},
		"cpu_utilization_percent":	{
			"host_total":	5.8121250397115531,
			"host_user":	0.49530757995189861,
			"host_system":	5.3168074620961088,
			"remote_total":	1.1347517211456184,
			"remote_user":	0.10726545217136778,
			"remote_system":	1.0274895955505312
		}
	}
}
