{
	"start":	{
		"connected":	[{
				"socket":	6,
				"local_host":	"10.20.15.3",
				"local_port":	57565,
				"remote_host":	"10.20.15.2",
				"remote_port":	5201
			}],
		"version":	"iperf 3.7",
		"system_info":	"Linux node2 5.8.0-1006-raspi #9-Ubuntu SMP PREEMPT Fri Oct 16 12:55:30 UTC 2020 aarch64",
		"timestamp":	{
			"time":	"Sun, 08 Aug 2021 13:55:23 GMT",
			"timesecs":	1628430923
		},
		"connecting_to":	{
			"host":	"10.20.15.2",
			"port":	5201
		},
		"cookie":	"gpwgzbkhkw76g2pbqk2h5ceoukpuqwgs7ian",
		"sock_bufsize":	0,
		"sndbuf_actual":	212992,
		"rcvbuf_actual":	212992,
		"test_start":	{
			"protocol":	"UDP",
			"num_streams":	1,
			"blksize":	1448,
			"omit":	0,
			"duration":	30,
			"bytes":	0,
			"blocks":	0,
			"reverse":	0,
			"tos":	0
		}
	},
	"intervals":	[{
			"streams":	[{
					"socket":	6,
					"start":	0,
					"end":	10.000082,
					"seconds":	10.000082015991211,
					"bytes":	9899976,
					"bits_per_second":	7919915.8440251742,
					"packets":	6837,
					"omitted":	false,
					"sender":	true
				}],
			"sum":	{
				"start":	0,
				"end":	10.000082,
				"seconds":	10.000082015991211,
				"bytes":	9899976,
				"bits_per_second":	7919915.8440251742,
				"packets":	6837,
				"omitted":	false,
				"sender":	true
			}
		}, {
			"streams":	[{
					"socket":	6,
					"start":	10.000082,
					"end":	20.000079,
					"seconds":	9.99999713897705,
					"bytes":	894864,
					"bits_per_second":	715891.40481817385,
					"packets":	618,
					"omitted":	false,
					"sender":	true
				}],
			"sum":	{
				"start":	10.000082,
				"end":	20.000079,
				"seconds":	9.99999713897705,
				"bytes":	894864,
				"bits_per_second":	715891.40481817385,
				"packets":	618,
				"omitted":	false,
				"sender":	true
			}
		}, {
			"streams":	[{
					"socket":	6,
					"start":	20.000079,
					"end":	30.000113,
					"seconds":	10.000034332275391,
					"bytes":	702280,
					"bits_per_second":	561822.07113699336,
					"packets":	485,
					"omitted":	false,
					"sender":	true
				}],
			"sum":	{
				"start":	20.000079,
				"end":	30.000113,
				"seconds":	10.000034332275391,
				"bytes":	702280,
				"bits_per_second":	561822.07113699336,
				"packets":	485,
				"omitted":	false,
				"sender":	true
			}
		}],
	"end":	{
		"streams":	[{
				"udp":	{
					"socket":	6,
					"start":	0,
					"end":	30.000113,
					"seconds":	30.000113,
					"bytes":	11497120,
					"bits_per_second":	3065887.1184918536,
					"jitter_ms":	33.234315348519758,
					"lost_packets":	1561,
					"packets":	7940,
					"lost_percent":	19.659949622166248,
					"out_of_order":	0,
					"sender":	true
				}
			}],
		"sum":	{
			"start":	0,
			"end":	31.179271,
			"seconds":	31.179271,
			"bytes":	11497120,
			"bits_per_second":	3065887.1184918536,
			"jitter_ms":	33.234315348519758,
			"lost_packets":	1561,
			"packets":	7940,
			"lost_percent":	19.659949622166248,
			"sender":	true
		},
		"cpu_utilization_percent":	{
			"host_total":	3.759514157818205,
			"host_user":	0.35081446099437086,
			"host_system":	3.408697460599118,
			"remote_total":	0.62258324523803044,
			"remote_user":	0.083399320078418632,
			"remote_system":	0.53918183944661024
		}
	}
}
