{
	"start":	{
		"connected":	[{
				"socket":	6,
				"local_host":	"10.20.15.3",
				"local_port":	53655,
				"remote_host":	"10.20.15.2",
				"remote_port":	5201
			}],
		"version":	"iperf 3.7",
		"system_info":	"Linux node2 5.8.0-1006-raspi #9-Ubuntu SMP PREEMPT Fri Oct 16 12:55:30 UTC 2020 aarch64",
		"timestamp":	{
			"time":	"Sun, 08 Aug 2021 12:21:38 GMT",
			"timesecs":	1628425298
		},
		"connecting_to":	{
			"host":	"10.20.15.2",
			"port":	5201
		},
		"cookie":	"3oinw7je35ntnrtmvh6xrmsct6k2gc7ebwxh",
		"sock_bufsize":	0,
		"sndbuf_actual":	212992,
		"rcvbuf_actual":	212992,
		"test_start":	{
			"protocol":	"UDP",
			"num_streams":	1,
			"blksize":	1448,
			"omit":	0,
			"duration":	30,
			"bytes":	0,
			"blocks":	0,
			"reverse":	0,
			"tos":	0
		}
	},
	"intervals":	[{
			"streams":	[{
					"socket":	6,
					"start":	0,
					"end":	10.00009,
					"seconds":	10.000089645385742,
					"bytes":	4031232,
					"bits_per_second":	3224956.6897513545,
					"packets":	2784,
					"omitted":	false,
					"sender":	true
				}],
			"sum":	{
				"start":	0,
				"end":	10.00009,
				"seconds":	10.000089645385742,
				"bytes":	4031232,
				"bits_per_second":	3224956.6897513545,
				"packets":	2784,
				"omitted":	false,
				"sender":	true
			}
		}, {
			"streams":	[{
					"socket":	6,
					"start":	10.00009,
					"end":	20.000103,
					"seconds":	10.00001335144043,
					"bytes":	844184,
					"bits_per_second":	675346.29831541283,
					"packets":	583,
					"omitted":	false,
					"sender":	true
				}],
			"sum":	{
				"start":	10.00009,
				"end":	20.000103,
				"seconds":	10.00001335144043,
				"bytes":	844184,
				"bits_per_second":	675346.29831541283,
				"packets":	583,
				"omitted":	false,
				"sender":	true
			}
		}, {
			"streams":	[{
					"socket":	6,
					"start":	20.000103,
					"end":	30.0001,
					"seconds":	9.99999713897705,
					"bytes":	2552824,
					"bits_per_second":	2042259.7842952111,
					"packets":	1763,
					"omitted":	false,
					"sender":	true
				}],
			"sum":	{
				"start":	20.000103,
				"end":	30.0001,
				"seconds":	9.99999713897705,
				"bytes":	2552824,
				"bits_per_second":	2042259.7842952111,
				"packets":	1763,
				"omitted":	false,
				"sender":	true
			}
		}],
	"end":	{
		"streams":	[{
				"udp":	{
					"socket":	6,
					"start":	0,
					"end":	30.0001,
					"seconds":	30.0001,
					"bytes":	7428240,
					"bits_per_second":	1980857.3971420096,
					"jitter_ms":	0.51564239877681317,
					"lost_packets":	1765,
					"packets":	5130,
					"lost_percent":	34.405458089668613,
					"out_of_order":	0,
					"sender":	true
				}
			}],
		"sum":	{
			"start":	0,
			"end":	30.004553,
			"seconds":	30.004553,
			"bytes":	7428240,
			"bits_per_second":	1980857.3971420096,
			"jitter_ms":	0.51564239877681317,
			"lost_packets":	1765,
			"packets":	5130,
			"lost_percent":	34.405458089668613,
			"sender":	true
		},
		"cpu_utilization_percent":	{
			"host_total":	5.17843701961353,
			"host_user":	0.63721080509590033,
			"host_system":	4.5412195500040458,
			"remote_total":	0.62442742553129893,
			"remote_user":	0.029594569389854521,
			"remote_system":	0.59478288782302391
		}
	}
}
