{
	"start":	{
		"connected":	[{
				"socket":	6,
				"local_host":	"10.20.15.3",
				"local_port":	45802,
				"remote_host":	"10.20.15.2",
				"remote_port":	5201
			}],
		"version":	"iperf 3.7",
		"system_info":	"Linux node2 5.8.0-1006-raspi #9-Ubuntu SMP PREEMPT Fri Oct 16 12:55:30 UTC 2020 aarch64",
		"timestamp":	{
			"time":	"Sun, 08 Aug 2021 13:37:02 GMT",
			"timesecs":	1628429822
		},
		"connecting_to":	{
			"host":	"10.20.15.2",
			"port":	5201
		},
		"cookie":	"b7yqh5xmxkqhmvvvd5obmh3nkdwzd45hfb7e",
		"sock_bufsize":	0,
		"sndbuf_actual":	212992,
		"rcvbuf_actual":	212992,
		"test_start":	{
			"protocol":	"UDP",
			"num_streams":	1,
			"blksize":	1448,
			"omit":	0,
			"duration":	30,
			"bytes":	0,
			"blocks":	0,
			"reverse":	0,
			"tos":	0
		}
	},
	"intervals":	[{
			"streams":	[{
					"socket":	6,
					"start":	0,
					"end":	10.000082,
					"seconds":	10.000082015991211,
					"bytes":	9814544,
					"bits_per_second":	7851570.80456379,
					"packets":	6778,
					"omitted":	false,
					"sender":	true
				}],
			"sum":	{
				"start":	0,
				"end":	10.000082,
				"seconds":	10.000082015991211,
				"bytes":	9814544,
				"bits_per_second":	7851570.80456379,
				"packets":	6778,
				"omitted":	false,
				"sender":	true
			}
		}, {
			"streams":	[{
					"socket":	6,
					"start":	10.000082,
					"end":	20.000089,
					"seconds":	10.000006675720215,
					"bytes":	1684024,
					"bits_per_second":	1347218.3006347558,
					"packets":	1163,
					"omitted":	false,
					"sender":	true
				}],
			"sum":	{
				"start":	10.000082,
				"end":	20.000089,
				"seconds":	10.000006675720215,
				"bytes":	1684024,
				"bits_per_second":	1347218.3006347558,
				"packets":	1163,
				"omitted":	false,
				"sender":	true
			}
		}, {
			"streams":	[{
					"socket":	6,
					"start":	20.000089,
					"end":	30.000113,
					"seconds":	10.00002384185791,
					"bytes":	4029784,
					"bits_per_second":	3223819.5138153224,
					"packets":	2783,
					"omitted":	false,
					"sender":	true
				}],
			"sum":	{
				"start":	20.000089,
				"end":	30.000113,
				"seconds":	10.00002384185791,
				"bytes":	4029784,
				"bits_per_second":	3223819.5138153224,
				"packets":	2783,
				"omitted":	false,
				"sender":	true
			}
		}],
	"end":	{
		"streams":	[{
				"udp":	{
					"socket":	6,
					"start":	0,
					"end":	30.000113,
					"seconds":	30.000113,
					"bytes":	15528352,
					"bits_per_second":	4140878.269358519,
					"jitter_ms":	0.40397934975180927,
					"lost_packets":	2502,
					"packets":	10724,
					"lost_percent":	23.330846698992914,
					"out_of_order":	0,
					"sender":	true
				}
			}],
		"sum":	{
			"start":	0,
			"end":	30.001985,
			"seconds":	30.001985,
			"bytes":	15528352,
			"bits_per_second":	4140878.269358519,
			"jitter_ms":	0.40397934975180927,
			"lost_packets":	2502,
			"packets":	10724,
			"lost_percent":	23.330846698992914,
			"sender":	true
		},
		"cpu_utilization_percent":	{
			"host_total":	6.0152008244804138,
			"host_user":	0.38934426775779879,
			"host_system":	5.6258532244653789,
			"remote_total":	1.3055499062831513,
			"remote_user":	0.10018117091677949,
			"remote_system":	1.2053687353663718
		}
	}
}
