{
	"start":	{
		"connected":	[{
				"socket":	6,
				"local_host":	"10.20.15.3",
				"local_port":	48768,
				"remote_host":	"10.20.15.2",
				"remote_port":	5201
			}],
		"version":	"iperf 3.7",
		"system_info":	"Linux node2 5.8.0-1006-raspi #9-Ubuntu SMP PREEMPT Fri Oct 16 12:55:30 UTC 2020 aarch64",
		"timestamp":	{
			"time":	"Sun, 08 Aug 2021 12:57:47 GMT",
			"timesecs":	1628427467
		},
		"connecting_to":	{
			"host":	"10.20.15.2",
			"port":	5201
		},
		"cookie":	"gmpt4ijok344oenf532wlxxsektxebht7pe7",
		"sock_bufsize":	0,
		"sndbuf_actual":	212992,
		"rcvbuf_actual":	212992,
		"test_start":	{
			"protocol":	"UDP",
			"num_streams":	1,
			"blksize":	1448,
			"omit":	0,
			"duration":	30,
			"bytes":	0,
			"blocks":	0,
			"reverse":	0,
			"tos":	0
		}
	},
	"intervals":	[{
			"streams":	[{
					"socket":	6,
					"start":	0,
					"end":	10.000115,
					"seconds":	10.000115394592285,
					"bytes":	4167344,
					"bits_per_second":	3333836.7293269872,
					"packets":	2878,
					"omitted":	false,
					"sender":	true
				}],
			"sum":	{
				"start":	0,
				"end":	10.000115,
				"seconds":	10.000115394592285,
				"bytes":	4167344,
				"bits_per_second":	3333836.7293269872,
				"packets":	2878,
				"omitted":	false,
				"sender":	true
			}
		}, {
			"streams":	[{
					"socket":	6,
					"start":	10.000115,
					"end":	20.00008,
					"seconds":	9.999964714050293,
					"bytes":	692144,
					"bits_per_second":	553717.15384356421,
					"packets":	478,
					"omitted":	false,
					"sender":	true
				}],
			"sum":	{
				"start":	10.000115,
				"end":	20.00008,
				"seconds":	9.999964714050293,
				"bytes":	692144,
				"bits_per_second":	553717.15384356421,
				"packets":	478,
				"omitted":	false,
				"sender":	true
			}
		}, {
			"streams":	[{
					"socket":	6,
					"start":	20.00008,
					"end":	30.000078,
					"seconds":	9.9999980926513672,
					"bytes":	4762472,
					"bits_per_second":	3809978.3266956951,
					"packets":	3289,
					"omitted":	false,
					"sender":	true
				}],
			"sum":	{
				"start":	20.00008,
				"end":	30.000078,
				"seconds":	9.9999980926513672,
				"bytes":	4762472,
				"bits_per_second":	3809978.3266956951,
				"packets":	3289,
				"omitted":	false,
				"sender":	true
			}
		}],
	"end":	{
		"streams":	[{
				"udp":	{
					"socket":	6,
					"start":	0,
					"end":	30.000078,
					"seconds":	30.000078,
					"bytes":	9621960,
					"bits_per_second":	2565849.3287917455,
					"jitter_ms":	0.4410153558770819,
					"lost_packets":	1760,
					"packets":	6645,
					"lost_percent":	26.486079759217457,
					"out_of_order":	0,
					"sender":	true
				}
			}],
		"sum":	{
			"start":	0,
			"end":	30.002856,
			"seconds":	30.002856,
			"bytes":	9621960,
			"bits_per_second":	2565849.3287917455,
			"jitter_ms":	0.4410153558770819,
			"lost_packets":	1760,
			"packets":	6645,
			"lost_percent":	26.486079759217457,
			"sender":	true
		},
		"cpu_utilization_percent":	{
			"host_total":	5.4388238049211486,
			"host_user":	0.81442487150513065,
			"host_system":	4.6243956007993079,
			"remote_total":	0.76997237987916134,
			"remote_user":	0.080030750252384555,
			"remote_system":	0.68994496132613359
		}
	}
}
