{
	"start":	{
		"connected":	[{
				"socket":	6,
				"local_host":	"10.20.15.3",
				"local_port":	53485,
				"remote_host":	"10.20.15.2",
				"remote_port":	5201
			}],
		"version":	"iperf 3.7",
		"system_info":	"Linux node2 5.8.0-1006-raspi #9-Ubuntu SMP PREEMPT Fri Oct 16 12:55:30 UTC 2020 aarch64",
		"timestamp":	{
			"time":	"Sun, 08 Aug 2021 10:32:04 GMT",
			"timesecs":	1628418724
		},
		"connecting_to":	{
			"host":	"10.20.15.2",
			"port":	5201
		},
		"cookie":	"zuvvbnlbxnwhyjzaah6xm4osg6nyoppuyxhn",
		"sock_bufsize":	0,
		"sndbuf_actual":	212992,
		"rcvbuf_actual":	212992,
		"test_start":	{
			"protocol":	"UDP",
			"num_streams":	1,
			"blksize":	1448,
			"omit":	0,
			"duration":	30,
			"bytes":	0,
			"blocks":	0,
			"reverse":	0,
			"tos":	0
		}
	},
	"intervals":	[{
			"streams":	[{
					"socket":	6,
					"start":	0,
					"end":	10.000088,
					"seconds":	10.000087738037109,
					"bytes":	41072520,
					"bits_per_second":	32857727.712746661,
					"packets":	28365,
					"omitted":	false,
					"sender":	true
				}],
			"sum":	{
				"start":	0,
				"end":	10.000088,
				"seconds":	10.000087738037109,
				"bytes":	41072520,
				"bits_per_second":	32857727.712746661,
				"packets":	28365,
				"omitted":	false,
				"sender":	true
			}
		}, {
			"streams":	[{
					"socket":	6,
					"start":	10.000088,
					"end":	20.00009,
					"seconds":	10.000001907348633,
					"bytes":	40195032,
					"bits_per_second":	32156019.466726024,
					"packets":	27759,
					"omitted":	false,
					"sender":	true
				}],
			"sum":	{
				"start":	10.000088,
				"end":	20.00009,
				"seconds":	10.000001907348633,
				"bytes":	40195032,
				"bits_per_second":	32156019.466726024,
				"packets":	27759,
				"omitted":	false,
				"sender":	true
			}
		}, {
			"streams":	[{
					"socket":	6,
					"start":	20.00009,
					"end":	30.000097,
					"seconds":	10.000006675720215,
					"bytes":	41456240,
					"bits_per_second":	33164969.859994028,
					"packets":	28630,
					"omitted":	false,
					"sender":	true
				}],
			"sum":	{
				"start":	20.00009,
				"end":	30.000097,
				"seconds":	10.000006675720215,
				"bytes":	41456240,
				"bits_per_second":	33164969.859994028,
				"packets":	28630,
				"omitted":	false,
				"sender":	true
			}
		}],
	"end":	{
		"streams":	[{
				"udp":	{
					"socket":	6,
					"start":	0,
					"end":	30.000097,
					"seconds":	30.000097,
					"bytes":	122723792,
					"bits_per_second":	32726238.71849481,
					"jitter_ms":	0.36237466028074478,
					"lost_packets":	5668,
					"packets":	84754,
					"lost_percent":	6.68758996625528,
					"out_of_order":	0,
					"sender":	true
				}
			}],
		"sum":	{
			"start":	0,
			"end":	30.002042,
			"seconds":	30.002042,
			"bytes":	122723792,
			"bits_per_second":	32726238.71849481,
			"jitter_ms":	0.36237466028074478,
			"lost_packets":	5668,
			"packets":	84754,
			"lost_percent":	6.68758996625528,
			"sender":	true
		},
		"cpu_utilization_percent":	{
			"host_total":	20.789008220675314,
			"host_user":	1.6190798308546903,
			"host_system":	19.1699083962852,
			"remote_total":	12.127285670677663,
			"remote_user":	1.023916367420715,
			"remote_system":	11.103289349611407
		}
	}
}
