{
	"start":	{
		"connected":	[{
				"socket":	6,
				"local_host":	"10.20.15.3",
				"local_port":	41453,
				"remote_host":	"10.20.15.2",
				"remote_port":	5201
			}],
		"version":	"iperf 3.7",
		"system_info":	"Linux node2 5.8.0-1006-raspi #9-Ubuntu SMP PREEMPT Fri Oct 16 12:55:30 UTC 2020 aarch64",
		"timestamp":	{
			"time":	"Sun, 08 Aug 2021 10:31:04 GMT",
			"timesecs":	1628418664
		},
		"connecting_to":	{
			"host":	"10.20.15.2",
			"port":	5201
		},
		"cookie":	"h3pqzvy53rjf4czuzceaq7mvia6hzoz77cr3",
		"sock_bufsize":	0,
		"sndbuf_actual":	212992,
		"rcvbuf_actual":	212992,
		"test_start":	{
			"protocol":	"UDP",
			"num_streams":	1,
			"blksize":	1448,
			"omit":	0,
			"duration":	30,
			"bytes":	0,
			"blocks":	0,
			"reverse":	0,
			"tos":	0
		}
	},
	"intervals":	[{
			"streams":	[{
					"socket":	6,
					"start":	0,
					"end":	10.000077,
					"seconds":	10.000077247619629,
					"bytes":	43311128,
					"bits_per_second":	34648634.747544236,
					"packets":	29911,
					"omitted":	false,
					"sender":	true
				}],
			"sum":	{
				"start":	0,
				"end":	10.000077,
				"seconds":	10.000077247619629,
				"bytes":	43311128,
				"bits_per_second":	34648634.747544236,
				"packets":	29911,
				"omitted":	false,
				"sender":	true
			}
		}, {
			"streams":	[{
					"socket":	6,
					"start":	10.000077,
					"end":	20.000211,
					"seconds":	10.000134468078613,
					"bytes":	42417712,
					"bits_per_second":	33933713.299877234,
					"packets":	29294,
					"omitted":	false,
					"sender":	true
				}],
			"sum":	{
				"start":	10.000077,
				"end":	20.000211,
				"seconds":	10.000134468078613,
				"bytes":	42417712,
				"bits_per_second":	33933713.299877234,
				"packets":	29294,
				"omitted":	false,
				"sender":	true
			}
		}, {
			"streams":	[{
					"socket":	6,
					"start":	20.000211,
					"end":	30.000098,
					"seconds":	9.9998874664306641,
					"bytes":	38615264,
					"bits_per_second":	30892558.844991274,
					"packets":	26668,
					"omitted":	false,
					"sender":	true
				}],
			"sum":	{
				"start":	20.000211,
				"end":	30.000098,
				"seconds":	9.9998874664306641,
				"bytes":	38615264,
				"bits_per_second":	30892558.844991274,
				"packets":	26668,
				"omitted":	false,
				"sender":	true
			}
		}],
	"end":	{
		"streams":	[{
				"udp":	{
					"socket":	6,
					"start":	0,
					"end":	30.000098,
					"seconds":	30.000098,
					"bytes":	124344104,
					"bits_per_second":	33158319.416156571,
					"jitter_ms":	0.55301123238470917,
					"lost_packets":	6347,
					"packets":	85873,
					"lost_percent":	7.3911473920790005,
					"out_of_order":	0,
					"sender":	true
				}
			}],
		"sum":	{
			"start":	0,
			"end":	30.002086,
			"seconds":	30.002086,
			"bytes":	124344104,
			"bits_per_second":	33158319.416156571,
			"jitter_ms":	0.55301123238470917,
			"lost_packets":	6347,
			"packets":	85873,
			"lost_percent":	7.3911473920790005,
			"sender":	true
		},
		"cpu_utilization_percent":	{
			"host_total":	20.679349804651149,
			"host_user":	1.7371210466412976,
			"host_system":	18.942215428735285,
			"remote_total":	12.1120909174009,
			"remote_user":	1.086245369209363,
			"remote_system":	11.025832223133952
		}
	}
}
