{
	"start":	{
		"connected":	[{
				"socket":	6,
				"local_host":	"10.20.15.3",
				"local_port":	40216,
				"remote_host":	"10.20.15.2",
				"remote_port":	5201
			}],
		"version":	"iperf 3.7",
		"system_info":	"Linux node2 5.8.0-1006-raspi #9-Ubuntu SMP PREEMPT Fri Oct 16 12:55:30 UTC 2020 aarch64",
		"timestamp":	{
			"time":	"Sun, 08 Aug 2021 14:03:15 GMT",
			"timesecs":	1628431395
		},
		"connecting_to":	{
			"host":	"10.20.15.2",
			"port":	5201
		},
		"cookie":	"vg5vccx7duonznof7i2752rtravocqnfsjtz",
		"sock_bufsize":	0,
		"sndbuf_actual":	212992,
		"rcvbuf_actual":	212992,
		"test_start":	{
			"protocol":	"UDP",
			"num_streams":	1,
			"blksize":	1448,
			"omit":	0,
			"duration":	30,
			"bytes":	0,
			"blocks":	0,
			"reverse":	0,
			"tos":	0
		}
	},
	"intervals":	[{
			"streams":	[{
					"socket":	6,
					"start":	0,
					"end":	10.000088,
					"seconds":	10.000087738037109,
					"bytes":	12823488,
					"bits_per_second":	10258700.392176429,
					"packets":	8856,
					"omitted":	false,
					"sender":	true
				}],
			"sum":	{
				"start":	0,
				"end":	10.000088,
				"seconds":	10.000087738037109,
				"bytes":	12823488,
				"bits_per_second":	10258700.392176429,
				"packets":	8856,
				"omitted":	false,
				"sender":	true
			}
		}, {
			"streams":	[{
					"socket":	6,
					"start":	10.000088,
					"end":	20.000087,
					"seconds":	9.9999990463256836,
					"bytes":	960024,
					"bits_per_second":	768019.27324402553,
					"packets":	663,
					"omitted":	false,
					"sender":	true
				}],
			"sum":	{
				"start":	10.000088,
				"end":	20.000087,
				"seconds":	9.9999990463256836,
				"bytes":	960024,
				"bits_per_second":	768019.27324402553,
				"packets":	663,
				"omitted":	false,
				"sender":	true
			}
		}, {
			"streams":	[{
					"socket":	6,
					"start":	20.000087,
					"end":	30.00011,
					"seconds":	10.000022888183594,
					"bytes":	849976,
					"bits_per_second":	679979.24365102313,
					"packets":	587,
					"omitted":	false,
					"sender":	true
				}],
			"sum":	{
				"start":	20.000087,
				"end":	30.00011,
				"seconds":	10.000022888183594,
				"bytes":	849976,
				"bits_per_second":	679979.24365102313,
				"packets":	587,
				"omitted":	false,
				"sender":	true
			}
		}],
	"end":	{
		"streams":	[{
				"udp":	{
					"socket":	6,
					"start":	0,
					"end":	30.00011,
					"seconds":	30.00011,
					"bytes":	14633488,
					"bits_per_second":	3902249.1584197525,
					"jitter_ms":	72.3835780047235,
					"lost_packets":	1604,
					"packets":	10106,
					"lost_percent":	15.871759350880666,
					"out_of_order":	0,
					"sender":	true
				}
			}],
		"sum":	{
			"start":	0,
			"end":	30.000843,
			"seconds":	30.000843,
			"bytes":	14633488,
			"bits_per_second":	3902249.1584197525,
			"jitter_ms":	72.3835780047235,
			"lost_packets":	1604,
			"packets":	10106,
			"lost_percent":	15.871759350880666,
			"sender":	true
		},
		"cpu_utilization_percent":	{
			"host_total":	5.9341576299268937,
			"host_user":	0.60485846377267927,
			"host_system":	5.329289168163144,
			"remote_total":	0.398434593831426,
			"remote_user":	0.04566391982046366,
			"remote_system":	0.35276763015548834
		}
	}
}
