{
	"start":	{
		"connected":	[{
				"socket":	6,
				"local_host":	"10.20.15.3",
				"local_port":	57108,
				"remote_host":	"10.20.15.2",
				"remote_port":	5201
			}],
		"version":	"iperf 3.7",
		"system_info":	"Linux node2 5.8.0-1006-raspi #9-Ubuntu SMP PREEMPT Fri Oct 16 12:55:30 UTC 2020 aarch64",
		"timestamp":	{
			"time":	"Sun, 08 Aug 2021 11:10:24 GMT",
			"timesecs":	1628421024
		},
		"connecting_to":	{
			"host":	"10.20.15.2",
			"port":	5201
		},
		"cookie":	"e5gpycucatqnuafljilhrtiqeri5razv3375",
		"sock_bufsize":	0,
		"sndbuf_actual":	212992,
		"rcvbuf_actual":	212992,
		"test_start":	{
			"protocol":	"UDP",
			"num_streams":	1,
			"blksize":	1448,
			"omit":	0,
			"duration":	30,
			"bytes":	0,
			"blocks":	0,
			"reverse":	0,
			"tos":	0
		}
	},
	"intervals":	[{
			"streams":	[{
					"socket":	6,
					"start":	0,
					"end":	10.000828,
					"seconds":	10.000827789306641,
					"bytes":	3399904,
					"bits_per_second":	2719698.0663023423,
					"packets":	2348,
					"omitted":	false,
					"sender":	true
				}],
			"sum":	{
				"start":	0,
				"end":	10.000828,
				"seconds":	10.000827789306641,
				"bytes":	3399904,
				"bits_per_second":	2719698.0663023423,
				"packets":	2348,
				"omitted":	false,
				"sender":	true
			}
		}, {
			"streams":	[{
					"socket":	6,
					"start":	10.000828,
					"end":	20.000103,
					"seconds":	9.9992752075195312,
					"bytes":	1459584,
					"bits_per_second":	1167751.8377751072,
					"packets":	1008,
					"omitted":	false,
					"sender":	true
				}],
			"sum":	{
				"start":	10.000828,
				"end":	20.000103,
				"seconds":	9.9992752075195312,
				"bytes":	1459584,
				"bits_per_second":	1167751.8377751072,
				"packets":	1008,
				"omitted":	false,
				"sender":	true
			}
		}, {
			"streams":	[{
					"socket":	6,
					"start":	20.000103,
					"end":	30.000103,
					"seconds":	10,
					"bytes":	8573608,
					"bits_per_second":	6858886.4,
					"packets":	5921,
					"omitted":	false,
					"sender":	true
				}],
			"sum":	{
				"start":	20.000103,
				"end":	30.000103,
				"seconds":	10,
				"bytes":	8573608,
				"bits_per_second":	6858886.4,
				"packets":	5921,
				"omitted":	false,
				"sender":	true
			}
		}],
	"end":	{
		"streams":	[{
				"udp":	{
					"socket":	6,
					"start":	0,
					"end":	30.000103,
					"seconds":	30.000103,
					"bytes":	13433096,
					"bits_per_second":	3582146.634629888,
					"jitter_ms":	0.40692296769542108,
					"lost_packets":	2996,
					"packets":	9277,
					"lost_percent":	32.294922927670584,
					"out_of_order":	0,
					"sender":	true
				}
			}],
		"sum":	{
			"start":	0,
			"end":	30.009099,
			"seconds":	30.009099,
			"bytes":	13433096,
			"bits_per_second":	3582146.634629888,
			"jitter_ms":	0.40692296769542108,
			"lost_packets":	2996,
			"packets":	9277,
			"lost_percent":	32.294922927670584,
			"sender":	true
		},
		"cpu_utilization_percent":	{
			"host_total":	5.9667774923370729,
			"host_user":	0.60637923040581232,
			"host_system":	5.3603915969950338,
			"remote_total":	0.97898253520496292,
			"remote_user":	0.093442928272760628,
			"remote_system":	0.88552961517340489
		}
	}
}
