{
	"start":	{
		"connected":	[{
				"socket":	6,
				"local_host":	"10.20.15.3",
				"local_port":	59145,
				"remote_host":	"10.20.15.2",
				"remote_port":	5201
			}],
		"version":	"iperf 3.7",
		"system_info":	"Linux node2 5.8.0-1006-raspi #9-Ubuntu SMP PREEMPT Fri Oct 16 12:55:30 UTC 2020 aarch64",
		"timestamp":	{
			"time":	"Sun, 08 Aug 2021 12:00:37 GMT",
			"timesecs":	1628424037
		},
		"connecting_to":	{
			"host":	"10.20.15.2",
			"port":	5201
		},
		"cookie":	"ktuoighcrwzjgx5qi7kjvpl3pl2cfye3fm6g",
		"sock_bufsize":	0,
		"sndbuf_actual":	212992,
		"rcvbuf_actual":	212992,
		"test_start":	{
			"protocol":	"UDP",
			"num_streams":	1,
			"blksize":	1448,
			"omit":	0,
			"duration":	30,
			"bytes":	0,
			"blocks":	0,
			"reverse":	0,
			"tos":	0
		}
	},
	"intervals":	[{
			"streams":	[{
					"socket":	6,
					"start":	0,
					"end":	10.000089,
					"seconds":	10.000088691711426,
					"bytes":	5008632,
					"bits_per_second":	4006870.0623836708,
					"packets":	3459,
					"omitted":	false,
					"sender":	true
				}],
			"sum":	{
				"start":	0,
				"end":	10.000089,
				"seconds":	10.000088691711426,
				"bytes":	5008632,
				"bits_per_second":	4006870.0623836708,
				"packets":	3459,
				"omitted":	false,
				"sender":	true
			}
		}, {
			"streams":	[{
					"socket":	6,
					"start":	10.000089,
					"end":	20.000089,
					"seconds":	10,
					"bytes":	2575992,
					"bits_per_second":	2060793.6,
					"packets":	1779,
					"omitted":	false,
					"sender":	true
				}],
			"sum":	{
				"start":	10.000089,
				"end":	20.000089,
				"seconds":	10,
				"bytes":	2575992,
				"bits_per_second":	2060793.6,
				"packets":	1779,
				"omitted":	false,
				"sender":	true
			}
		}, {
			"streams":	[{
					"socket":	6,
					"start":	20.000089,
					"end":	30.000115,
					"seconds":	10.000025749206543,
					"bytes":	6171376,
					"bits_per_second":	4937088.0873899115,
					"packets":	4262,
					"omitted":	false,
					"sender":	true
				}],
			"sum":	{
				"start":	20.000089,
				"end":	30.000115,
				"seconds":	10.000025749206543,
				"bytes":	6171376,
				"bits_per_second":	4937088.0873899115,
				"packets":	4262,
				"omitted":	false,
				"sender":	true
			}
		}],
	"end":	{
		"streams":	[{
				"udp":	{
					"socket":	6,
					"start":	0,
					"end":	30.000115,
					"seconds":	30.000115,
					"bytes":	13756000,
					"bits_per_second":	3668252.6050316808,
					"jitter_ms":	0.22255859865384364,
					"lost_packets":	5202,
					"packets":	9500,
					"lost_percent":	54.757894736842104,
					"out_of_order":	0,
					"sender":	true
				}
			}],
		"sum":	{
			"start":	0,
			"end":	30.003165,
			"seconds":	30.003165,
			"bytes":	13756000,
			"bits_per_second":	3668252.6050316808,
			"jitter_ms":	0.22255859865384364,
			"lost_packets":	5202,
			"packets":	9500,
			"lost_percent":	54.757894736842104,
			"sender":	true
		},
		"cpu_utilization_percent":	{
			"host_total":	5.89356713983549,
			"host_user":	0.37233519291542411,
			"host_system":	5.5212319469200661,
			"remote_total":	0.77332131254508085,
			"remote_user":	0.066152758202224091,
			"remote_system":	0.70717521725852406
		}
	}
}
