{
	"start":	{
		"connected":	[{
				"socket":	6,
				"local_host":	"10.20.15.3",
				"local_port":	51152,
				"remote_host":	"10.20.15.2",
				"remote_port":	5201
			}],
		"version":	"iperf 3.7",
		"system_info":	"Linux node2 5.8.0-1006-raspi #9-Ubuntu SMP PREEMPT Fri Oct 16 12:55:30 UTC 2020 aarch64",
		"timestamp":	{
			"time":	"Sun, 08 Aug 2021 11:13:55 GMT",
			"timesecs":	1628421235
		},
		"connecting_to":	{
			"host":	"10.20.15.2",
			"port":	5201
		},
		"cookie":	"olmq5nksgvqvmodapimwhlfbgswcgqw6fh47",
		"sock_bufsize":	0,
		"sndbuf_actual":	212992,
		"rcvbuf_actual":	212992,
		"test_start":	{
			"protocol":	"UDP",
			"num_streams":	1,
			"blksize":	1448,
			"omit":	0,
			"duration":	30,
			"bytes":	0,
			"blocks":	0,
			"reverse":	0,
			"tos":	0
		}
	},
	"intervals":	[{
			"streams":	[{
					"socket":	6,
					"start":	0,
					"end":	10.000083,
					"seconds":	10.000082969665527,
					"bytes":	1534880,
					"bits_per_second":	1227893.8122061098,
					"packets":	1060,
					"omitted":	false,
					"sender":	true
				}],
			"sum":	{
				"start":	0,
				"end":	10.000083,
				"seconds":	10.000082969665527,
				"bytes":	1534880,
				"bits_per_second":	1227893.8122061098,
				"packets":	1060,
				"omitted":	false,
				"sender":	true
			}
		}, {
			"streams":	[{
					"socket":	6,
					"start":	10.000083,
					"end":	20.000083,
					"seconds":	10,
					"bytes":	1145368,
					"bits_per_second":	916294.4,
					"packets":	791,
					"omitted":	false,
					"sender":	true
				}],
			"sum":	{
				"start":	10.000083,
				"end":	20.000083,
				"seconds":	10,
				"bytes":	1145368,
				"bits_per_second":	916294.4,
				"packets":	791,
				"omitted":	false,
				"sender":	true
			}
		}, {
			"streams":	[{
					"socket":	6,
					"start":	20.000083,
					"end":	30.000054,
					"seconds":	9.9999713897705078,
					"bytes":	9866672,
					"bits_per_second":	7893360.18308463,
					"packets":	6814,
					"omitted":	false,
					"sender":	true
				}],
			"sum":	{
				"start":	20.000083,
				"end":	30.000054,
				"seconds":	9.9999713897705078,
				"bytes":	9866672,
				"bits_per_second":	7893360.18308463,
				"packets":	6814,
				"omitted":	false,
				"sender":	true
			}
		}],
	"end":	{
		"streams":	[{
				"udp":	{
					"socket":	6,
					"start":	0,
					"end":	30.000054,
					"seconds":	30.000054,
					"bytes":	12546920,
					"bits_per_second":	3345839.310822574,
					"jitter_ms":	0.3368456217239344,
					"lost_packets":	2329,
					"packets":	8665,
					"lost_percent":	26.878245816503174,
					"out_of_order":	0,
					"sender":	true
				}
			}],
		"sum":	{
			"start":	0,
			"end":	30.006501,
			"seconds":	30.006501,
			"bytes":	12546920,
			"bits_per_second":	3345839.310822574,
			"jitter_ms":	0.3368456217239344,
			"lost_packets":	2329,
			"packets":	8665,
			"lost_percent":	26.878245816503174,
			"sender":	true
		},
		"cpu_utilization_percent":	{
			"host_total":	6.2919438291941425,
			"host_user":	0.46462241069646176,
			"host_system":	5.8273214184976814,
			"remote_total":	0.978092320253818,
			"remote_user":	0.063928821825656859,
			"remote_system":	0.914163498428161
		}
	}
}
