{
	"start":	{
		"connected":	[{
				"socket":	6,
				"local_host":	"10.20.15.3",
				"local_port":	47746,
				"remote_host":	"10.20.15.2",
				"remote_port":	5201
			}],
		"version":	"iperf 3.7",
		"system_info":	"Linux node2 5.8.0-1006-raspi #9-Ubuntu SMP PREEMPT Fri Oct 16 12:55:30 UTC 2020 aarch64",
		"timestamp":	{
			"time":	"Sun, 08 Aug 2021 10:49:35 GMT",
			"timesecs":	1628419775
		},
		"connecting_to":	{
			"host":	"10.20.15.2",
			"port":	5201
		},
		"cookie":	"bteud4ia3fre22an75kfj2qwirnr72ojmikd",
		"sock_bufsize":	0,
		"sndbuf_actual":	212992,
		"rcvbuf_actual":	212992,
		"test_start":	{
			"protocol":	"UDP",
			"num_streams":	1,
			"blksize":	1448,
			"omit":	0,
			"duration":	30,
			"bytes":	0,
			"blocks":	0,
			"reverse":	0,
			"tos":	0
		}
	},
	"intervals":	[{
			"streams":	[{
					"socket":	6,
					"start":	0,
					"end":	10.000098,
					"seconds":	10.00009822845459,
					"bytes":	3638824,
					"bits_per_second":	2911030.6053962368,
					"packets":	2513,
					"omitted":	false,
					"sender":	true
				}],
			"sum":	{
				"start":	0,
				"end":	10.000098,
				"seconds":	10.00009822845459,
				"bytes":	3638824,
				"bits_per_second":	2911030.6053962368,
				"packets":	2513,
				"omitted":	false,
				"sender":	true
			}
		}, {
			"streams":	[{
					"socket":	6,
					"start":	10.000098,
					"end":	20.00009,
					"seconds":	9.9999923706054688,
					"bytes":	1979416,
					"bits_per_second":	1583534.0081405703,
					"packets":	1367,
					"omitted":	false,
					"sender":	true
				}],
			"sum":	{
				"start":	10.000098,
				"end":	20.00009,
				"seconds":	9.9999923706054688,
				"bytes":	1979416,
				"bits_per_second":	1583534.0081405703,
				"packets":	1367,
				"omitted":	false,
				"sender":	true
			}
		}, {
			"streams":	[{
					"socket":	6,
					"start":	20.00009,
					"end":	30.003385,
					"seconds":	10.003294944763184,
					"bytes":	8156584,
					"bits_per_second":	6523117.8686938919,
					"packets":	5633,
					"omitted":	false,
					"sender":	true
				}],
			"sum":	{
				"start":	20.00009,
				"end":	30.003385,
				"seconds":	10.003294944763184,
				"bytes":	8156584,
				"bits_per_second":	6523117.8686938919,
				"packets":	5633,
				"omitted":	false,
				"sender":	true
			}
		}],
	"end":	{
		"streams":	[{
				"udp":	{
					"socket":	6,
					"start":	0,
					"end":	30.003385,
					"seconds":	30.003385,
					"bytes":	13774824,
					"bits_per_second":	3672871.9776118593,
					"jitter_ms":	0.38365270263447282,
					"lost_packets":	3849,
					"packets":	9513,
					"lost_percent":	40.460422579627881,
					"out_of_order":	0,
					"sender":	true
				}
			}],
		"sum":	{
			"start":	0,
			"end":	30.007377,
			"seconds":	30.007377,
			"bytes":	13774824,
			"bits_per_second":	3672871.9776118593,
			"jitter_ms":	0.38365270263447282,
			"lost_packets":	3849,
			"packets":	9513,
			"lost_percent":	40.460422579627881,
			"sender":	true
		},
		"cpu_utilization_percent":	{
			"host_total":	5.95607416050132,
			"host_user":	0.84277598637600126,
			"host_system":	5.1132415252048711,
			"remote_total":	0.90815514808463349,
			"remote_user":	0.13575590652952832,
			"remote_system":	0.77238924799096043
		}
	}
}
