{
	"start":	{
		"connected":	[{
				"socket":	6,
				"local_host":	"10.20.15.3",
				"local_port":	55276,
				"remote_host":	"10.20.15.2",
				"remote_port":	5201
			}],
		"version":	"iperf 3.7",
		"system_info":	"Linux node2 5.8.0-1006-raspi #9-Ubuntu SMP PREEMPT Fri Oct 16 12:55:30 UTC 2020 aarch64",
		"timestamp":	{
			"time":	"Sun, 08 Aug 2021 13:57:06 GMT",
			"timesecs":	1628431026
		},
		"connecting_to":	{
			"host":	"10.20.15.2",
			"port":	5201
		},
		"cookie":	"dgwf2iacxky5j3oszzsurc52mm2uunkq5y6c",
		"sock_bufsize":	0,
		"sndbuf_actual":	212992,
		"rcvbuf_actual":	212992,
		"test_start":	{
			"protocol":	"UDP",
			"num_streams":	1,
			"blksize":	1448,
			"omit":	0,
			"duration":	30,
			"bytes":	0,
			"blocks":	0,
			"reverse":	0,
			"tos":	0
		}
	},
	"intervals":	[{
			"streams":	[{
					"socket":	6,
					"start":	0,
					"end":	10.000092,
					"seconds":	10.000091552734375,
					"bytes":	1378496,
					"bits_per_second":	1102786.7036861845,
					"packets":	952,
					"omitted":	false,
					"sender":	true
				}],
			"sum":	{
				"start":	0,
				"end":	10.000092,
				"seconds":	10.000091552734375,
				"bytes":	1378496,
				"bits_per_second":	1102786.7036861845,
				"packets":	952,
				"omitted":	false,
				"sender":	true
			}
		}, {
			"streams":	[{
					"socket":	6,
					"start":	10.000092,
					"end":	20.000088,
					"seconds":	9.9999961853027344,
					"bytes":	975952,
					"bits_per_second":	780761.89783702767,
					"packets":	674,
					"omitted":	false,
					"sender":	true
				}],
			"sum":	{
				"start":	10.000092,
				"end":	20.000088,
				"seconds":	9.9999961853027344,
				"bytes":	975952,
				"bits_per_second":	780761.89783702767,
				"packets":	674,
				"omitted":	false,
				"sender":	true
			}
		}, {
			"streams":	[{
					"socket":	6,
					"start":	20.000088,
					"end":	30.000123,
					"seconds":	10.000035285949707,
					"bytes":	9472816,
					"bits_per_second":	7578226.05950964,
					"packets":	6542,
					"omitted":	false,
					"sender":	true
				}],
			"sum":	{
				"start":	20.000088,
				"end":	30.000123,
				"seconds":	10.000035285949707,
				"bytes":	9472816,
				"bits_per_second":	7578226.05950964,
				"packets":	6542,
				"omitted":	false,
				"sender":	true
			}
		}],
	"end":	{
		"streams":	[{
				"udp":	{
					"socket":	6,
					"start":	0,
					"end":	30.000123,
					"seconds":	30.000123,
					"bytes":	11827264,
					"bits_per_second":	3153924.1355777108,
					"jitter_ms":	92.7208325424968,
					"lost_packets":	1808,
					"packets":	8168,
					"lost_percent":	22.135161606268365,
					"out_of_order":	0,
					"sender":	true
				}
			}],
		"sum":	{
			"start":	0,
			"end":	31.378072,
			"seconds":	31.378072,
			"bytes":	11827264,
			"bits_per_second":	3153924.1355777108,
			"jitter_ms":	92.7208325424968,
			"lost_packets":	1808,
			"packets":	8168,
			"lost_percent":	22.135161606268365,
			"sender":	true
		},
		"cpu_utilization_percent":	{
			"host_total":	5.6507121564091554,
			"host_user":	0.21529862140609435,
			"host_system":	5.4353902903496305,
			"remote_total":	0.84594292720792452,
			"remote_user":	0.13303126808234805,
			"remote_system":	0.71290884817032818
		}
	}
}
