{
	"start":	{
		"connected":	[{
				"socket":	6,
				"local_host":	"10.20.15.3",
				"local_port":	39235,
				"remote_host":	"10.20.15.2",
				"remote_port":	5201
			}],
		"version":	"iperf 3.7",
		"system_info":	"Linux node2 5.8.0-1006-raspi #9-Ubuntu SMP PREEMPT Fri Oct 16 12:55:30 UTC 2020 aarch64",
		"timestamp":	{
			"time":	"Sun, 08 Aug 2021 13:17:02 GMT",
			"timesecs":	1628428622
		},
		"connecting_to":	{
			"host":	"10.20.15.2",
			"port":	5201
		},
		"cookie":	"s7zuwas4y4hffsufuvpbhdktunhfrs6n3p6m",
		"sock_bufsize":	0,
		"sndbuf_actual":	212992,
		"rcvbuf_actual":	212992,
		"test_start":	{
			"protocol":	"UDP",
			"num_streams":	1,
			"blksize":	1448,
			"omit":	0,
			"duration":	30,
			"bytes":	0,
			"blocks":	0,
			"reverse":	0,
			"tos":	0
		}
	},
	"intervals":	[{
			"streams":	[{
					"socket":	6,
					"start":	0,
					"end":	10.000025,
					"seconds":	10.000024795532227,
					"bytes":	14833312,
					"bits_per_second":	11866620.1760837,
					"packets":	10244,
					"omitted":	false,
					"sender":	true
				}],
			"sum":	{
				"start":	0,
				"end":	10.000025,
				"seconds":	10.000024795532227,
				"bytes":	14833312,
				"bits_per_second":	11866620.1760837,
				"packets":	10244,
				"omitted":	false,
				"sender":	true
			}
		}, {
			"streams":	[{
					"socket":	6,
					"start":	10.000025,
					"end":	20.000133,
					"seconds":	10.000107765197754,
					"bytes":	6682520,
					"bits_per_second":	5345958.3891737005,
					"packets":	4615,
					"omitted":	false,
					"sender":	true
				}],
			"sum":	{
				"start":	10.000025,
				"end":	20.000133,
				"seconds":	10.000107765197754,
				"bytes":	6682520,
				"bits_per_second":	5345958.3891737005,
				"packets":	4615,
				"omitted":	false,
				"sender":	true
			}
		}, {
			"streams":	[{
					"socket":	6,
					"start":	20.000133,
					"end":	30.000111,
					"seconds":	9.9999780654907227,
					"bytes":	8237672,
					"bits_per_second":	6590152.05517514,
					"packets":	5689,
					"omitted":	false,
					"sender":	true
				}],
			"sum":	{
				"start":	20.000133,
				"end":	30.000111,
				"seconds":	9.9999780654907227,
				"bytes":	8237672,
				"bits_per_second":	6590152.05517514,
				"packets":	5689,
				"omitted":	false,
				"sender":	true
			}
		}],
	"end":	{
		"streams":	[{
				"udp":	{
					"socket":	6,
					"start":	0,
					"end":	30.000111,
					"seconds":	30.000111,
					"bytes":	29753504,
					"bits_per_second":	7934238.3766513392,
					"jitter_ms":	1.3290868929842807,
					"lost_packets":	7709,
					"packets":	20548,
					"lost_percent":	37.517033287911232,
					"out_of_order":	0,
					"sender":	true
				}
			}],
		"sum":	{
			"start":	0,
			"end":	30.008427,
			"seconds":	30.008427,
			"bytes":	29753504,
			"bits_per_second":	7934238.3766513392,
			"jitter_ms":	1.3290868929842807,
			"lost_packets":	7709,
			"packets":	20548,
			"lost_percent":	37.517033287911232,
			"sender":	true
		},
		"cpu_utilization_percent":	{
			"host_total":	8.0040556765040769,
			"host_user":	1.4305277771649443,
			"host_system":	6.5735278993391333,
			"remote_total":	2.0681654553682738,
			"remote_user":	0.18933442288343003,
			"remote_system":	1.8788310324848438
		}
	}
}
