{
	"start":	{
		"connected":	[{
				"socket":	6,
				"local_host":	"10.20.15.3",
				"local_port":	38450,
				"remote_host":	"10.20.15.2",
				"remote_port":	5201
			}],
		"version":	"iperf 3.7",
		"system_info":	"Linux node2 5.8.0-1006-raspi #9-Ubuntu SMP PREEMPT Fri Oct 16 12:55:30 UTC 2020 aarch64",
		"timestamp":	{
			"time":	"Sun, 08 Aug 2021 10:47:05 GMT",
			"timesecs":	1628419625
		},
		"connecting_to":	{
			"host":	"10.20.15.2",
			"port":	5201
		},
		"cookie":	"drlmnd2qx46i63whzua3y6g6ltach3lomqgj",
		"sock_bufsize":	0,
		"sndbuf_actual":	212992,
		"rcvbuf_actual":	212992,
		"test_start":	{
			"protocol":	"UDP",
			"num_streams":	1,
			"blksize":	1448,
			"omit":	0,
			"duration":	30,
			"bytes":	0,
			"blocks":	0,
			"reverse":	0,
			"tos":	0
		}
	},
	"intervals":	[{
			"streams":	[{
					"socket":	6,
					"start":	0,
					"end":	10.000091,
					"seconds":	10.000090599060059,
					"bytes":	4517760,
					"bits_per_second":	3614175.2559118927,
					"packets":	3120,
					"omitted":	false,
					"sender":	true
				}],
			"sum":	{
				"start":	0,
				"end":	10.000091,
				"seconds":	10.000090599060059,
				"bytes":	4517760,
				"bits_per_second":	3614175.2559118927,
				"packets":	3120,
				"omitted":	false,
				"sender":	true
			}
		}, {
			"streams":	[{
					"socket":	6,
					"start":	10.000091,
					"end":	20.000082,
					"seconds":	9.9999914169311523,
					"bytes":	1867920,
					"bits_per_second":	1494337.2825999779,
					"packets":	1290,
					"omitted":	false,
					"sender":	true
				}],
			"sum":	{
				"start":	10.000091,
				"end":	20.000082,
				"seconds":	9.9999914169311523,
				"bytes":	1867920,
				"bits_per_second":	1494337.2825999779,
				"packets":	1290,
				"omitted":	false,
				"sender":	true
			}
		}, {
			"streams":	[{
					"socket":	6,
					"start":	20.000082,
					"end":	30.000098,
					"seconds":	10.000016212463379,
					"bytes":	7415208,
					"bits_per_second":	5932156.7825125409,
					"packets":	5121,
					"omitted":	false,
					"sender":	true
				}],
			"sum":	{
				"start":	20.000082,
				"end":	30.000098,
				"seconds":	10.000016212463379,
				"bytes":	7415208,
				"bits_per_second":	5932156.7825125409,
				"packets":	5121,
				"omitted":	false,
				"sender":	true
			}
		}],
	"end":	{
		"streams":	[{
				"udp":	{
					"socket":	6,
					"start":	0,
					"end":	30.000098,
					"seconds":	30.000098,
					"bytes":	13800888,
					"bits_per_second":	3680224.777932392,
					"jitter_ms":	0.34897685728100214,
					"lost_packets":	3748,
					"packets":	9531,
					"lost_percent":	39.324310145839888,
					"out_of_order":	0,
					"sender":	true
				}
			}],
		"sum":	{
			"start":	0,
			"end":	30.004079,
			"seconds":	30.004079,
			"bytes":	13800888,
			"bits_per_second":	3680224.777932392,
			"jitter_ms":	0.34897685728100214,
			"lost_packets":	3748,
			"packets":	9531,
			"lost_percent":	39.324310145839888,
			"sender":	true
		},
		"cpu_utilization_percent":	{
			"host_total":	6.0470789270206744,
			"host_user":	0.3790986635332394,
			"host_system":	5.6679769308105286,
			"remote_total":	0.89629929283819731,
			"remote_user":	0.0856039198973046,
			"remote_system":	0.81068871012022825
		}
	}
}
