{
	"start":	{
		"connected":	[{
				"socket":	6,
				"local_host":	"10.20.15.3",
				"local_port":	57893,
				"remote_host":	"10.20.15.2",
				"remote_port":	5201
			}],
		"version":	"iperf 3.7",
		"system_info":	"Linux node2 5.8.0-1006-raspi #9-Ubuntu SMP PREEMPT Fri Oct 16 12:55:30 UTC 2020 aarch64",
		"timestamp":	{
			"time":	"Sun, 08 Aug 2021 10:24:33 GMT",
			"timesecs":	1628418273
		},
		"connecting_to":	{
			"host":	"10.20.15.2",
			"port":	5201
		},
		"cookie":	"vee5xjtqxdw6m3h2z2zxmxbe2fa6ilh42hdn",
		"sock_bufsize":	0,
		"sndbuf_actual":	212992,
		"rcvbuf_actual":	212992,
		"test_start":	{
			"protocol":	"UDP",
			"num_streams":	1,
			"blksize":	1448,
			"omit":	0,
			"duration":	30,
			"bytes":	0,
			"blocks":	0,
			"reverse":	0,
			"tos":	0
		}
	},
	"intervals":	[{
			"streams":	[{
					"socket":	6,
					"start":	0,
					"end":	10.000086,
					"seconds":	10.000085830688477,
					"bytes":	45425208,
					"bits_per_second":	36339854.492526978,
					"packets":	31371,
					"omitted":	false,
					"sender":	true
				}],
			"sum":	{
				"start":	0,
				"end":	10.000086,
				"seconds":	10.000085830688477,
				"bytes":	45425208,
				"bits_per_second":	36339854.492526978,
				"packets":	31371,
				"omitted":	false,
				"sender":	true
			}
		}, {
			"streams":	[{
					"socket":	6,
					"start":	10.000086,
					"end":	20.000083,
					"seconds":	9.99999713897705,
					"bytes":	43393664,
					"bits_per_second":	34714941.132024325,
					"packets":	29968,
					"omitted":	false,
					"sender":	true
				}],
			"sum":	{
				"start":	10.000086,
				"end":	20.000083,
				"seconds":	9.99999713897705,
				"bytes":	43393664,
				"bits_per_second":	34714941.132024325,
				"packets":	29968,
				"omitted":	false,
				"sender":	true
			}
		}, {
			"streams":	[{
					"socket":	6,
					"start":	20.000083,
					"end":	30.00005,
					"seconds":	9.9999666213989258,
					"bytes":	44411608,
					"bits_per_second":	35529404.992183566,
					"packets":	30671,
					"omitted":	false,
					"sender":	true
				}],
			"sum":	{
				"start":	20.000083,
				"end":	30.00005,
				"seconds":	9.9999666213989258,
				"bytes":	44411608,
				"bits_per_second":	35529404.992183566,
				"packets":	30671,
				"omitted":	false,
				"sender":	true
			}
		}],
	"end":	{
		"streams":	[{
				"udp":	{
					"socket":	6,
					"start":	0,
					"end":	30.00005,
					"seconds":	30.00005,
					"bytes":	133230480,
					"bits_per_second":	35528068.786552019,
					"jitter_ms":	0.61915671504869463,
					"lost_packets":	4165,
					"packets":	92010,
					"lost_percent":	4.5266818824040866,
					"out_of_order":	0,
					"sender":	true
				}
			}],
		"sum":	{
			"start":	0,
			"end":	30.007237,
			"seconds":	30.007237,
			"bytes":	133230480,
			"bits_per_second":	35528068.786552019,
			"jitter_ms":	0.61915671504869463,
			"lost_packets":	4165,
			"packets":	92010,
			"lost_percent":	4.5266818824040866,
			"sender":	true
		},
		"cpu_utilization_percent":	{
			"host_total":	21.227004255632849,
			"host_user":	1.4087206513337154,
			"host_system":	19.818283604299129,
			"remote_total":	13.48515485763501,
			"remote_user":	0.98789628439741106,
			"remote_system":	12.497258573237598
		}
	}
}
