{
	"start":	{
		"connected":	[{
				"socket":	6,
				"local_host":	"10.20.15.3",
				"local_port":	50734,
				"remote_host":	"10.20.15.2",
				"remote_port":	5201
			}],
		"version":	"iperf 3.7",
		"system_info":	"Linux node2 5.8.0-1006-raspi #9-Ubuntu SMP PREEMPT Fri Oct 16 12:55:30 UTC 2020 aarch64",
		"timestamp":	{
			"time":	"Sun, 08 Aug 2021 12:47:16 GMT",
			"timesecs":	1628426836
		},
		"connecting_to":	{
			"host":	"10.20.15.2",
			"port":	5201
		},
		"cookie":	"2wxbzr2pnztt2oxmjw2m54mgswa4g2jhlt43",
		"sock_bufsize":	0,
		"sndbuf_actual":	212992,
		"rcvbuf_actual":	212992,
		"test_start":	{
			"protocol":	"UDP",
			"num_streams":	1,
			"blksize":	1448,
			"omit":	0,
			"duration":	30,
			"bytes":	0,
			"blocks":	0,
			"reverse":	0,
			"tos":	0
		}
	},
	"intervals":	[{
			"streams":	[{
					"socket":	6,
					"start":	0,
					"end":	10.000074,
					"seconds":	10.00007438659668,
					"bytes":	8952984,
					"bits_per_second":	7162333.9218355268,
					"packets":	6183,
					"omitted":	false,
					"sender":	true
				}],
			"sum":	{
				"start":	0,
				"end":	10.000074,
				"seconds":	10.00007438659668,
				"bytes":	8952984,
				"bits_per_second":	7162333.9218355268,
				"packets":	6183,
				"omitted":	false,
				"sender":	true
			}
		}, {
			"streams":	[{
					"socket":	6,
					"start":	10.000074,
					"end":	20.000111,
					"seconds":	10.00003719329834,
					"bytes":	773232,
					"bits_per_second":	618583.29928468016,
					"packets":	534,
					"omitted":	false,
					"sender":	true
				}],
			"sum":	{
				"start":	10.000074,
				"end":	20.000111,
				"seconds":	10.00003719329834,
				"bytes":	773232,
				"bits_per_second":	618583.29928468016,
				"packets":	534,
				"omitted":	false,
				"sender":	true
			}
		}, {
			"streams":	[{
					"socket":	6,
					"start":	20.000111,
					"end":	30.000134,
					"seconds":	10.000022888183594,
					"bytes":	916584,
					"bits_per_second":	733265.52168841171,
					"packets":	633,
					"omitted":	false,
					"sender":	true
				}],
			"sum":	{
				"start":	20.000111,
				"end":	30.000134,
				"seconds":	10.000022888183594,
				"bytes":	916584,
				"bits_per_second":	733265.52168841171,
				"packets":	633,
				"omitted":	false,
				"sender":	true
			}
		}],
	"end":	{
		"streams":	[{
				"udp":	{
					"socket":	6,
					"start":	0,
					"end":	30.000134,
					"seconds":	30.000134,
					"bytes":	10642800,
					"bits_per_second":	2838067.3232992892,
					"jitter_ms":	3.5690314057667583,
					"lost_packets":	1692,
					"packets":	7350,
					"lost_percent":	23.020408163265305,
					"out_of_order":	0,
					"sender":	true
				}
			}],
		"sum":	{
			"start":	0,
			"end":	30.017003,
			"seconds":	30.017003,
			"bytes":	10642800,
			"bits_per_second":	2838067.3232992892,
			"jitter_ms":	3.5690314057667583,
			"lost_packets":	1692,
			"packets":	7350,
			"lost_percent":	23.020408163265305,
			"sender":	true
		},
		"cpu_utilization_percent":	{
			"host_total":	5.4727579795745207,
			"host_user":	0.69949796919245677,
			"host_system":	4.7732533453863111,
			"remote_total":	0.86605127165515283,
			"remote_user":	0.060617561890667214,
			"remote_system":	0.8054503592815947
		}
	}
}
