{
	"start":	{
		"connected":	[{
				"socket":	6,
				"local_host":	"10.20.15.3",
				"local_port":	50726,
				"remote_host":	"10.20.15.2",
				"remote_port":	5201
			}],
		"version":	"iperf 3.7",
		"system_info":	"Linux node2 5.8.0-1006-raspi #9-Ubuntu SMP PREEMPT Fri Oct 16 12:55:30 UTC 2020 aarch64",
		"timestamp":	{
			"time":	"Sun, 08 Aug 2021 10:31:34 GMT",
			"timesecs":	1628418694
		},
		"connecting_to":	{
			"host":	"10.20.15.2",
			"port":	5201
		},
		"cookie":	"6splgwzt4tail4n52372xshb77x3tnl24spj",
		"sock_bufsize":	0,
		"sndbuf_actual":	212992,
		"rcvbuf_actual":	212992,
		"test_start":	{
			"protocol":	"UDP",
			"num_streams":	1,
			"blksize":	1448,
			"omit":	0,
			"duration":	30,
			"bytes":	0,
			"blocks":	0,
			"reverse":	0,
			"tos":	0
		}
	},
	"intervals":	[{
			"streams":	[{
					"socket":	6,
					"start":	0,
					"end":	10.00008,
					"seconds":	10.000080108642578,
					"bytes":	40813328,
					"bits_per_second":	32650400.842070892,
					"packets":	28186,
					"omitted":	false,
					"sender":	true
				}],
			"sum":	{
				"start":	0,
				"end":	10.00008,
				"seconds":	10.000080108642578,
				"bytes":	40813328,
				"bits_per_second":	32650400.842070892,
				"packets":	28186,
				"omitted":	false,
				"sender":	true
			}
		}, {
			"streams":	[{
					"socket":	6,
					"start":	10.00008,
					"end":	20.003805,
					"seconds":	10.003725051879883,
					"bytes":	38739792,
					"bits_per_second":	30980293.280027792,
					"packets":	26754,
					"omitted":	false,
					"sender":	true
				}],
			"sum":	{
				"start":	10.00008,
				"end":	20.003805,
				"seconds":	10.003725051879883,
				"bytes":	38739792,
				"bits_per_second":	30980293.280027792,
				"packets":	26754,
				"omitted":	false,
				"sender":	true
			}
		}, {
			"streams":	[{
					"socket":	6,
					"start":	20.003805,
					"end":	30.0001,
					"seconds":	9.9962949752807617,
					"bytes":	40558480,
					"bits_per_second":	32458810.069366407,
					"packets":	28010,
					"omitted":	false,
					"sender":	true
				}],
			"sum":	{
				"start":	20.003805,
				"end":	30.0001,
				"seconds":	9.9962949752807617,
				"bytes":	40558480,
				"bits_per_second":	32458810.069366407,
				"packets":	28010,
				"omitted":	false,
				"sender":	true
			}
		}],
	"end":	{
		"streams":	[{
				"udp":	{
					"socket":	6,
					"start":	0,
					"end":	30.0001,
					"seconds":	30.0001,
					"bytes":	120111600,
					"bits_per_second":	32029653.234489217,
					"jitter_ms":	0.39097405221196752,
					"lost_packets":	4743,
					"packets":	82950,
					"lost_percent":	5.717902350813743,
					"out_of_order":	0,
					"sender":	true
				}
			}],
		"sum":	{
			"start":	0,
			"end":	30.001774,
			"seconds":	30.001774,
			"bytes":	120111600,
			"bits_per_second":	32029653.234489217,
			"jitter_ms":	0.39097405221196752,
			"lost_packets":	4743,
			"packets":	82950,
			"lost_percent":	5.717902350813743,
			"sender":	true
		},
		"cpu_utilization_percent":	{
			"host_total":	20.150056262350351,
			"host_user":	1.6936958673791511,
			"host_system":	18.456343732050911,
			"remote_total":	11.844081822078275,
			"remote_user":	0.79828116132219851,
			"remote_system":	11.045800660756075
		}
	}
}
