{
	"start":	{
		"connected":	[{
				"socket":	6,
				"local_host":	"10.20.15.3",
				"local_port":	46895,
				"remote_host":	"10.20.15.2",
				"remote_port":	5201
			}],
		"version":	"iperf 3.7",
		"system_info":	"Linux node2 5.8.0-1006-raspi #9-Ubuntu SMP PREEMPT Fri Oct 16 12:55:30 UTC 2020 aarch64",
		"timestamp":	{
			"time":	"Sun, 08 Aug 2021 13:36:32 GMT",
			"timesecs":	1628429792
		},
		"connecting_to":	{
			"host":	"10.20.15.2",
			"port":	5201
		},
		"cookie":	"c6qp3tbeo4f3eyfklfuohvdwnkllnvihv5ht",
		"sock_bufsize":	0,
		"sndbuf_actual":	212992,
		"rcvbuf_actual":	212992,
		"test_start":	{
			"protocol":	"UDP",
			"num_streams":	1,
			"blksize":	1448,
			"omit":	0,
			"duration":	30,
			"bytes":	0,
			"blocks":	0,
			"reverse":	0,
			"tos":	0
		}
	},
	"intervals":	[{
			"streams":	[{
					"socket":	6,
					"start":	0,
					"end":	10.000087,
					"seconds":	10.000086784362793,
					"bytes":	9801512,
					"bits_per_second":	7841141.5511526912,
					"packets":	6769,
					"omitted":	false,
					"sender":	true
				}],
			"sum":	{
				"start":	0,
				"end":	10.000087,
				"seconds":	10.000086784362793,
				"bytes":	9801512,
				"bits_per_second":	7841141.5511526912,
				"packets":	6769,
				"omitted":	false,
				"sender":	true
			}
		}, {
			"streams":	[{
					"socket":	6,
					"start":	10.000087,
					"end":	20.00008,
					"seconds":	9.9999933242797852,
					"bytes":	1853440,
					"bits_per_second":	1482752.9898444107,
					"packets":	1280,
					"omitted":	false,
					"sender":	true
				}],
			"sum":	{
				"start":	10.000087,
				"end":	20.00008,
				"seconds":	9.9999933242797852,
				"bytes":	1853440,
				"bits_per_second":	1482752.9898444107,
				"packets":	1280,
				"omitted":	false,
				"sender":	true
			}
		}, {
			"streams":	[{
					"socket":	6,
					"start":	20.00008,
					"end":	30.000095,
					"seconds":	10.000015258789062,
					"bytes":	2911928,
					"bits_per_second":	2329538.8454058147,
					"packets":	2011,
					"omitted":	false,
					"sender":	true
				}],
			"sum":	{
				"start":	20.00008,
				"end":	30.000095,
				"seconds":	10.000015258789062,
				"bytes":	2911928,
				"bits_per_second":	2329538.8454058147,
				"packets":	2011,
				"omitted":	false,
				"sender":	true
			}
		}],
	"end":	{
		"streams":	[{
				"udp":	{
					"socket":	6,
					"start":	0,
					"end":	30.000095,
					"seconds":	30.000095,
					"bytes":	14566880,
					"bits_per_second":	3884489.0324513968,
					"jitter_ms":	0.49548510953033503,
					"lost_packets":	2225,
					"packets":	10060,
					"lost_percent":	22.117296222664017,
					"out_of_order":	0,
					"sender":	true
				}
			}],
		"sum":	{
			"start":	0,
			"end":	30.008565,
			"seconds":	30.008565,
			"bytes":	14566880,
			"bits_per_second":	3884489.0324513968,
			"jitter_ms":	0.49548510953033503,
			"lost_packets":	2225,
			"packets":	10060,
			"lost_percent":	22.117296222664017,
			"sender":	true
		},
		"cpu_utilization_percent":	{
			"host_total":	5.9037124819032947,
			"host_user":	0.42508948081415171,
			"host_system":	5.4786130031397224,
			"remote_total":	1.2370983553795254,
			"remote_user":	0.067790454519126589,
			"remote_system":	1.1692979086546524
		}
	}
}
