{
	"start":	{
		"connected":	[{
				"socket":	6,
				"local_host":	"10.20.15.3",
				"local_port":	53339,
				"remote_host":	"10.20.15.2",
				"remote_port":	5201
			}],
		"version":	"iperf 3.7",
		"system_info":	"Linux node2 5.8.0-1006-raspi #9-Ubuntu SMP PREEMPT Fri Oct 16 12:55:30 UTC 2020 aarch64",
		"timestamp":	{
			"time":	"Sun, 08 Aug 2021 13:29:25 GMT",
			"timesecs":	1628429365
		},
		"connecting_to":	{
			"host":	"10.20.15.2",
			"port":	5201
		},
		"cookie":	"btwn5ryvefaxpbdupjyfq6waozdknzuin3gf",
		"sock_bufsize":	0,
		"sndbuf_actual":	212992,
		"rcvbuf_actual":	212992,
		"test_start":	{
			"protocol":	"UDP",
			"num_streams":	1,
			"blksize":	1448,
			"omit":	0,
			"duration":	30,
			"bytes":	0,
			"blocks":	0,
			"reverse":	0,
			"tos":	0
		}
	},
	"intervals":	[{
			"streams":	[{
					"socket":	6,
					"start":	0,
					"end":	10.000115,
					"seconds":	10.000115394592285,
					"bytes":	12436872,
					"bits_per_second":	9949382.7895029522,
					"packets":	8589,
					"omitted":	false,
					"sender":	true
				}],
			"sum":	{
				"start":	0,
				"end":	10.000115,
				"seconds":	10.000115394592285,
				"bytes":	12436872,
				"bits_per_second":	9949382.7895029522,
				"packets":	8589,
				"omitted":	false,
				"sender":	true
			}
		}, {
			"streams":	[{
					"socket":	6,
					"start":	10.000115,
					"end":	20.000091,
					"seconds":	9.99997615814209,
					"bytes":	4170240,
					"bits_per_second":	3336199.9541205266,
					"packets":	2880,
					"omitted":	false,
					"sender":	true
				}],
			"sum":	{
				"start":	10.000115,
				"end":	20.000091,
				"seconds":	9.99997615814209,
				"bytes":	4170240,
				"bits_per_second":	3336199.9541205266,
				"packets":	2880,
				"omitted":	false,
				"sender":	true
			}
		}, {
			"streams":	[{
					"socket":	6,
					"start":	20.000091,
					"end":	30.000127,
					"seconds":	10.000036239624023,
					"bytes":	2612192,
					"bits_per_second":	2089746.0268389683,
					"packets":	1804,
					"omitted":	false,
					"sender":	true
				}],
			"sum":	{
				"start":	20.000091,
				"end":	30.000127,
				"seconds":	10.000036239624023,
				"bytes":	2612192,
				"bits_per_second":	2089746.0268389683,
				"packets":	1804,
				"omitted":	false,
				"sender":	true
			}
		}],
	"end":	{
		"streams":	[{
				"udp":	{
					"socket":	6,
					"start":	0,
					"end":	30.000127,
					"seconds":	30.000127,
					"bytes":	19219304,
					"bits_per_second":	5125126.036966444,
					"jitter_ms":	33.245064154100142,
					"lost_packets":	4506,
					"packets":	13273,
					"lost_percent":	33.948617494161077,
					"out_of_order":	0,
					"sender":	true
				}
			}],
		"sum":	{
			"start":	0,
			"end":	30.268984,
			"seconds":	30.268984,
			"bytes":	19219304,
			"bits_per_second":	5125126.036966444,
			"jitter_ms":	33.245064154100142,
			"lost_packets":	4506,
			"packets":	13273,
			"lost_percent":	33.948617494161077,
			"sender":	true
		},
		"cpu_utilization_percent":	{
			"host_total":	6.4323334114748905,
			"host_user":	0.57757729355796261,
			"host_system":	5.8547561179169278,
			"remote_total":	1.4313388739690223,
			"remote_user":	0.18012762645548214,
			"remote_system":	1.2512014444716824
		}
	}
}
