{
	"start":	{
		"connected":	[{
				"socket":	6,
				"local_host":	"10.20.15.3",
				"local_port":	40924,
				"remote_host":	"10.20.15.2",
				"remote_port":	5201
			}],
		"version":	"iperf 3.7",
		"system_info":	"Linux node2 5.8.0-1006-raspi #9-Ubuntu SMP PREEMPT Fri Oct 16 12:55:30 UTC 2020 aarch64",
		"timestamp":	{
			"time":	"Sun, 08 Aug 2021 13:37:32 GMT",
			"timesecs":	1628429852
		},
		"connecting_to":	{
			"host":	"10.20.15.2",
			"port":	5201
		},
		"cookie":	"o6lnqzwrnfbtmdqivdqhx32jvwkjrj5n536k",
		"sock_bufsize":	0,
		"sndbuf_actual":	212992,
		"rcvbuf_actual":	212992,
		"test_start":	{
			"protocol":	"UDP",
			"num_streams":	1,
			"blksize":	1448,
			"omit":	0,
			"duration":	30,
			"bytes":	0,
			"blocks":	0,
			"reverse":	0,
			"tos":	0
		}
	},
	"intervals":	[{
			"streams":	[{
					"socket":	6,
					"start":	0,
					"end":	10.000111,
					"seconds":	10.000110626220703,
					"bytes":	9584312,
					"bits_per_second":	7667364.7788411761,
					"packets":	6619,
					"omitted":	false,
					"sender":	true
				}],
			"sum":	{
				"start":	0,
				"end":	10.000111,
				"seconds":	10.000110626220703,
				"bytes":	9584312,
				"bits_per_second":	7667364.7788411761,
				"packets":	6619,
				"omitted":	false,
				"sender":	true
			}
		}, {
			"streams":	[{
					"socket":	6,
					"start":	10.000111,
					"end":	20.00009,
					"seconds":	9.9999790191650391,
					"bytes":	1097584,
					"bits_per_second":	878069.042262166,
					"packets":	758,
					"omitted":	false,
					"sender":	true
				}],
			"sum":	{
				"start":	10.000111,
				"end":	20.00009,
				"seconds":	9.9999790191650391,
				"bytes":	1097584,
				"bits_per_second":	878069.042262166,
				"packets":	758,
				"omitted":	false,
				"sender":	true
			}
		}, {
			"streams":	[{
					"socket":	6,
					"start":	20.00009,
					"end":	30.00011,
					"seconds":	10.000020027160645,
					"bytes":	1896880,
					"bits_per_second":	1517500.9608764478,
					"packets":	1310,
					"omitted":	false,
					"sender":	true
				}],
			"sum":	{
				"start":	20.00009,
				"end":	30.00011,
				"seconds":	10.000020027160645,
				"bytes":	1896880,
				"bits_per_second":	1517500.9608764478,
				"packets":	1310,
				"omitted":	false,
				"sender":	true
			}
		}],
	"end":	{
		"streams":	[{
				"udp":	{
					"socket":	6,
					"start":	0,
					"end":	30.00011,
					"seconds":	30.00011,
					"bytes":	12578776,
					"bits_per_second":	3354327.9674641192,
					"jitter_ms":	1.5608378843814323,
					"lost_packets":	1751,
					"packets":	8687,
					"lost_percent":	20.156555772994128,
					"out_of_order":	0,
					"sender":	true
				}
			}],
		"sum":	{
			"start":	0,
			"end":	30.008584,
			"seconds":	30.008584,
			"bytes":	12578776,
			"bits_per_second":	3354327.9674641192,
			"jitter_ms":	1.5608378843814323,
			"lost_packets":	1751,
			"packets":	8687,
			"lost_percent":	20.156555772994128,
			"sender":	true
		},
		"cpu_utilization_percent":	{
			"host_total":	5.852073386438537,
			"host_user":	0.57092293453508547,
			"host_system":	5.281147119331278,
			"remote_total":	1.1103398335939241,
			"remote_user":	0.07889503908593809,
			"remote_system":	1.0314481255208248
		}
	}
}
