{
	"start":	{
		"connected":	[{
				"socket":	6,
				"local_host":	"10.20.15.3",
				"local_port":	56669,
				"remote_host":	"10.20.15.2",
				"remote_port":	5201
			}],
		"version":	"iperf 3.7",
		"system_info":	"Linux node2 5.8.0-1006-raspi #9-Ubuntu SMP PREEMPT Fri Oct 16 12:55:30 UTC 2020 aarch64",
		"timestamp":	{
			"time":	"Sun, 08 Aug 2021 13:40:02 GMT",
			"timesecs":	1628430002
		},
		"connecting_to":	{
			"host":	"10.20.15.2",
			"port":	5201
		},
		"cookie":	"qgmnpdx5znt7qhlhhgzukypnnl3pekcymnf4",
		"sock_bufsize":	0,
		"sndbuf_actual":	212992,
		"rcvbuf_actual":	212992,
		"test_start":	{
			"protocol":	"UDP",
			"num_streams":	1,
			"blksize":	1448,
			"omit":	0,
			"duration":	30,
			"bytes":	0,
			"blocks":	0,
			"reverse":	0,
			"tos":	0
		}
	},
	"intervals":	[{
			"streams":	[{
					"socket":	6,
					"start":	0,
					"end":	10.000083,
					"seconds":	10.000082969665527,
					"bytes":	8890720,
					"bits_per_second":	7112516.9876844473,
					"packets":	6140,
					"omitted":	false,
					"sender":	true
				}],
			"sum":	{
				"start":	0,
				"end":	10.000083,
				"seconds":	10.000082969665527,
				"bytes":	8890720,
				"bits_per_second":	7112516.9876844473,
				"packets":	6140,
				"omitted":	false,
				"sender":	true
			}
		}, {
			"streams":	[{
					"socket":	6,
					"start":	10.000083,
					"end":	20.000085,
					"seconds":	10.000001907348633,
					"bytes":	1503024,
					"bits_per_second":	1202418.9706567819,
					"packets":	1038,
					"omitted":	false,
					"sender":	true
				}],
			"sum":	{
				"start":	10.000083,
				"end":	20.000085,
				"seconds":	10.000001907348633,
				"bytes":	1503024,
				"bits_per_second":	1202418.9706567819,
				"packets":	1038,
				"omitted":	false,
				"sender":	true
			}
		}, {
			"streams":	[{
					"socket":	6,
					"start":	20.000085,
					"end":	30.000049,
					"seconds":	9.9999637603759766,
					"bytes":	4814600,
					"bits_per_second":	3851693.9583940906,
					"packets":	3325,
					"omitted":	false,
					"sender":	true
				}],
			"sum":	{
				"start":	20.000085,
				"end":	30.000049,
				"seconds":	9.9999637603759766,
				"bytes":	4814600,
				"bits_per_second":	3851693.9583940906,
				"packets":	3325,
				"omitted":	false,
				"sender":	true
			}
		}],
	"end":	{
		"streams":	[{
				"udp":	{
					"socket":	6,
					"start":	0,
					"end":	30.000049,
					"seconds":	30.000049,
					"bytes":	15208344,
					"bits_per_second":	4055551.7759320992,
					"jitter_ms":	0.30643098951466469,
					"lost_packets":	2077,
					"packets":	10503,
					"lost_percent":	19.7753022945825,
					"out_of_order":	0,
					"sender":	true
				}
			}],
		"sum":	{
			"start":	0,
			"end":	30.003879,
			"seconds":	30.003879,
			"bytes":	15208344,
			"bits_per_second":	4055551.7759320992,
			"jitter_ms":	0.30643098951466469,
			"lost_packets":	2077,
			"packets":	10503,
			"lost_percent":	19.7753022945825,
			"sender":	true
		},
		"cpu_utilization_percent":	{
			"host_total":	6.086202745741871,
			"host_user":	0.46636394223565686,
			"host_system":	5.6198388035062141,
			"remote_total":	1.3045819828785297,
			"remote_user":	0.11927555301240815,
			"remote_system":	1.1852964355455606
		}
	}
}
