{
	"start":	{
		"connected":	[{
				"socket":	6,
				"local_host":	"10.20.15.3",
				"local_port":	34213,
				"remote_host":	"10.20.15.2",
				"remote_port":	5201
			}],
		"version":	"iperf 3.7",
		"system_info":	"Linux node2 5.8.0-1006-raspi #9-Ubuntu SMP PREEMPT Fri Oct 16 12:55:30 UTC 2020 aarch64",
		"timestamp":	{
			"time":	"Sun, 08 Aug 2021 13:10:32 GMT",
			"timesecs":	1628428232
		},
		"connecting_to":	{
			"host":	"10.20.15.2",
			"port":	5201
		},
		"cookie":	"r3rct67e4n2apnfqlj7qkxxuvgrg5skwinkp",
		"sock_bufsize":	0,
		"sndbuf_actual":	212992,
		"rcvbuf_actual":	212992,
		"test_start":	{
			"protocol":	"UDP",
			"num_streams":	1,
			"blksize":	1448,
			"omit":	0,
			"duration":	30,
			"bytes":	0,
			"blocks":	0,
			"reverse":	0,
			"tos":	0
		}
	},
	"intervals":	[{
			"streams":	[{
					"socket":	6,
					"start":	0,
					"end":	10.000082,
					"seconds":	10.000082015991211,
					"bytes":	18337472,
					"bits_per_second":	14669857.283711396,
					"packets":	12664,
					"omitted":	false,
					"sender":	true
				}],
			"sum":	{
				"start":	0,
				"end":	10.000082,
				"seconds":	10.000082015991211,
				"bytes":	18337472,
				"bits_per_second":	14669857.283711396,
				"packets":	12664,
				"omitted":	false,
				"sender":	true
			}
		}, {
			"streams":	[{
					"socket":	6,
					"start":	10.000082,
					"end":	20.000086,
					"seconds":	10.000003814697266,
					"bytes":	13790752,
					"bits_per_second":	11032597.391398089,
					"packets":	9524,
					"omitted":	false,
					"sender":	true
				}],
			"sum":	{
				"start":	10.000082,
				"end":	20.000086,
				"seconds":	10.000003814697266,
				"bytes":	13790752,
				"bits_per_second":	11032597.391398089,
				"packets":	9524,
				"omitted":	false,
				"sender":	true
			}
		}, {
			"streams":	[{
					"socket":	6,
					"start":	20.000086,
					"end":	30.000108,
					"seconds":	10.000021934509277,
					"bytes":	14270040,
					"bits_per_second":	11416006.959548943,
					"packets":	9855,
					"omitted":	false,
					"sender":	true
				}],
			"sum":	{
				"start":	20.000086,
				"end":	30.000108,
				"seconds":	10.000021934509277,
				"bytes":	14270040,
				"bits_per_second":	11416006.959548943,
				"packets":	9855,
				"omitted":	false,
				"sender":	true
			}
		}],
	"end":	{
		"streams":	[{
				"udp":	{
					"socket":	6,
					"start":	0,
					"end":	30.000108,
					"seconds":	30.000108,
					"bytes":	46398264,
					"bits_per_second":	12372825.857826911,
					"jitter_ms":	0.84316742018894719,
					"lost_packets":	11532,
					"packets":	32043,
					"lost_percent":	35.989139593671005,
					"out_of_order":	0,
					"sender":	true
				}
			}],
		"sum":	{
			"start":	0,
			"end":	30.00386,
			"seconds":	30.00386,
			"bytes":	46398264,
			"bits_per_second":	12372825.857826911,
			"jitter_ms":	0.84316742018894719,
			"lost_packets":	11532,
			"packets":	32043,
			"lost_percent":	35.989139593671005,
			"sender":	true
		},
		"cpu_utilization_percent":	{
			"host_total":	10.136973637880043,
			"host_user":	0.65137325882846853,
			"host_system":	9.4855970465542541,
			"remote_total":	3.4865711520447435,
			"remote_user":	0.36616303303208181,
			"remote_system":	3.120404788168468
		}
	}
}
