{
	"start":	{
		"connected":	[{
				"socket":	6,
				"local_host":	"10.20.15.3",
				"local_port":	36905,
				"remote_host":	"10.20.15.2",
				"remote_port":	5201
			}],
		"version":	"iperf 3.7",
		"system_info":	"Linux node2 5.8.0-1006-raspi #9-Ubuntu SMP PREEMPT Fri Oct 16 12:55:30 UTC 2020 aarch64",
		"timestamp":	{
			"time":	"Sun, 08 Aug 2021 12:56:47 GMT",
			"timesecs":	1628427407
		},
		"connecting_to":	{
			"host":	"10.20.15.2",
			"port":	5201
		},
		"cookie":	"yzul3v5hycsbr6oza5iews6ieptknhczr7ic",
		"sock_bufsize":	0,
		"sndbuf_actual":	212992,
		"rcvbuf_actual":	212992,
		"test_start":	{
			"protocol":	"UDP",
			"num_streams":	1,
			"blksize":	1448,
			"omit":	0,
			"duration":	30,
			"bytes":	0,
			"blocks":	0,
			"reverse":	0,
			"tos":	0
		}
	},
	"intervals":	[{
			"streams":	[{
					"socket":	6,
					"start":	0,
					"end":	10.000138,
					"seconds":	10.000138282775879,
					"bytes":	4955056,
					"bits_per_second":	3963989.9848461337,
					"packets":	3422,
					"omitted":	false,
					"sender":	true
				}],
			"sum":	{
				"start":	0,
				"end":	10.000138,
				"seconds":	10.000138282775879,
				"bytes":	4955056,
				"bits_per_second":	3963989.9848461337,
				"packets":	3422,
				"omitted":	false,
				"sender":	true
			}
		}, {
			"streams":	[{
					"socket":	6,
					"start":	10.000138,
					"end":	20.000087,
					"seconds":	9.99994945526123,
					"bytes":	794952,
					"bits_per_second":	635964.81446754141,
					"packets":	549,
					"omitted":	false,
					"sender":	true
				}],
			"sum":	{
				"start":	10.000138,
				"end":	20.000087,
				"seconds":	9.99994945526123,
				"bytes":	794952,
				"bits_per_second":	635964.81446754141,
				"packets":	549,
				"omitted":	false,
				"sender":	true
			}
		}, {
			"streams":	[{
					"socket":	6,
					"start":	20.000087,
					"end":	30.000112,
					"seconds":	10.000024795532227,
					"bytes":	1792624,
					"bits_per_second":	1434095.6440835241,
					"packets":	1238,
					"omitted":	false,
					"sender":	true
				}],
			"sum":	{
				"start":	20.000087,
				"end":	30.000112,
				"seconds":	10.000024795532227,
				"bytes":	1792624,
				"bits_per_second":	1434095.6440835241,
				"packets":	1238,
				"omitted":	false,
				"sender":	true
			}
		}],
	"end":	{
		"streams":	[{
				"udp":	{
					"socket":	6,
					"start":	0,
					"end":	30.000112,
					"seconds":	30.000112,
					"bytes":	7542632,
					"bits_per_second":	2011361.0242521761,
					"jitter_ms":	3.0253435567174671,
					"lost_packets":	1753,
					"packets":	5209,
					"lost_percent":	33.653292378575543,
					"out_of_order":	0,
					"sender":	true
				}
			}],
		"sum":	{
			"start":	0,
			"end":	30.019791,
			"seconds":	30.019791,
			"bytes":	7542632,
			"bits_per_second":	2011361.0242521761,
			"jitter_ms":	3.0253435567174671,
			"lost_packets":	1753,
			"packets":	5209,
			"lost_percent":	33.653292378575543,
			"sender":	true
		},
		"cpu_utilization_percent":	{
			"host_total":	5.2234889691440767,
			"host_user":	0.33661389159910943,
			"host_system":	4.8868750775449676,
			"remote_total":	0.57920267635347367,
			"remote_user":	0.083885765527198924,
			"remote_system":	0.49532024041925432
		}
	}
}
