{
	"start":	{
		"connected":	[{
				"socket":	6,
				"local_host":	"10.20.15.3",
				"local_port":	59441,
				"remote_host":	"10.20.15.2",
				"remote_port":	5201
			}],
		"version":	"iperf 3.7",
		"system_info":	"Linux node2 5.8.0-1006-raspi #9-Ubuntu SMP PREEMPT Fri Oct 16 12:55:30 UTC 2020 aarch64",
		"timestamp":	{
			"time":	"Sun, 08 Aug 2021 10:43:05 GMT",
			"timesecs":	1628419385
		},
		"connecting_to":	{
			"host":	"10.20.15.2",
			"port":	5201
		},
		"cookie":	"lvotpgld5ubohgwhstfskevlpjsw27ghr3ex",
		"sock_bufsize":	0,
		"sndbuf_actual":	212992,
		"rcvbuf_actual":	212992,
		"test_start":	{
			"protocol":	"UDP",
			"num_streams":	1,
			"blksize":	1448,
			"omit":	0,
			"duration":	30,
			"bytes":	0,
			"blocks":	0,
			"reverse":	0,
			"tos":	0
		}
	},
	"intervals":	[{
			"streams":	[{
					"socket":	6,
					"start":	0,
					"end":	10.000028,
					"seconds":	10.000027656555176,
					"bytes":	28482160,
					"bits_per_second":	22785664.982699919,
					"packets":	19670,
					"omitted":	false,
					"sender":	true
				}],
			"sum":	{
				"start":	0,
				"end":	10.000028,
				"seconds":	10.000027656555176,
				"bytes":	28482160,
				"bits_per_second":	22785664.982699919,
				"packets":	19670,
				"omitted":	false,
				"sender":	true
			}
		}, {
			"streams":	[{
					"socket":	6,
					"start":	10.000028,
					"end":	20.000079,
					"seconds":	10.00005054473877,
					"bytes":	29672416,
					"bits_per_second":	23737812.817845218,
					"packets":	20492,
					"omitted":	false,
					"sender":	true
				}],
			"sum":	{
				"start":	10.000028,
				"end":	20.000079,
				"seconds":	10.00005054473877,
				"bytes":	29672416,
				"bits_per_second":	23737812.817845218,
				"packets":	20492,
				"omitted":	false,
				"sender":	true
			}
		}, {
			"streams":	[{
					"socket":	6,
					"start":	20.000079,
					"end":	30.000099,
					"seconds":	10.000020027160645,
					"bytes":	32986888,
					"bits_per_second":	26389457.549409434,
					"packets":	22781,
					"omitted":	false,
					"sender":	true
				}],
			"sum":	{
				"start":	20.000079,
				"end":	30.000099,
				"seconds":	10.000020027160645,
				"bytes":	32986888,
				"bits_per_second":	26389457.549409434,
				"packets":	22781,
				"omitted":	false,
				"sender":	true
			}
		}],
	"end":	{
		"streams":	[{
				"udp":	{
					"socket":	6,
					"start":	0,
					"end":	30.000099,
					"seconds":	30.000099,
					"bytes":	91141464,
					"bits_per_second":	24304310.195776355,
					"jitter_ms":	0.2169098681855092,
					"lost_packets":	11260,
					"packets":	62943,
					"lost_percent":	17.889201340895731,
					"out_of_order":	0,
					"sender":	true
				}
			}],
		"sum":	{
			"start":	0,
			"end":	30.002795,
			"seconds":	30.002795,
			"bytes":	91141464,
			"bits_per_second":	24304310.195776355,
			"jitter_ms":	0.2169098681855092,
			"lost_packets":	11260,
			"packets":	62943,
			"lost_percent":	17.889201340895731,
			"sender":	true
		},
		"cpu_utilization_percent":	{
			"host_total":	15.850950373085935,
			"host_user":	1.2644460081424562,
			"host_system":	14.586501032569425,
			"remote_total":	8.51444185892879,
			"remote_user":	0.83515720291647222,
			"remote_system":	7.6792846560123165
		}
	}
}
