{
	"start":	{
		"connected":	[{
				"socket":	6,
				"local_host":	"10.20.15.3",
				"local_port":	45235,
				"remote_host":	"10.20.15.2",
				"remote_port":	5201
			}],
		"version":	"iperf 3.7",
		"system_info":	"Linux node2 5.8.0-1006-raspi #9-Ubuntu SMP PREEMPT Fri Oct 16 12:55:30 UTC 2020 aarch64",
		"timestamp":	{
			"time":	"Sun, 08 Aug 2021 11:13:25 GMT",
			"timesecs":	1628421205
		},
		"connecting_to":	{
			"host":	"10.20.15.2",
			"port":	5201
		},
		"cookie":	"kmkoycep5p2eilw2v2orj5zwxtews2l73lmz",
		"sock_bufsize":	0,
		"sndbuf_actual":	212992,
		"rcvbuf_actual":	212992,
		"test_start":	{
			"protocol":	"UDP",
			"num_streams":	1,
			"blksize":	1448,
			"omit":	0,
			"duration":	30,
			"bytes":	0,
			"blocks":	0,
			"reverse":	0,
			"tos":	0
		}
	},
	"intervals":	[{
			"streams":	[{
					"socket":	6,
					"start":	0,
					"end":	10.000085,
					"seconds":	10.00008487701416,
					"bytes":	1685472,
					"bits_per_second":	1348366.155470673,
					"packets":	1164,
					"omitted":	false,
					"sender":	true
				}],
			"sum":	{
				"start":	0,
				"end":	10.000085,
				"seconds":	10.00008487701416,
				"bytes":	1685472,
				"bits_per_second":	1348366.155470673,
				"packets":	1164,
				"omitted":	false,
				"sender":	true
			}
		}, {
			"streams":	[{
					"socket":	6,
					"start":	10.000085,
					"end":	20.000099,
					"seconds":	10.000014305114746,
					"bytes":	1119304,
					"bits_per_second":	895441.91906005994,
					"packets":	773,
					"omitted":	false,
					"sender":	true
				}],
			"sum":	{
				"start":	10.000085,
				"end":	20.000099,
				"seconds":	10.000014305114746,
				"bytes":	1119304,
				"bits_per_second":	895441.91906005994,
				"packets":	773,
				"omitted":	false,
				"sender":	true
			}
		}, {
			"streams":	[{
					"socket":	6,
					"start":	20.000099,
					"end":	30.000132,
					"seconds":	10.000033378601074,
					"bytes":	8465008,
					"bits_per_second":	6771983.7960654395,
					"packets":	5846,
					"omitted":	false,
					"sender":	true
				}],
			"sum":	{
				"start":	20.000099,
				"end":	30.000132,
				"seconds":	10.000033378601074,
				"bytes":	8465008,
				"bits_per_second":	6771983.7960654395,
				"packets":	5846,
				"omitted":	false,
				"sender":	true
			}
		}],
	"end":	{
		"streams":	[{
				"udp":	{
					"socket":	6,
					"start":	0,
					"end":	30.000132,
					"seconds":	30.000132,
					"bytes":	11269784,
					"bits_per_second":	3005262.5101782884,
					"jitter_ms":	0.48793593006825897,
					"lost_packets":	2319,
					"packets":	7783,
					"lost_percent":	29.795708595657203,
					"out_of_order":	0,
					"sender":	true
				}
			}],
		"sum":	{
			"start":	0,
			"end":	30.005903,
			"seconds":	30.005903,
			"bytes":	11269784,
			"bits_per_second":	3005262.5101782884,
			"jitter_ms":	0.48793593006825897,
			"lost_packets":	2319,
			"packets":	7783,
			"lost_percent":	29.795708595657203,
			"sender":	true
		},
		"cpu_utilization_percent":	{
			"host_total":	5.5817277866983455,
			"host_user":	0.44795304300951722,
			"host_system":	5.1337680788119036,
			"remote_total":	0.85644182831242777,
			"remote_user":	0.058561833301176515,
			"remote_system":	0.79787000152433984
		}
	}
}
