{
	"start":	{
		"connected":	[{
				"socket":	6,
				"local_host":	"10.20.15.3",
				"local_port":	55505,
				"remote_host":	"10.20.15.2",
				"remote_port":	5201
			}],
		"version":	"iperf 3.7",
		"system_info":	"Linux node2 5.8.0-1006-raspi #9-Ubuntu SMP PREEMPT Fri Oct 16 12:55:30 UTC 2020 aarch64",
		"timestamp":	{
			"time":	"Sun, 08 Aug 2021 11:50:56 GMT",
			"timesecs":	1628423456
		},
		"connecting_to":	{
			"host":	"10.20.15.2",
			"port":	5201
		},
		"cookie":	"25ttgwhm2htczrhas2cejkzwya3lb3fladpm",
		"sock_bufsize":	0,
		"sndbuf_actual":	212992,
		"rcvbuf_actual":	212992,
		"test_start":	{
			"protocol":	"UDP",
			"num_streams":	1,
			"blksize":	1448,
			"omit":	0,
			"duration":	30,
			"bytes":	0,
			"blocks":	0,
			"reverse":	0,
			"tos":	0
		}
	},
	"intervals":	[{
			"streams":	[{
					"socket":	6,
					"start":	0,
					"end":	10.000098,
					"seconds":	10.00009822845459,
					"bytes":	8727096,
					"bits_per_second":	6981608.2207413921,
					"packets":	6027,
					"omitted":	false,
					"sender":	true
				}],
			"sum":	{
				"start":	0,
				"end":	10.000098,
				"seconds":	10.00009822845459,
				"bytes":	8727096,
				"bits_per_second":	6981608.2207413921,
				"packets":	6027,
				"omitted":	false,
				"sender":	true
			}
		}, {
			"streams":	[{
					"socket":	6,
					"start":	10.000098,
					"end":	20.000115,
					"seconds":	10.000017166137695,
					"bytes":	913688,
					"bits_per_second":	730949.14524263248,
					"packets":	631,
					"omitted":	false,
					"sender":	true
				}],
			"sum":	{
				"start":	10.000098,
				"end":	20.000115,
				"seconds":	10.000017166137695,
				"bytes":	913688,
				"bits_per_second":	730949.14524263248,
				"packets":	631,
				"omitted":	false,
				"sender":	true
			}
		}, {
			"streams":	[{
					"socket":	6,
					"start":	20.000115,
					"end":	30.000116,
					"seconds":	10.000000953674316,
					"bytes":	2492008,
					"bits_per_second":	1993606.2098748961,
					"packets":	1721,
					"omitted":	false,
					"sender":	true
				}],
			"sum":	{
				"start":	20.000115,
				"end":	30.000116,
				"seconds":	10.000000953674316,
				"bytes":	2492008,
				"bits_per_second":	1993606.2098748961,
				"packets":	1721,
				"omitted":	false,
				"sender":	true
			}
		}],
	"end":	{
		"streams":	[{
				"udp":	{
					"socket":	6,
					"start":	0,
					"end":	30.000116,
					"seconds":	30.000116,
					"bytes":	12132792,
					"bits_per_second":	3235398.6897917329,
					"jitter_ms":	0.37806511435427248,
					"lost_packets":	1941,
					"packets":	8379,
					"lost_percent":	23.165055495882562,
					"out_of_order":	0,
					"sender":	true
				}
			}],
		"sum":	{
			"start":	0,
			"end":	30.004667,
			"seconds":	30.004667,
			"bytes":	12132792,
			"bits_per_second":	3235398.6897917329,
			"jitter_ms":	0.37806511435427248,
			"lost_packets":	1941,
			"packets":	8379,
			"lost_percent":	23.165055495882562,
			"sender":	true
		},
		"cpu_utilization_percent":	{
			"host_total":	5.6545597824007867,
			"host_user":	0.381999599319296,
			"host_system":	5.2725601830814908,
			"remote_total":	1.0122401904963796,
			"remote_user":	0.059475156972110595,
			"remote_system":	0.95274837848171168
		}
	}
}
