{
	"start":	{
		"connected":	[{
				"socket":	6,
				"local_host":	"10.20.15.3",
				"local_port":	57404,
				"remote_host":	"10.20.15.2",
				"remote_port":	5201
			}],
		"version":	"iperf 3.7",
		"system_info":	"Linux node2 5.8.0-1006-raspi #9-Ubuntu SMP PREEMPT Fri Oct 16 12:55:30 UTC 2020 aarch64",
		"timestamp":	{
			"time":	"Sun, 08 Aug 2021 10:21:33 GMT",
			"timesecs":	1628418093
		},
		"connecting_to":	{
			"host":	"10.20.15.2",
			"port":	5201
		},
		"cookie":	"x2kmf2twyb6up2vkn2xvzxe3vwzzmgptljnk",
		"sock_bufsize":	0,
		"sndbuf_actual":	212992,
		"rcvbuf_actual":	212992,
		"test_start":	{
			"protocol":	"UDP",
			"num_streams":	1,
			"blksize":	1448,
			"omit":	0,
			"duration":	30,
			"bytes":	0,
			"blocks":	0,
			"reverse":	0,
			"tos":	0
		}
	},
	"intervals":	[{
			"streams":	[{
					"socket":	6,
					"start":	0,
					"end":	10.000084,
					"seconds":	10.000083923339844,
					"bytes":	50226776,
					"bits_per_second":	40181083.586926684,
					"packets":	34687,
					"omitted":	false,
					"sender":	true
				}],
			"sum":	{
				"start":	0,
				"end":	10.000084,
				"seconds":	10.000083923339844,
				"bytes":	50226776,
				"bits_per_second":	40181083.586926684,
				"packets":	34687,
				"omitted":	false,
				"sender":	true
			}
		}, {
			"streams":	[{
					"socket":	6,
					"start":	10.000084,
					"end":	20.00001,
					"seconds":	9.99992561340332,
					"bytes":	49174080,
					"bits_per_second":	39339556.633573286,
					"packets":	33960,
					"omitted":	false,
					"sender":	true
				}],
			"sum":	{
				"start":	10.000084,
				"end":	20.00001,
				"seconds":	9.99992561340332,
				"bytes":	49174080,
				"bits_per_second":	39339556.633573286,
				"packets":	33960,
				"omitted":	false,
				"sender":	true
			}
		}, {
			"streams":	[{
					"socket":	6,
					"start":	20.00001,
					"end":	30.000042,
					"seconds":	10.000032424926758,
					"bytes":	47889704,
					"bits_per_second":	38311638.974791229,
					"packets":	33073,
					"omitted":	false,
					"sender":	true
				}],
			"sum":	{
				"start":	20.00001,
				"end":	30.000042,
				"seconds":	10.000032424926758,
				"bytes":	47889704,
				"bits_per_second":	38311638.974791229,
				"packets":	33073,
				"omitted":	false,
				"sender":	true
			}
		}],
	"end":	{
		"streams":	[{
				"udp":	{
					"socket":	6,
					"start":	0,
					"end":	30.000042,
					"seconds":	30.000042,
					"bytes":	147290560,
					"bits_per_second":	39277427.678267919,
					"jitter_ms":	0.25842292970458808,
					"lost_packets":	2923,
					"packets":	101720,
					"lost_percent":	2.8735745182854897,
					"out_of_order":	0,
					"sender":	true
				}
			}],
		"sum":	{
			"start":	0,
			"end":	30.002489,
			"seconds":	30.002489,
			"bytes":	147290560,
			"bits_per_second":	39277427.678267919,
			"jitter_ms":	0.25842292970458808,
			"lost_packets":	2923,
			"packets":	101720,
			"lost_percent":	2.8735745182854897,
			"sender":	true
		},
		"cpu_utilization_percent":	{
			"host_total":	23.05977874604719,
			"host_user":	1.4657092899318873,
			"host_system":	21.594062790755491,
			"remote_total":	15.05917237634038,
			"remote_user":	1.3504881750200319,
			"remote_system":	13.708694196372795
		}
	}
}
