{
	"start":	{
		"connected":	[{
				"socket":	6,
				"local_host":	"10.20.15.3",
				"local_port":	38468,
				"remote_host":	"10.20.15.2",
				"remote_port":	5201
			}],
		"version":	"iperf 3.7",
		"system_info":	"Linux node2 5.8.0-1006-raspi #9-Ubuntu SMP PREEMPT Fri Oct 16 12:55:30 UTC 2020 aarch64",
		"timestamp":	{
			"time":	"Sun, 08 Aug 2021 10:42:05 GMT",
			"timesecs":	1628419325
		},
		"connecting_to":	{
			"host":	"10.20.15.2",
			"port":	5201
		},
		"cookie":	"lfjm4avzvghr6gfe72bajedcshh5ce443ajy",
		"sock_bufsize":	0,
		"sndbuf_actual":	212992,
		"rcvbuf_actual":	212992,
		"test_start":	{
			"protocol":	"UDP",
			"num_streams":	1,
			"blksize":	1448,
			"omit":	0,
			"duration":	30,
			"bytes":	0,
			"blocks":	0,
			"reverse":	0,
			"tos":	0
		}
	},
	"intervals":	[{
			"streams":	[{
					"socket":	6,
					"start":	0,
					"end":	10.000095,
					"seconds":	10.000095367431641,
					"bytes":	28716736,
					"bits_per_second":	22973169.710780803,
					"packets":	19832,
					"omitted":	false,
					"sender":	true
				}],
			"sum":	{
				"start":	0,
				"end":	10.000095,
				"seconds":	10.000095367431641,
				"bytes":	28716736,
				"bits_per_second":	22973169.710780803,
				"packets":	19832,
				"omitted":	false,
				"sender":	true
			}
		}, {
			"streams":	[{
					"socket":	6,
					"start":	10.000095,
					"end":	20.000086,
					"seconds":	9.9999914169311523,
					"bytes":	31790840,
					"bits_per_second":	25432693.829056211,
					"packets":	21955,
					"omitted":	false,
					"sender":	true
				}],
			"sum":	{
				"start":	10.000095,
				"end":	20.000086,
				"seconds":	9.9999914169311523,
				"bytes":	31790840,
				"bits_per_second":	25432693.829056211,
				"packets":	21955,
				"omitted":	false,
				"sender":	true
			}
		}, {
			"streams":	[{
					"socket":	6,
					"start":	20.000086,
					"end":	30.000132,
					"seconds":	10.000045776367188,
					"bytes":	33214224,
					"bits_per_second":	26571257.566435702,
					"packets":	22938,
					"omitted":	false,
					"sender":	true
				}],
			"sum":	{
				"start":	20.000086,
				"end":	30.000132,
				"seconds":	10.000045776367188,
				"bytes":	33214224,
				"bits_per_second":	26571257.566435702,
				"packets":	22938,
				"omitted":	false,
				"sender":	true
			}
		}],
	"end":	{
		"streams":	[{
				"udp":	{
					"socket":	6,
					"start":	0,
					"end":	30.000132,
					"seconds":	30.000132,
					"bytes":	93721800,
					"bits_per_second":	24992370.033571851,
					"jitter_ms":	0.26728160464067657,
					"lost_packets":	13685,
					"packets":	64725,
					"lost_percent":	21.143298570876787,
					"out_of_order":	0,
					"sender":	true
				}
			}],
		"sum":	{
			"start":	0,
			"end":	30.002865,
			"seconds":	30.002865,
			"bytes":	93721800,
			"bits_per_second":	24992370.033571851,
			"jitter_ms":	0.26728160464067657,
			"lost_packets":	13685,
			"packets":	64725,
			"lost_percent":	21.143298570876787,
			"sender":	true
		},
		"cpu_utilization_percent":	{
			"host_total":	16.515376072617887,
			"host_user":	2.3755959210426862,
			"host_system":	14.139783484187355,
			"remote_total":	8.371580528201255,
			"remote_user":	0.81225724410105438,
			"remote_system":	7.5593166208742009
		}
	}
}
