{
	"start":	{
		"connected":	[{
				"socket":	6,
				"local_host":	"10.20.15.3",
				"local_port":	54665,
				"remote_host":	"10.20.15.2",
				"remote_port":	5201
			}],
		"version":	"iperf 3.7",
		"system_info":	"Linux node2 5.8.0-1006-raspi #9-Ubuntu SMP PREEMPT Fri Oct 16 12:55:30 UTC 2020 aarch64",
		"timestamp":	{
			"time":	"Sun, 08 Aug 2021 12:25:09 GMT",
			"timesecs":	1628425509
		},
		"connecting_to":	{
			"host":	"10.20.15.2",
			"port":	5201
		},
		"cookie":	"xlnm43mp3x64yabbkgf734zj7wcmi4q5ots6",
		"sock_bufsize":	0,
		"sndbuf_actual":	212992,
		"rcvbuf_actual":	212992,
		"test_start":	{
			"protocol":	"UDP",
			"num_streams":	1,
			"blksize":	1448,
			"omit":	0,
			"duration":	30,
			"bytes":	0,
			"blocks":	0,
			"reverse":	0,
			"tos":	0
		}
	},
	"intervals":	[{
			"streams":	[{
					"socket":	6,
					"start":	0,
					"end":	10.000082,
					"seconds":	10.000082015991211,
					"bytes":	2939440,
					"bits_per_second":	2351532.7136713625,
					"packets":	2030,
					"omitted":	false,
					"sender":	true
				}],
			"sum":	{
				"start":	0,
				"end":	10.000082,
				"seconds":	10.000082015991211,
				"bytes":	2939440,
				"bits_per_second":	2351532.7136713625,
				"packets":	2030,
				"omitted":	false,
				"sender":	true
			}
		}, {
			"streams":	[{
					"socket":	6,
					"start":	10.000082,
					"end":	20.000091,
					"seconds":	10.000008583068848,
					"bytes":	719656,
					"bits_per_second":	575724.30585186451,
					"packets":	497,
					"omitted":	false,
					"sender":	true
				}],
			"sum":	{
				"start":	10.000082,
				"end":	20.000091,
				"seconds":	10.000008583068848,
				"bytes":	719656,
				"bits_per_second":	575724.30585186451,
				"packets":	497,
				"omitted":	false,
				"sender":	true
			}
		}, {
			"streams":	[{
					"socket":	6,
					"start":	20.000091,
					"end":	30.000138,
					"seconds":	10.000046730041504,
					"bytes":	8430256,
					"bits_per_second":	6744173.2844502507,
					"packets":	5822,
					"omitted":	false,
					"sender":	true
				}],
			"sum":	{
				"start":	20.000091,
				"end":	30.000138,
				"seconds":	10.000046730041504,
				"bytes":	8430256,
				"bits_per_second":	6744173.2844502507,
				"packets":	5822,
				"omitted":	false,
				"sender":	true
			}
		}],
	"end":	{
		"streams":	[{
				"udp":	{
					"socket":	6,
					"start":	0,
					"end":	30.000138,
					"seconds":	30.000138,
					"bytes":	12089352,
					"bits_per_second":	3223812.3704630961,
					"jitter_ms":	0.32730493044354353,
					"lost_packets":	1756,
					"packets":	8349,
					"lost_percent":	21.03245897712301,
					"out_of_order":	0,
					"sender":	true
				}
			}],
		"sum":	{
			"start":	0,
			"end":	30.003035,
			"seconds":	30.003035,
			"bytes":	12089352,
			"bits_per_second":	3223812.3704630961,
			"jitter_ms":	0.32730493044354353,
			"lost_packets":	1756,
			"packets":	8349,
			"lost_percent":	21.03245897712301,
			"sender":	true
		},
		"cpu_utilization_percent":	{
			"host_total":	5.6850353490155845,
			"host_user":	0.81033168482566709,
			"host_system":	4.8747036641899175,
			"remote_total":	1.0178628751014698,
			"remote_user":	0.10456089604396729,
			"remote_system":	0.9132320141449064
		}
	}
}
