{
	"start":	{
		"connected":	[{
				"socket":	6,
				"local_host":	"10.20.15.3",
				"local_port":	57136,
				"remote_host":	"10.20.15.2",
				"remote_port":	5201
			}],
		"version":	"iperf 3.7",
		"system_info":	"Linux node2 5.8.0-1006-raspi #9-Ubuntu SMP PREEMPT Fri Oct 16 12:55:30 UTC 2020 aarch64",
		"timestamp":	{
			"time":	"Sun, 08 Aug 2021 13:50:33 GMT",
			"timesecs":	1628430633
		},
		"connecting_to":	{
			"host":	"10.20.15.2",
			"port":	5201
		},
		"cookie":	"xk5z35ag77ixvavtjvdh2txc7df7jekeiiv5",
		"sock_bufsize":	0,
		"sndbuf_actual":	212992,
		"rcvbuf_actual":	212992,
		"test_start":	{
			"protocol":	"UDP",
			"num_streams":	1,
			"blksize":	1448,
			"omit":	0,
			"duration":	30,
			"bytes":	0,
			"blocks":	0,
			"reverse":	0,
			"tos":	0
		}
	},
	"intervals":	[{
			"streams":	[{
					"socket":	6,
					"start":	0,
					"end":	10.000138,
					"seconds":	10.000138282775879,
					"bytes":	5751456,
					"bits_per_second":	4601101.174695746,
					"packets":	3972,
					"omitted":	false,
					"sender":	true
				}],
			"sum":	{
				"start":	0,
				"end":	10.000138,
				"seconds":	10.000138282775879,
				"bytes":	5751456,
				"bits_per_second":	4601101.174695746,
				"packets":	3972,
				"omitted":	false,
				"sender":	true
			}
		}, {
			"streams":	[{
					"socket":	6,
					"start":	10.000138,
					"end":	20.0001,
					"seconds":	9.9999618530273438,
					"bytes":	1086000,
					"bits_per_second":	868803.31422162708,
					"packets":	750,
					"omitted":	false,
					"sender":	true
				}],
			"sum":	{
				"start":	10.000138,
				"end":	20.0001,
				"seconds":	9.9999618530273438,
				"bytes":	1086000,
				"bits_per_second":	868803.31422162708,
				"packets":	750,
				"omitted":	false,
				"sender":	true
			}
		}, {
			"streams":	[{
					"socket":	6,
					"start":	20.0001,
					"end":	30.000115,
					"seconds":	10.000015258789062,
					"bytes":	7267512,
					"bits_per_second":	5814000.7285389276,
					"packets":	5019,
					"omitted":	false,
					"sender":	true
				}],
			"sum":	{
				"start":	20.0001,
				"end":	30.000115,
				"seconds":	10.000015258789062,
				"bytes":	7267512,
				"bits_per_second":	5814000.7285389276,
				"packets":	5019,
				"omitted":	false,
				"sender":	true
			}
		}],
	"end":	{
		"streams":	[{
				"udp":	{
					"socket":	6,
					"start":	0,
					"end":	30.000115,
					"seconds":	30.000115,
					"bytes":	14104968,
					"bits_per_second":	3761310.381643537,
					"jitter_ms":	0.35757046930727115,
					"lost_packets":	1945,
					"packets":	9741,
					"lost_percent":	19.967149163330255,
					"out_of_order":	0,
					"sender":	true
				}
			}],
		"sum":	{
			"start":	0,
			"end":	30.002865,
			"seconds":	30.002865,
			"bytes":	14104968,
			"bits_per_second":	3761310.381643537,
			"jitter_ms":	0.35757046930727115,
			"lost_packets":	1945,
			"packets":	9741,
			"lost_percent":	19.967149163330255,
			"sender":	true
		},
		"cpu_utilization_percent":	{
			"host_total":	5.905520667372758,
			"host_user":	0.62637097383470164,
			"host_system":	5.2791430283153,
			"remote_total":	1.2023823283225743,
			"remote_user":	0.069414073936647336,
			"remote_system":	1.1330581862475531
		}
	}
}
