{
	"start":	{
		"connected":	[{
				"socket":	6,
				"local_host":	"10.20.15.3",
				"local_port":	40341,
				"remote_host":	"10.20.15.2",
				"remote_port":	5201
			}],
		"version":	"iperf 3.7",
		"system_info":	"Linux node2 5.8.0-1006-raspi #9-Ubuntu SMP PREEMPT Fri Oct 16 12:55:30 UTC 2020 aarch64",
		"timestamp":	{
			"time":	"Sun, 08 Aug 2021 13:39:02 GMT",
			"timesecs":	1628429942
		},
		"connecting_to":	{
			"host":	"10.20.15.2",
			"port":	5201
		},
		"cookie":	"tqpsikxsdsxtiwhpuqln6m4djg22doamya5g",
		"sock_bufsize":	0,
		"sndbuf_actual":	212992,
		"rcvbuf_actual":	212992,
		"test_start":	{
			"protocol":	"UDP",
			"num_streams":	1,
			"blksize":	1448,
			"omit":	0,
			"duration":	30,
			"bytes":	0,
			"blocks":	0,
			"reverse":	0,
			"tos":	0
		}
	},
	"intervals":	[{
			"streams":	[{
					"socket":	6,
					"start":	0,
					"end":	10.000102,
					"seconds":	10.000102043151855,
					"bytes":	9897080,
					"bits_per_second":	7917583.2064854531,
					"packets":	6835,
					"omitted":	false,
					"sender":	true
				}],
			"sum":	{
				"start":	0,
				"end":	10.000102,
				"seconds":	10.000102043151855,
				"bytes":	9897080,
				"bits_per_second":	7917583.2064854531,
				"packets":	6835,
				"omitted":	false,
				"sender":	true
			}
		}, {
			"streams":	[{
					"socket":	6,
					"start":	10.000102,
					"end":	20.000091,
					"seconds":	9.9999885559082031,
					"bytes":	1090344,
					"bits_per_second":	872276.19824088854,
					"packets":	753,
					"omitted":	false,
					"sender":	true
				}],
			"sum":	{
				"start":	10.000102,
				"end":	20.000091,
				"seconds":	9.9999885559082031,
				"bytes":	1090344,
				"bits_per_second":	872276.19824088854,
				"packets":	753,
				"omitted":	false,
				"sender":	true
			}
		}, {
			"streams":	[{
					"socket":	6,
					"start":	20.000091,
					"end":	30.000106,
					"seconds":	10.000015258789062,
					"bytes":	3452032,
					"bits_per_second":	2761621.38610018,
					"packets":	2384,
					"omitted":	false,
					"sender":	true
				}],
			"sum":	{
				"start":	20.000091,
				"end":	30.000106,
				"seconds":	10.000015258789062,
				"bytes":	3452032,
				"bits_per_second":	2761621.38610018,
				"packets":	2384,
				"omitted":	false,
				"sender":	true
			}
		}],
	"end":	{
		"streams":	[{
				"udp":	{
					"socket":	6,
					"start":	0,
					"end":	30.000106,
					"seconds":	30.000106,
					"bytes":	14439456,
					"bits_per_second":	3850507.9948717514,
					"jitter_ms":	0.29832809454484743,
					"lost_packets":	1847,
					"packets":	9972,
					"lost_percent":	18.521861211391897,
					"out_of_order":	0,
					"sender":	true
				}
			}],
		"sum":	{
			"start":	0,
			"end":	30.002629,
			"seconds":	30.002629,
			"bytes":	14439456,
			"bits_per_second":	3850507.9948717514,
			"jitter_ms":	0.29832809454484743,
			"lost_packets":	1847,
			"packets":	9972,
			"lost_percent":	18.521861211391897,
			"sender":	true
		},
		"cpu_utilization_percent":	{
			"host_total":	5.93482932497161,
			"host_user":	0.47936779401805435,
			"host_system":	5.455454868579678,
			"remote_total":	1.2755905705833519,
			"remote_user":	0.063433557577341565,
			"remote_system":	1.2121603428515526
		}
	}
}
