{
	"start":	{
		"connected":	[{
				"socket":	6,
				"local_host":	"10.20.15.3",
				"local_port":	39918,
				"remote_host":	"10.20.15.2",
				"remote_port":	5201
			}],
		"version":	"iperf 3.7",
		"system_info":	"Linux node2 5.8.0-1006-raspi #9-Ubuntu SMP PREEMPT Fri Oct 16 12:55:30 UTC 2020 aarch64",
		"timestamp":	{
			"time":	"Sun, 08 Aug 2021 12:13:37 GMT",
			"timesecs":	1628424817
		},
		"connecting_to":	{
			"host":	"10.20.15.2",
			"port":	5201
		},
		"cookie":	"fivafkp4sqsu3koyyalt7deciz4pak7ohfnm",
		"sock_bufsize":	0,
		"sndbuf_actual":	212992,
		"rcvbuf_actual":	212992,
		"test_start":	{
			"protocol":	"UDP",
			"num_streams":	1,
			"blksize":	1448,
			"omit":	0,
			"duration":	30,
			"bytes":	0,
			"blocks":	0,
			"reverse":	0,
			"tos":	0
		}
	},
	"intervals":	[{
			"streams":	[{
					"socket":	6,
					"start":	0,
					"end":	10.000097,
					"seconds":	10.000097274780273,
					"bytes":	7474576,
					"bits_per_second":	5979602.63354677,
					"packets":	5162,
					"omitted":	false,
					"sender":	true
				}],
			"sum":	{
				"start":	0,
				"end":	10.000097,
				"seconds":	10.000097274780273,
				"bytes":	7474576,
				"bits_per_second":	5979602.63354677,
				"packets":	5162,
				"omitted":	false,
				"sender":	true
			}
		}, {
			"streams":	[{
					"socket":	6,
					"start":	10.000097,
					"end":	20.000086,
					"seconds":	9.9999885559082031,
					"bytes":	1511712,
					"bits_per_second":	1209370.9840152557,
					"packets":	1044,
					"omitted":	false,
					"sender":	true
				}],
			"sum":	{
				"start":	10.000097,
				"end":	20.000086,
				"seconds":	9.9999885559082031,
				"bytes":	1511712,
				"bits_per_second":	1209370.9840152557,
				"packets":	1044,
				"omitted":	false,
				"sender":	true
			}
		}, {
			"streams":	[{
					"socket":	6,
					"start":	20.000086,
					"end":	30.000112,
					"seconds":	10.000025749206543,
					"bytes":	2206752,
					"bits_per_second":	1765397.0542426619,
					"packets":	1524,
					"omitted":	false,
					"sender":	true
				}],
			"sum":	{
				"start":	20.000086,
				"end":	30.000112,
				"seconds":	10.000025749206543,
				"bytes":	2206752,
				"bits_per_second":	1765397.0542426619,
				"packets":	1524,
				"omitted":	false,
				"sender":	true
			}
		}],
	"end":	{
		"streams":	[{
				"udp":	{
					"socket":	6,
					"start":	0,
					"end":	30.000112,
					"seconds":	30.000112,
					"bytes":	11193040,
					"bits_per_second":	2984799.5234151124,
					"jitter_ms":	1.8619972767346884,
					"lost_packets":	3192,
					"packets":	7730,
					"lost_percent":	41.293661060802073,
					"out_of_order":	0,
					"sender":	true
				}
			}],
		"sum":	{
			"start":	0,
			"end":	30.00743,
			"seconds":	30.00743,
			"bytes":	11193040,
			"bits_per_second":	2984799.5234151124,
			"jitter_ms":	1.8619972767346884,
			"lost_packets":	3192,
			"packets":	7730,
			"lost_percent":	41.293661060802073,
			"sender":	true
		},
		"cpu_utilization_percent":	{
			"host_total":	5.5070201508371834,
			"host_user":	0.45981313145282848,
			"host_system":	5.0471970217804465,
			"remote_total":	0.83036338378650043,
			"remote_user":	0.087203128293559459,
			"remote_system":	0.74316691756011644
		}
	}
}
