{
	"start":	{
		"connected":	[{
				"socket":	6,
				"local_host":	"10.20.15.3",
				"local_port":	35809,
				"remote_host":	"10.20.15.2",
				"remote_port":	5201
			}],
		"version":	"iperf 3.7",
		"system_info":	"Linux node2 5.8.0-1006-raspi #9-Ubuntu SMP PREEMPT Fri Oct 16 12:55:30 UTC 2020 aarch64",
		"timestamp":	{
			"time":	"Sun, 08 Aug 2021 12:48:16 GMT",
			"timesecs":	1628426896
		},
		"connecting_to":	{
			"host":	"10.20.15.2",
			"port":	5201
		},
		"cookie":	"vexhrs7e4zqrgl7tgz65h4nxay3ew3kqqgff",
		"sock_bufsize":	0,
		"sndbuf_actual":	212992,
		"rcvbuf_actual":	212992,
		"test_start":	{
			"protocol":	"UDP",
			"num_streams":	1,
			"blksize":	1448,
			"omit":	0,
			"duration":	30,
			"bytes":	0,
			"blocks":	0,
			"reverse":	0,
			"tos":	0
		}
	},
	"intervals":	[{
			"streams":	[{
					"socket":	6,
					"start":	0,
					"end":	10.000102,
					"seconds":	10.000102043151855,
					"bytes":	6993840,
					"bits_per_second":	5595014.9067044239,
					"packets":	4830,
					"omitted":	false,
					"sender":	true
				}],
			"sum":	{
				"start":	0,
				"end":	10.000102,
				"seconds":	10.000102043151855,
				"bytes":	6993840,
				"bits_per_second":	5595014.9067044239,
				"packets":	4830,
				"omitted":	false,
				"sender":	true
			}
		}, {
			"streams":	[{
					"socket":	6,
					"start":	10.000102,
					"end":	20.000085,
					"seconds":	9.9999828338623047,
					"bytes":	787712,
					"bits_per_second":	630170.68175966945,
					"packets":	544,
					"omitted":	false,
					"sender":	true
				}],
			"sum":	{
				"start":	10.000102,
				"end":	20.000085,
				"seconds":	9.9999828338623047,
				"bytes":	787712,
				"bits_per_second":	630170.68175966945,
				"packets":	544,
				"omitted":	false,
				"sender":	true
			}
		}, {
			"streams":	[{
					"socket":	6,
					"start":	20.000085,
					"end":	30.000118,
					"seconds":	10.000033378601074,
					"bytes":	1327816,
					"bits_per_second":	1062249.2543605897,
					"packets":	917,
					"omitted":	false,
					"sender":	true
				}],
			"sum":	{
				"start":	20.000085,
				"end":	30.000118,
				"seconds":	10.000033378601074,
				"bytes":	1327816,
				"bits_per_second":	1062249.2543605897,
				"packets":	917,
				"omitted":	false,
				"sender":	true
			}
		}],
	"end":	{
		"streams":	[{
				"udp":	{
					"socket":	6,
					"start":	0,
					"end":	30.000118,
					"seconds":	30.000118,
					"bytes":	9109368,
					"bits_per_second":	2429155.2453227015,
					"jitter_ms":	3.3742959181889778,
					"lost_packets":	1725,
					"packets":	6291,
					"lost_percent":	27.420123986647592,
					"out_of_order":	0,
					"sender":	true
				}
			}],
		"sum":	{
			"start":	0,
			"end":	30.016452,
			"seconds":	30.016452,
			"bytes":	9109368,
			"bits_per_second":	2429155.2453227015,
			"jitter_ms":	3.3742959181889778,
			"lost_packets":	1725,
			"packets":	6291,
			"lost_percent":	27.420123986647592,
			"sender":	true
		},
		"cpu_utilization_percent":	{
			"host_total":	5.5569194620631288,
			"host_user":	0.69844935771444971,
			"host_system":	4.8584567744628977,
			"remote_total":	0.74325007903993956,
			"remote_user":	0.02034048778087642,
			"remote_system":	0.72287962982043341
		}
	}
}
