{
	"start":	{
		"connected":	[{
				"socket":	6,
				"local_host":	"10.20.15.3",
				"local_port":	44398,
				"remote_host":	"10.20.15.2",
				"remote_port":	5201
			}],
		"version":	"iperf 3.7",
		"system_info":	"Linux node2 5.8.0-1006-raspi #9-Ubuntu SMP PREEMPT Fri Oct 16 12:55:30 UTC 2020 aarch64",
		"timestamp":	{
			"time":	"Sun, 08 Aug 2021 11:48:26 GMT",
			"timesecs":	1628423306
		},
		"connecting_to":	{
			"host":	"10.20.15.2",
			"port":	5201
		},
		"cookie":	"sa4omoydgyghy5srhxy4gd6uhej2p4lr7cjx",
		"sock_bufsize":	0,
		"sndbuf_actual":	212992,
		"rcvbuf_actual":	212992,
		"test_start":	{
			"protocol":	"UDP",
			"num_streams":	1,
			"blksize":	1448,
			"omit":	0,
			"duration":	30,
			"bytes":	0,
			"blocks":	0,
			"reverse":	0,
			"tos":	0
		}
	},
	"intervals":	[{
			"streams":	[{
					"socket":	6,
					"start":	0,
					"end":	10.000089,
					"seconds":	10.000088691711426,
					"bytes":	7124160,
					"bits_per_second":	5699277.4521328881,
					"packets":	4920,
					"omitted":	false,
					"sender":	true
				}],
			"sum":	{
				"start":	0,
				"end":	10.000089,
				"seconds":	10.000088691711426,
				"bytes":	7124160,
				"bits_per_second":	5699277.4521328881,
				"packets":	4920,
				"omitted":	false,
				"sender":	true
			}
		}, {
			"streams":	[{
					"socket":	6,
					"start":	10.000089,
					"end":	20.000079,
					"seconds":	9.9999904632568359,
					"bytes":	944096,
					"bits_per_second":	755277.52028877288,
					"packets":	652,
					"omitted":	false,
					"sender":	true
				}],
			"sum":	{
				"start":	10.000089,
				"end":	20.000079,
				"seconds":	9.9999904632568359,
				"bytes":	944096,
				"bits_per_second":	755277.52028877288,
				"packets":	652,
				"omitted":	false,
				"sender":	true
			}
		}, {
			"streams":	[{
					"socket":	6,
					"start":	20.000079,
					"end":	30.000101,
					"seconds":	10.000021934509277,
					"bytes":	1301752,
					"bits_per_second":	1041399.3157417048,
					"packets":	899,
					"omitted":	false,
					"sender":	true
				}],
			"sum":	{
				"start":	20.000079,
				"end":	30.000101,
				"seconds":	10.000021934509277,
				"bytes":	1301752,
				"bits_per_second":	1041399.3157417048,
				"packets":	899,
				"omitted":	false,
				"sender":	true
			}
		}],
	"end":	{
		"streams":	[{
				"udp":	{
					"socket":	6,
					"start":	0,
					"end":	30.000101,
					"seconds":	30.000101,
					"bytes":	9370008,
					"bits_per_second":	2498660.3878433607,
					"jitter_ms":	3.3331248133975451,
					"lost_packets":	1986,
					"packets":	6471,
					"lost_percent":	30.690774223458508,
					"out_of_order":	0,
					"sender":	true
				}
			}],
		"sum":	{
			"start":	0,
			"end":	30.017974,
			"seconds":	30.017974,
			"bytes":	9370008,
			"bits_per_second":	2498660.3878433607,
			"jitter_ms":	3.3331248133975451,
			"lost_packets":	1986,
			"packets":	6471,
			"lost_percent":	30.690774223458508,
			"sender":	true
		},
		"cpu_utilization_percent":	{
			"host_total":	5.418127310261676,
			"host_user":	0.31434237573617557,
			"host_system":	5.1037316177505812,
			"remote_total":	0.729027555262425,
			"remote_user":	0.059548060719043838,
			"remote_system":	0.66947949454338118
		}
	}
}
