{
	"start":	{
		"connected":	[{
				"socket":	6,
				"local_host":	"10.20.15.3",
				"local_port":	36067,
				"remote_host":	"10.20.15.2",
				"remote_port":	5201
			}],
		"version":	"iperf 3.7",
		"system_info":	"Linux node2 5.8.0-1006-raspi #9-Ubuntu SMP PREEMPT Fri Oct 16 12:55:30 UTC 2020 aarch64",
		"timestamp":	{
			"time":	"Sun, 08 Aug 2021 12:58:17 GMT",
			"timesecs":	1628427497
		},
		"connecting_to":	{
			"host":	"10.20.15.2",
			"port":	5201
		},
		"cookie":	"caqx6rmwfdwwzyjnwxgxztonegve5fdmczpf",
		"sock_bufsize":	0,
		"sndbuf_actual":	212992,
		"rcvbuf_actual":	212992,
		"test_start":	{
			"protocol":	"UDP",
			"num_streams":	1,
			"blksize":	1448,
			"omit":	0,
			"duration":	30,
			"bytes":	0,
			"blocks":	0,
			"reverse":	0,
			"tos":	0
		}
	},
	"intervals":	[{
			"streams":	[{
					"socket":	6,
					"start":	0,
					"end":	10.000076,
					"seconds":	10.000076293945312,
					"bytes":	3068312,
					"bits_per_second":	2454630.8726526438,
					"packets":	2119,
					"omitted":	false,
					"sender":	true
				}],
			"sum":	{
				"start":	0,
				"end":	10.000076,
				"seconds":	10.000076293945312,
				"bytes":	3068312,
				"bits_per_second":	2454630.8726526438,
				"packets":	2119,
				"omitted":	false,
				"sender":	true
			}
		}, {
			"streams":	[{
					"socket":	6,
					"start":	10.000076,
					"end":	20.000086,
					"seconds":	10.000009536743164,
					"bytes":	715312,
					"bits_per_second":	572249.0542607744,
					"packets":	494,
					"omitted":	false,
					"sender":	true
				}],
			"sum":	{
				"start":	10.000076,
				"end":	20.000086,
				"seconds":	10.000009536743164,
				"bytes":	715312,
				"bits_per_second":	572249.0542607744,
				"packets":	494,
				"omitted":	false,
				"sender":	true
			}
		}, {
			"streams":	[{
					"socket":	6,
					"start":	20.000086,
					"end":	30.000063,
					"seconds":	9.9999771118164062,
					"bytes":	7710600,
					"bits_per_second":	6168494.1185625885,
					"packets":	5325,
					"omitted":	false,
					"sender":	true
				}],
			"sum":	{
				"start":	20.000086,
				"end":	30.000063,
				"seconds":	9.9999771118164062,
				"bytes":	7710600,
				"bits_per_second":	6168494.1185625885,
				"packets":	5325,
				"omitted":	false,
				"sender":	true
			}
		}],
	"end":	{
		"streams":	[{
				"udp":	{
					"socket":	6,
					"start":	0,
					"end":	30.000063,
					"seconds":	30.000063,
					"bytes":	11494224,
					"bits_per_second":	3065119.9632480773,
					"jitter_ms":	0.23958849804158305,
					"lost_packets":	1724,
					"packets":	7938,
					"lost_percent":	21.718316956412195,
					"out_of_order":	0,
					"sender":	true
				}
			}],
		"sum":	{
			"start":	0,
			"end":	30.003017,
			"seconds":	30.003017,
			"bytes":	11494224,
			"bits_per_second":	3065119.9632480773,
			"jitter_ms":	0.23958849804158305,
			"lost_packets":	1724,
			"packets":	7938,
			"lost_percent":	21.718316956412195,
			"sender":	true
		},
		"cpu_utilization_percent":	{
			"host_total":	5.6381044293731506,
			"host_user":	0.47513733537791664,
			"host_system":	5.1629637615222341,
			"remote_total":	0.9545023733629252,
			"remote_user":	0.069152498600009216,
			"remote_system":	0.88535320628956249
		}
	}
}
