{
	"start":	{
		"connected":	[{
				"socket":	6,
				"local_host":	"10.20.15.3",
				"local_port":	44511,
				"remote_host":	"10.20.15.2",
				"remote_port":	5201
			}],
		"version":	"iperf 3.7",
		"system_info":	"Linux node2 5.8.0-1006-raspi #9-Ubuntu SMP PREEMPT Fri Oct 16 12:55:30 UTC 2020 aarch64",
		"timestamp":	{
			"time":	"Sun, 08 Aug 2021 11:10:54 GMT",
			"timesecs":	1628421054
		},
		"connecting_to":	{
			"host":	"10.20.15.2",
			"port":	5201
		},
		"cookie":	"w6e4gkj5l6bgz4abobaavoqcxnzlht2o3xlg",
		"sock_bufsize":	0,
		"sndbuf_actual":	212992,
		"rcvbuf_actual":	212992,
		"test_start":	{
			"protocol":	"UDP",
			"num_streams":	1,
			"blksize":	1448,
			"omit":	0,
			"duration":	30,
			"bytes":	0,
			"blocks":	0,
			"reverse":	0,
			"tos":	0
		}
	},
	"intervals":	[{
			"streams":	[{
					"socket":	6,
					"start":	0,
					"end":	10.000085,
					"seconds":	10.00008487701416,
					"bytes":	3343432,
					"bits_per_second":	2674722.8977506733,
					"packets":	2309,
					"omitted":	false,
					"sender":	true
				}],
			"sum":	{
				"start":	0,
				"end":	10.000085,
				"seconds":	10.00008487701416,
				"bytes":	3343432,
				"bits_per_second":	2674722.8977506733,
				"packets":	2309,
				"omitted":	false,
				"sender":	true
			}
		}, {
			"streams":	[{
					"socket":	6,
					"start":	10.000085,
					"end":	20.00009,
					"seconds":	10.000004768371582,
					"bytes":	1012152,
					"bits_per_second":	809721.21389483742,
					"packets":	699,
					"omitted":	false,
					"sender":	true
				}],
			"sum":	{
				"start":	10.000085,
				"end":	20.00009,
				"seconds":	10.000004768371582,
				"bytes":	1012152,
				"bits_per_second":	809721.21389483742,
				"packets":	699,
				"omitted":	false,
				"sender":	true
			}
		}, {
			"streams":	[{
					"socket":	6,
					"start":	20.00009,
					"end":	30.000211,
					"seconds":	10.000121116638184,
					"bytes":	9084752,
					"bits_per_second":	7267713.575896441,
					"packets":	6274,
					"omitted":	false,
					"sender":	true
				}],
			"sum":	{
				"start":	20.00009,
				"end":	30.000211,
				"seconds":	10.000121116638184,
				"bytes":	9084752,
				"bits_per_second":	7267713.575896441,
				"packets":	6274,
				"omitted":	false,
				"sender":	true
			}
		}],
	"end":	{
		"streams":	[{
				"udp":	{
					"socket":	6,
					"start":	0,
					"end":	30.000211,
					"seconds":	30.000211,
					"bytes":	13440336,
					"bits_per_second":	3584064.3920804425,
					"jitter_ms":	0.42355832810132316,
					"lost_packets":	2068,
					"packets":	9282,
					"lost_percent":	22.279681103210514,
					"out_of_order":	0,
					"sender":	true
				}
			}],
		"sum":	{
			"start":	0,
			"end":	30.004552,
			"seconds":	30.004552,
			"bytes":	13440336,
			"bits_per_second":	3584064.3920804425,
			"jitter_ms":	0.42355832810132316,
			"lost_packets":	2068,
			"packets":	9282,
			"lost_percent":	22.279681103210514,
			"sender":	true
		},
		"cpu_utilization_percent":	{
			"host_total":	5.8673271471057546,
			"host_user":	0.49720326703201045,
			"host_system":	5.3701172148378813,
			"remote_total":	1.0917238164582872,
			"remote_user":	0.067844833651730427,
			"remote_system":	1.0238756513637062
		}
	}
}
