{
	"start":	{
		"connected":	[{
				"socket":	6,
				"local_host":	"10.20.15.3",
				"local_port":	58803,
				"remote_host":	"10.20.15.2",
				"remote_port":	5201
			}],
		"version":	"iperf 3.7",
		"system_info":	"Linux node2 5.8.0-1006-raspi #9-Ubuntu SMP PREEMPT Fri Oct 16 12:55:30 UTC 2020 aarch64",
		"timestamp":	{
			"time":	"Sun, 08 Aug 2021 11:55:06 GMT",
			"timesecs":	1628423706
		},
		"connecting_to":	{
			"host":	"10.20.15.2",
			"port":	5201
		},
		"cookie":	"gt3xvfv3kjna26vtdsslfpzk5qk73lr3nekx",
		"sock_bufsize":	0,
		"sndbuf_actual":	212992,
		"rcvbuf_actual":	212992,
		"test_start":	{
			"protocol":	"UDP",
			"num_streams":	1,
			"blksize":	1448,
			"omit":	0,
			"duration":	30,
			"bytes":	0,
			"blocks":	0,
			"reverse":	0,
			"tos":	0
		}
	},
	"intervals":	[{
			"streams":	[{
					"socket":	6,
					"start":	0,
					"end":	10.000092,
					"seconds":	10.000091552734375,
					"bytes":	17032824,
					"bits_per_second":	13626134.449013224,
					"packets":	11763,
					"omitted":	false,
					"sender":	true
				}],
			"sum":	{
				"start":	0,
				"end":	10.000092,
				"seconds":	10.000091552734375,
				"bytes":	17032824,
				"bits_per_second":	13626134.449013224,
				"packets":	11763,
				"omitted":	false,
				"sender":	true
			}
		}, {
			"streams":	[{
					"socket":	6,
					"start":	10.000092,
					"end":	20.000089,
					"seconds":	9.99999713897705,
					"bytes":	9520600,
					"bits_per_second":	7616482.17909303,
					"packets":	6575,
					"omitted":	false,
					"sender":	true
				}],
			"sum":	{
				"start":	10.000092,
				"end":	20.000089,
				"seconds":	9.99999713897705,
				"bytes":	9520600,
				"bits_per_second":	7616482.17909303,
				"packets":	6575,
				"omitted":	false,
				"sender":	true
			}
		}, {
			"streams":	[{
					"socket":	6,
					"start":	20.000089,
					"end":	30.000047,
					"seconds":	9.9999580383300781,
					"bytes":	10105592,
					"bits_per_second":	8084507.52394362,
					"packets":	6979,
					"omitted":	false,
					"sender":	true
				}],
			"sum":	{
				"start":	20.000089,
				"end":	30.000047,
				"seconds":	9.9999580383300781,
				"bytes":	10105592,
				"bits_per_second":	8084507.52394362,
				"packets":	6979,
				"omitted":	false,
				"sender":	true
			}
		}],
	"end":	{
		"streams":	[{
				"udp":	{
					"socket":	6,
					"start":	0,
					"end":	30.000047,
					"seconds":	30.000047,
					"bytes":	36659016,
					"bits_per_second":	9775722.2847017553,
					"jitter_ms":	3.7239100883175826,
					"lost_packets":	11462,
					"packets":	25317,
					"lost_percent":	45.273926610577874,
					"out_of_order":	0,
					"sender":	true
				}
			}],
		"sum":	{
			"start":	0,
			"end":	30.020294,
			"seconds":	30.020294,
			"bytes":	36659016,
			"bits_per_second":	9775722.2847017553,
			"jitter_ms":	3.7239100883175826,
			"lost_packets":	11462,
			"packets":	25317,
			"lost_percent":	45.273926610577874,
			"sender":	true
		},
		"cpu_utilization_percent":	{
			"host_total":	8.42158355183441,
			"host_user":	0.7388691086355802,
			"host_system":	7.6827211082036886,
			"remote_total":	2.2321624321392397,
			"remote_user":	0.20014926961797277,
			"remote_system":	2.0320131625212667
		}
	}
}
