{
	"start":	{
		"connected":	[{
				"socket":	6,
				"local_host":	"10.20.15.3",
				"local_port":	35317,
				"remote_host":	"10.20.15.2",
				"remote_port":	5201
			}],
		"version":	"iperf 3.7",
		"system_info":	"Linux node2 5.8.0-1006-raspi #9-Ubuntu SMP PREEMPT Fri Oct 16 12:55:30 UTC 2020 aarch64",
		"timestamp":	{
			"time":	"Sun, 08 Aug 2021 12:59:48 GMT",
			"timesecs":	1628427588
		},
		"connecting_to":	{
			"host":	"10.20.15.2",
			"port":	5201
		},
		"cookie":	"bykchtu3ycy4rq53g7j2yzaanxyh3kkpk6up",
		"sock_bufsize":	0,
		"sndbuf_actual":	212992,
		"rcvbuf_actual":	212992,
		"test_start":	{
			"protocol":	"UDP",
			"num_streams":	1,
			"blksize":	1448,
			"omit":	0,
			"duration":	30,
			"bytes":	0,
			"blocks":	0,
			"reverse":	0,
			"tos":	0
		}
	},
	"intervals":	[{
			"streams":	[{
					"socket":	6,
					"start":	0,
					"end":	10.000089,
					"seconds":	10.000088691711426,
					"bytes":	1731808,
					"bits_per_second":	1385434.1123477509,
					"packets":	1196,
					"omitted":	false,
					"sender":	true
				}],
			"sum":	{
				"start":	0,
				"end":	10.000089,
				"seconds":	10.000088691711426,
				"bytes":	1731808,
				"bits_per_second":	1385434.1123477509,
				"packets":	1196,
				"omitted":	false,
				"sender":	true
			}
		}, {
			"streams":	[{
					"socket":	6,
					"start":	10.000089,
					"end":	20.000085,
					"seconds":	9.9999961853027344,
					"bytes":	760200,
					"bits_per_second":	608160.23199471738,
					"packets":	525,
					"omitted":	false,
					"sender":	true
				}],
			"sum":	{
				"start":	10.000089,
				"end":	20.000085,
				"seconds":	9.9999961853027344,
				"bytes":	760200,
				"bits_per_second":	608160.23199471738,
				"packets":	525,
				"omitted":	false,
				"sender":	true
			}
		}, {
			"streams":	[{
					"socket":	6,
					"start":	20.000085,
					"end":	30.000112,
					"seconds":	10.000026702880859,
					"bytes":	8069704,
					"bits_per_second":	6455745.9612984741,
					"packets":	5573,
					"omitted":	false,
					"sender":	true
				}],
			"sum":	{
				"start":	20.000085,
				"end":	30.000112,
				"seconds":	10.000026702880859,
				"bytes":	8069704,
				"bits_per_second":	6455745.9612984741,
				"packets":	5573,
				"omitted":	false,
				"sender":	true
			}
		}],
	"end":	{
		"streams":	[{
				"udp":	{
					"socket":	6,
					"start":	0,
					"end":	30.000112,
					"seconds":	30.000112,
					"bytes":	10561712,
					"bits_per_second":	2816446.01860153,
					"jitter_ms":	0.35264486901965308,
					"lost_packets":	1804,
					"packets":	7294,
					"lost_percent":	24.732656978338362,
					"out_of_order":	0,
					"sender":	true
				}
			}],
		"sum":	{
			"start":	0,
			"end":	30.002768,
			"seconds":	30.002768,
			"bytes":	10561712,
			"bits_per_second":	2816446.01860153,
			"jitter_ms":	0.35264486901965308,
			"lost_packets":	1804,
			"packets":	7294,
			"lost_percent":	24.732656978338362,
			"sender":	true
		},
		"cpu_utilization_percent":	{
			"host_total":	5.4589530981961092,
			"host_user":	0.41715131750710471,
			"host_system":	5.0418051133404775,
			"remote_total":	0.90643939058241518,
			"remote_user":	0.15355315565261723,
			"remote_system":	0.75288956666811713
		}
	}
}
