{
	"start":	{
		"connected":	[{
				"socket":	6,
				"local_host":	"10.20.15.3",
				"local_port":	43914,
				"remote_host":	"10.20.15.2",
				"remote_port":	5201
			}],
		"version":	"iperf 3.7",
		"system_info":	"Linux node2 5.8.0-1006-raspi #9-Ubuntu SMP PREEMPT Fri Oct 16 12:55:30 UTC 2020 aarch64",
		"timestamp":	{
			"time":	"Sun, 08 Aug 2021 10:28:04 GMT",
			"timesecs":	1628418484
		},
		"connecting_to":	{
			"host":	"10.20.15.2",
			"port":	5201
		},
		"cookie":	"qviviak34eqlbgpvwt3wzwa522w6pwd3gxt6",
		"sock_bufsize":	0,
		"sndbuf_actual":	212992,
		"rcvbuf_actual":	212992,
		"test_start":	{
			"protocol":	"UDP",
			"num_streams":	1,
			"blksize":	1448,
			"omit":	0,
			"duration":	30,
			"bytes":	0,
			"blocks":	0,
			"reverse":	0,
			"tos":	0
		}
	},
	"intervals":	[{
			"streams":	[{
					"socket":	6,
					"start":	0,
					"end":	10.000084,
					"seconds":	10.000083923339844,
					"bytes":	43454480,
					"bits_per_second":	34763292.254841,
					"packets":	30010,
					"omitted":	false,
					"sender":	true
				}],
			"sum":	{
				"start":	0,
				"end":	10.000084,
				"seconds":	10.000083923339844,
				"bytes":	43454480,
				"bits_per_second":	34763292.254841,
				"packets":	30010,
				"omitted":	false,
				"sender":	true
			}
		}, {
			"streams":	[{
					"socket":	6,
					"start":	10.000084,
					"end":	20.000048,
					"seconds":	9.9999637603759766,
					"bytes":	42175896,
					"bits_per_second":	33740839.075532235,
					"packets":	29127,
					"omitted":	false,
					"sender":	true
				}],
			"sum":	{
				"start":	10.000084,
				"end":	20.000048,
				"seconds":	9.9999637603759766,
				"bytes":	42175896,
				"bits_per_second":	33740839.075532235,
				"packets":	29127,
				"omitted":	false,
				"sender":	true
			}
		}, {
			"streams":	[{
					"socket":	6,
					"start":	20.000048,
					"end":	30.000063,
					"seconds":	10.000015258789062,
					"bytes":	44217576,
					"bits_per_second":	35374006.823549159,
					"packets":	30537,
					"omitted":	false,
					"sender":	true
				}],
			"sum":	{
				"start":	20.000048,
				"end":	30.000063,
				"seconds":	10.000015258789062,
				"bytes":	44217576,
				"bits_per_second":	35374006.823549159,
				"packets":	30537,
				"omitted":	false,
				"sender":	true
			}
		}],
	"end":	{
		"streams":	[{
				"udp":	{
					"socket":	6,
					"start":	0,
					"end":	30.000063,
					"seconds":	30.000063,
					"bytes":	129847952,
					"bits_per_second":	34626047.818632916,
					"jitter_ms":	0.330016329102874,
					"lost_packets":	5691,
					"packets":	89674,
					"lost_percent":	6.3463211187189152,
					"out_of_order":	0,
					"sender":	true
				}
			}],
		"sum":	{
			"start":	0,
			"end":	30.001451,
			"seconds":	30.001451,
			"bytes":	129847952,
			"bits_per_second":	34626047.818632916,
			"jitter_ms":	0.330016329102874,
			"lost_packets":	5691,
			"packets":	89674,
			"lost_percent":	6.3463211187189152,
			"sender":	true
		},
		"cpu_utilization_percent":	{
			"host_total":	20.909370823019692,
			"host_user":	1.673050006003804,
			"host_system":	19.236324149685245,
			"remote_total":	12.7337685188807,
			"remote_user":	1.0878417014070774,
			"remote_system":	11.645936812956331
		}
	}
}
