{
	"start":	{
		"connected":	[{
				"socket":	6,
				"local_host":	"10.20.15.3",
				"local_port":	47419,
				"remote_host":	"10.20.15.2",
				"remote_port":	5201
			}],
		"version":	"iperf 3.7",
		"system_info":	"Linux node2 5.8.0-1006-raspi #9-Ubuntu SMP PREEMPT Fri Oct 16 12:55:30 UTC 2020 aarch64",
		"timestamp":	{
			"time":	"Sun, 08 Aug 2021 12:26:09 GMT",
			"timesecs":	1628425569
		},
		"connecting_to":	{
			"host":	"10.20.15.2",
			"port":	5201
		},
		"cookie":	"nzsqvh4pfwvoruobqug5wvea2vqb4j64ocnb",
		"sock_bufsize":	0,
		"sndbuf_actual":	212992,
		"rcvbuf_actual":	212992,
		"test_start":	{
			"protocol":	"UDP",
			"num_streams":	1,
			"blksize":	1448,
			"omit":	0,
			"duration":	30,
			"bytes":	0,
			"blocks":	0,
			"reverse":	0,
			"tos":	0
		}
	},
	"intervals":	[{
			"streams":	[{
					"socket":	6,
					"start":	0,
					"end":	10.000104,
					"seconds":	10.000103950500488,
					"bytes":	1999688,
					"bits_per_second":	1599733.770687389,
					"packets":	1381,
					"omitted":	false,
					"sender":	true
				}],
			"sum":	{
				"start":	0,
				"end":	10.000104,
				"seconds":	10.000103950500488,
				"bytes":	1999688,
				"bits_per_second":	1599733.770687389,
				"packets":	1381,
				"omitted":	false,
				"sender":	true
			}
		}, {
			"streams":	[{
					"socket":	6,
					"start":	10.000104,
					"end":	20.000154,
					"seconds":	10.000049591064453,
					"bytes":	754408,
					"bits_per_second":	603523.40706318209,
					"packets":	521,
					"omitted":	false,
					"sender":	true
				}],
			"sum":	{
				"start":	10.000104,
				"end":	20.000154,
				"seconds":	10.000049591064453,
				"bytes":	754408,
				"bits_per_second":	603523.40706318209,
				"packets":	521,
				"omitted":	false,
				"sender":	true
			}
		}, {
			"streams":	[{
					"socket":	6,
					"start":	20.000154,
					"end":	30.000143,
					"seconds":	9.9999885559082031,
					"bytes":	4998496,
					"bits_per_second":	3998801.3762650029,
					"packets":	3452,
					"omitted":	false,
					"sender":	true
				}],
			"sum":	{
				"start":	20.000154,
				"end":	30.000143,
				"seconds":	9.9999885559082031,
				"bytes":	4998496,
				"bits_per_second":	3998801.3762650029,
				"packets":	3452,
				"omitted":	false,
				"sender":	true
			}
		}],
	"end":	{
		"streams":	[{
				"udp":	{
					"socket":	6,
					"start":	0,
					"end":	30.000143,
					"seconds":	30.000143,
					"bytes":	7752592,
					"bits_per_second":	2067348.0123078078,
					"jitter_ms":	0.62144267976223466,
					"lost_packets":	1743,
					"packets":	5354,
					"lost_percent":	32.555098991408293,
					"out_of_order":	0,
					"sender":	true
				}
			}],
		"sum":	{
			"start":	0,
			"end":	30.002683,
			"seconds":	30.002683,
			"bytes":	7752592,
			"bits_per_second":	2067348.0123078078,
			"jitter_ms":	0.62144267976223466,
			"lost_packets":	1743,
			"packets":	5354,
			"lost_percent":	32.555098991408293,
			"sender":	true
		},
		"cpu_utilization_percent":	{
			"host_total":	5.1075841139504039,
			"host_user":	0.61172630935979044,
			"host_system":	4.4958611369414587,
			"remote_total":	0.601618995424103,
			"remote_user":	0.059445317620189793,
			"remote_system":	0.54217367780391335
		}
	}
}
