{
	"start":	{
		"connected":	[{
				"socket":	6,
				"local_host":	"10.20.15.3",
				"local_port":	41923,
				"remote_host":	"10.20.15.2",
				"remote_port":	5201
			}],
		"version":	"iperf 3.7",
		"system_info":	"Linux node2 5.8.0-1006-raspi #9-Ubuntu SMP PREEMPT Fri Oct 16 12:55:30 UTC 2020 aarch64",
		"timestamp":	{
			"time":	"Sun, 08 Aug 2021 10:27:04 GMT",
			"timesecs":	1628418424
		},
		"connecting_to":	{
			"host":	"10.20.15.2",
			"port":	5201
		},
		"cookie":	"pojmpibkr5lvxzafm5xlwkmtuytkykrscnia",
		"sock_bufsize":	0,
		"sndbuf_actual":	212992,
		"rcvbuf_actual":	212992,
		"test_start":	{
			"protocol":	"UDP",
			"num_streams":	1,
			"blksize":	1448,
			"omit":	0,
			"duration":	30,
			"bytes":	0,
			"blocks":	0,
			"reverse":	0,
			"tos":	0
		}
	},
	"intervals":	[{
			"streams":	[{
					"socket":	6,
					"start":	0,
					"end":	10.000107,
					"seconds":	10.000106811523438,
					"bytes":	43193840,
					"bits_per_second":	34554702.915953964,
					"packets":	29830,
					"omitted":	false,
					"sender":	true
				}],
			"sum":	{
				"start":	0,
				"end":	10.000107,
				"seconds":	10.000106811523438,
				"bytes":	43193840,
				"bits_per_second":	34554702.915953964,
				"packets":	29830,
				"omitted":	false,
				"sender":	true
			}
		}, {
			"streams":	[{
					"socket":	6,
					"start":	10.000107,
					"end":	20.000084,
					"seconds":	9.9999771118164062,
					"bytes":	42080328,
					"bits_per_second":	33664339.451558195,
					"packets":	29061,
					"omitted":	false,
					"sender":	true
				}],
			"sum":	{
				"start":	10.000107,
				"end":	20.000084,
				"seconds":	9.9999771118164062,
				"bytes":	42080328,
				"bits_per_second":	33664339.451558195,
				"packets":	29061,
				"omitted":	false,
				"sender":	true
			}
		}, {
			"streams":	[{
					"socket":	6,
					"start":	20.000084,
					"end":	30.000135,
					"seconds":	10.00005054473877,
					"bytes":	42898448,
					"bits_per_second":	34318584.937608942,
					"packets":	29626,
					"omitted":	false,
					"sender":	true
				}],
			"sum":	{
				"start":	20.000084,
				"end":	30.000135,
				"seconds":	10.00005054473877,
				"bytes":	42898448,
				"bits_per_second":	34318584.937608942,
				"packets":	29626,
				"omitted":	false,
				"sender":	true
			}
		}],
	"end":	{
		"streams":	[{
				"udp":	{
					"socket":	6,
					"start":	0,
					"end":	30.000135,
					"seconds":	30.000135,
					"bytes":	128172616,
					"bits_per_second":	34179210.460219592,
					"jitter_ms":	0.32148786561228049,
					"lost_packets":	5004,
					"packets":	88517,
					"lost_percent":	5.6531513720528261,
					"out_of_order":	0,
					"sender":	true
				}
			}],
		"sum":	{
			"start":	0,
			"end":	30.006275,
			"seconds":	30.006275,
			"bytes":	128172616,
			"bits_per_second":	34179210.460219592,
			"jitter_ms":	0.32148786561228049,
			"lost_packets":	5004,
			"packets":	88517,
			"lost_percent":	5.6531513720528261,
			"sender":	true
		},
		"cpu_utilization_percent":	{
			"host_total":	20.954568473775261,
			"host_user":	1.4679804209742449,
			"host_system":	19.486591384970094,
			"remote_total":	12.820996327359872,
			"remote_user":	1.2293732879207855,
			"remote_system":	11.591619709031626
		}
	}
}
