{
	"start":	{
		"connected":	[{
				"socket":	6,
				"local_host":	"10.20.15.3",
				"local_port":	58583,
				"remote_host":	"10.20.15.2",
				"remote_port":	5201
			}],
		"version":	"iperf 3.7",
		"system_info":	"Linux node2 5.8.0-1006-raspi #9-Ubuntu SMP PREEMPT Fri Oct 16 12:55:30 UTC 2020 aarch64",
		"timestamp":	{
			"time":	"Sun, 08 Aug 2021 10:42:35 GMT",
			"timesecs":	1628419355
		},
		"connecting_to":	{
			"host":	"10.20.15.2",
			"port":	5201
		},
		"cookie":	"db4f62t4qhtimfjj4d2lpd3av7l3x4lyaody",
		"sock_bufsize":	0,
		"sndbuf_actual":	212992,
		"rcvbuf_actual":	212992,
		"test_start":	{
			"protocol":	"UDP",
			"num_streams":	1,
			"blksize":	1448,
			"omit":	0,
			"duration":	30,
			"bytes":	0,
			"blocks":	0,
			"reverse":	0,
			"tos":	0
		}
	},
	"intervals":	[{
			"streams":	[{
					"socket":	6,
					"start":	0,
					"end":	10.000088,
					"seconds":	10.000087738037109,
					"bytes":	29397296,
					"bits_per_second":	23517630.460926589,
					"packets":	20302,
					"omitted":	false,
					"sender":	true
				}],
			"sum":	{
				"start":	0,
				"end":	10.000088,
				"seconds":	10.000087738037109,
				"bytes":	29397296,
				"bits_per_second":	23517630.460926589,
				"packets":	20302,
				"omitted":	false,
				"sender":	true
			}
		}, {
			"streams":	[{
					"socket":	6,
					"start":	10.000088,
					"end":	20.00009,
					"seconds":	10.000001907348633,
					"bytes":	30460128,
					"bits_per_second":	24368097.752154205,
					"packets":	21036,
					"omitted":	false,
					"sender":	true
				}],
			"sum":	{
				"start":	10.000088,
				"end":	20.00009,
				"seconds":	10.000001907348633,
				"bytes":	30460128,
				"bits_per_second":	24368097.752154205,
				"packets":	21036,
				"omitted":	false,
				"sender":	true
			}
		}, {
			"streams":	[{
					"socket":	6,
					"start":	20.00009,
					"end":	30.000419,
					"seconds":	10.00032901763916,
					"bytes":	33871616,
					"bits_per_second":	27096401.280602094,
					"packets":	23392,
					"omitted":	false,
					"sender":	true
				}],
			"sum":	{
				"start":	20.00009,
				"end":	30.000419,
				"seconds":	10.00032901763916,
				"bytes":	33871616,
				"bits_per_second":	27096401.280602094,
				"packets":	23392,
				"omitted":	false,
				"sender":	true
			}
		}],
	"end":	{
		"streams":	[{
				"udp":	{
					"socket":	6,
					"start":	0,
					"end":	30.000419,
					"seconds":	30.000419,
					"bytes":	93729040,
					"bits_per_second":	24994061.582939889,
					"jitter_ms":	0.31369634404431618,
					"lost_packets":	12950,
					"packets":	64730,
					"lost_percent":	20.00617951490808,
					"out_of_order":	0,
					"sender":	true
				}
			}],
		"sum":	{
			"start":	0,
			"end":	30.004561,
			"seconds":	30.004561,
			"bytes":	93729040,
			"bits_per_second":	24994061.582939889,
			"jitter_ms":	0.31369634404431618,
			"lost_packets":	12950,
			"packets":	64730,
			"lost_percent":	20.00617951490808,
			"sender":	true
		},
		"cpu_utilization_percent":	{
			"host_total":	16.244759866148513,
			"host_user":	1.2195968925285581,
			"host_system":	15.025156308372983,
			"remote_total":	8.4445376664975047,
			"remote_user":	0.750501195316307,
			"remote_system":	7.6940431341297177
		}
	}
}
