{
	"start":	{
		"connected":	[{
				"socket":	6,
				"local_host":	"10.20.15.3",
				"local_port":	33475,
				"remote_host":	"10.20.15.2",
				"remote_port":	5201
			}],
		"version":	"iperf 3.7",
		"system_info":	"Linux node2 5.8.0-1006-raspi #9-Ubuntu SMP PREEMPT Fri Oct 16 12:55:30 UTC 2020 aarch64",
		"timestamp":	{
			"time":	"Sun, 08 Aug 2021 13:26:20 GMT",
			"timesecs":	1628429180
		},
		"connecting_to":	{
			"host":	"10.20.15.2",
			"port":	5201
		},
		"cookie":	"ocsja723mmu45wjdhzg2cqoya7hovkg7jjv6",
		"sock_bufsize":	0,
		"sndbuf_actual":	212992,
		"rcvbuf_actual":	212992,
		"test_start":	{
			"protocol":	"UDP",
			"num_streams":	1,
			"blksize":	1448,
			"omit":	0,
			"duration":	30,
			"bytes":	0,
			"blocks":	0,
			"reverse":	0,
			"tos":	0
		}
	},
	"intervals":	[{
			"streams":	[{
					"socket":	6,
					"start":	0,
					"end":	10.00008,
					"seconds":	10.000080108642578,
					"bytes":	4820392,
					"bits_per_second":	3856282.7078426876,
					"packets":	3329,
					"omitted":	false,
					"sender":	true
				}],
			"sum":	{
				"start":	0,
				"end":	10.00008,
				"seconds":	10.000080108642578,
				"bytes":	4820392,
				"bits_per_second":	3856282.7078426876,
				"packets":	3329,
				"omitted":	false,
				"sender":	true
			}
		}, {
			"streams":	[{
					"socket":	6,
					"start":	10.00008,
					"end":	20.00086,
					"seconds":	10.00078010559082,
					"bytes":	14839104,
					"bits_per_second":	11870357.186799355,
					"packets":	10248,
					"omitted":	false,
					"sender":	true
				}],
			"sum":	{
				"start":	10.00008,
				"end":	20.00086,
				"seconds":	10.00078010559082,
				"bytes":	14839104,
				"bits_per_second":	11870357.186799355,
				"packets":	10248,
				"omitted":	false,
				"sender":	true
			}
		}, {
			"streams":	[{
					"socket":	6,
					"start":	20.00086,
					"end":	30.000871,
					"seconds":	10.000011444091797,
					"bytes":	5655888,
					"bits_per_second":	4524705.2218858087,
					"packets":	3906,
					"omitted":	false,
					"sender":	true
				}],
			"sum":	{
				"start":	20.00086,
				"end":	30.000871,
				"seconds":	10.000011444091797,
				"bytes":	5655888,
				"bits_per_second":	4524705.2218858087,
				"packets":	3906,
				"omitted":	false,
				"sender":	true
			}
		}],
	"end":	{
		"streams":	[{
				"udp":	{
					"socket":	6,
					"start":	0,
					"end":	30.000871,
					"seconds":	30.000871,
					"bytes":	25315384,
					"bits_per_second":	6750573.0750283888,
					"jitter_ms":	14.273030931339669,
					"lost_packets":	6844,
					"packets":	17483,
					"lost_percent":	39.146599553852312,
					"out_of_order":	0,
					"sender":	true
				}
			}],
		"sum":	{
			"start":	0,
			"end":	30.148477,
			"seconds":	30.148477,
			"bytes":	25315384,
			"bits_per_second":	6750573.0750283888,
			"jitter_ms":	14.273030931339669,
			"lost_packets":	6844,
			"packets":	17483,
			"lost_percent":	39.146599553852312,
			"sender":	true
		},
		"cpu_utilization_percent":	{
			"host_total":	7.3151491898199206,
			"host_user":	0.63566323740785646,
			"host_system":	6.6794859524120636,
			"remote_total":	1.8346043729180959,
			"remote_user":	0.18145304492461373,
			"remote_system":	1.6531480181956795
		}
	}
}
