{
	"start":	{
		"connected":	[{
				"socket":	6,
				"local_host":	"10.20.15.3",
				"local_port":	38890,
				"remote_host":	"10.20.15.2",
				"remote_port":	5201
			}],
		"version":	"iperf 3.7",
		"system_info":	"Linux node2 5.8.0-1006-raspi #9-Ubuntu SMP PREEMPT Fri Oct 16 12:55:30 UTC 2020 aarch64",
		"timestamp":	{
			"time":	"Sun, 08 Aug 2021 13:27:51 GMT",
			"timesecs":	1628429271
		},
		"connecting_to":	{
			"host":	"10.20.15.2",
			"port":	5201
		},
		"cookie":	"zyowhpjjqlgbtmqkmqv5zobtfmk635etmgmd",
		"sock_bufsize":	0,
		"sndbuf_actual":	212992,
		"rcvbuf_actual":	212992,
		"test_start":	{
			"protocol":	"UDP",
			"num_streams":	1,
			"blksize":	1448,
			"omit":	0,
			"duration":	30,
			"bytes":	0,
			"blocks":	0,
			"reverse":	0,
			"tos":	0
		}
	},
	"intervals":	[{
			"streams":	[{
					"socket":	6,
					"start":	0,
					"end":	10.000102,
					"seconds":	10.000102043151855,
					"bytes":	4552512,
					"bits_per_second":	3641972.4361653645,
					"packets":	3144,
					"omitted":	false,
					"sender":	true
				}],
			"sum":	{
				"start":	0,
				"end":	10.000102,
				"seconds":	10.000102043151855,
				"bytes":	4552512,
				"bits_per_second":	3641972.4361653645,
				"packets":	3144,
				"omitted":	false,
				"sender":	true
			}
		}, {
			"streams":	[{
					"socket":	6,
					"start":	10.000102,
					"end":	20.000102,
					"seconds":	10,
					"bytes":	10877376,
					"bits_per_second":	8701900.8,
					"packets":	7512,
					"omitted":	false,
					"sender":	true
				}],
			"sum":	{
				"start":	10.000102,
				"end":	20.000102,
				"seconds":	10,
				"bytes":	10877376,
				"bits_per_second":	8701900.8,
				"packets":	7512,
				"omitted":	false,
				"sender":	true
			}
		}, {
			"streams":	[{
					"socket":	6,
					"start":	20.000102,
					"end":	30.000079,
					"seconds":	9.9999771118164062,
					"bytes":	5864400,
					"bits_per_second":	4691530.738061687,
					"packets":	4050,
					"omitted":	false,
					"sender":	true
				}],
			"sum":	{
				"start":	20.000102,
				"end":	30.000079,
				"seconds":	9.9999771118164062,
				"bytes":	5864400,
				"bits_per_second":	4691530.738061687,
				"packets":	4050,
				"omitted":	false,
				"sender":	true
			}
		}],
	"end":	{
		"streams":	[{
				"udp":	{
					"socket":	6,
					"start":	0,
					"end":	30.000079,
					"seconds":	30.000079,
					"bytes":	21294288,
					"bits_per_second":	5678461.8467171369,
					"jitter_ms":	14.290094489604423,
					"lost_packets":	5986,
					"packets":	14706,
					"lost_percent":	40.704474364205083,
					"out_of_order":	0,
					"sender":	true
				}
			}],
		"sum":	{
			"start":	0,
			"end":	30.106126,
			"seconds":	30.106126,
			"bytes":	21294288,
			"bits_per_second":	5678461.8467171369,
			"jitter_ms":	14.290094489604423,
			"lost_packets":	5986,
			"packets":	14706,
			"lost_percent":	40.704474364205083,
			"sender":	true
		},
		"cpu_utilization_percent":	{
			"host_total":	6.7499626568557707,
			"host_user":	0.61519397079414917,
			"host_system":	6.1347720150693528,
			"remote_total":	1.5691004048629114,
			"remote_user":	0.24925949968231634,
			"remote_system":	1.319840905180595
		}
	}
}
