{
	"start":	{
		"connected":	[{
				"socket":	6,
				"local_host":	"10.20.15.3",
				"local_port":	58243,
				"remote_host":	"10.20.15.2",
				"remote_port":	5201
			}],
		"version":	"iperf 3.7",
		"system_info":	"Linux node2 5.8.0-1006-raspi #9-Ubuntu SMP PREEMPT Fri Oct 16 12:55:30 UTC 2020 aarch64",
		"timestamp":	{
			"time":	"Sun, 08 Aug 2021 12:15:37 GMT",
			"timesecs":	1628424937
		},
		"connecting_to":	{
			"host":	"10.20.15.2",
			"port":	5201
		},
		"cookie":	"plwgzvvhizyweuvhhkxxnrlk5wabv2jstlta",
		"sock_bufsize":	0,
		"sndbuf_actual":	212992,
		"rcvbuf_actual":	212992,
		"test_start":	{
			"protocol":	"UDP",
			"num_streams":	1,
			"blksize":	1448,
			"omit":	0,
			"duration":	30,
			"bytes":	0,
			"blocks":	0,
			"reverse":	0,
			"tos":	0
		}
	},
	"intervals":	[{
			"streams":	[{
					"socket":	6,
					"start":	0,
					"end":	10.000078,
					"seconds":	10.000078201293945,
					"bytes":	7174840,
					"bits_per_second":	5739827.113809268,
					"packets":	4955,
					"omitted":	false,
					"sender":	true
				}],
			"sum":	{
				"start":	0,
				"end":	10.000078,
				"seconds":	10.000078201293945,
				"bytes":	7174840,
				"bits_per_second":	5739827.113809268,
				"packets":	4955,
				"omitted":	false,
				"sender":	true
			}
		}, {
			"streams":	[{
					"socket":	6,
					"start":	10.000078,
					"end":	20.000088,
					"seconds":	10.000009536743164,
					"bytes":	786264,
					"bits_per_second":	629010.60012874589,
					"packets":	543,
					"omitted":	false,
					"sender":	true
				}],
			"sum":	{
				"start":	10.000078,
				"end":	20.000088,
				"seconds":	10.000009536743164,
				"bytes":	786264,
				"bits_per_second":	629010.60012874589,
				"packets":	543,
				"omitted":	false,
				"sender":	true
			}
		}, {
			"streams":	[{
					"socket":	6,
					"start":	20.000088,
					"end":	30.000116,
					"seconds":	10.000027656555176,
					"bytes":	3835752,
					"bits_per_second":	3068593.1133285249,
					"packets":	2649,
					"omitted":	false,
					"sender":	true
				}],
			"sum":	{
				"start":	20.000088,
				"end":	30.000116,
				"seconds":	10.000027656555176,
				"bytes":	3835752,
				"bits_per_second":	3068593.1133285249,
				"packets":	2649,
				"omitted":	false,
				"sender":	true
			}
		}],
	"end":	{
		"streams":	[{
				"udp":	{
					"socket":	6,
					"start":	0,
					"end":	30.000116,
					"seconds":	30.000116,
					"bytes":	11796856,
					"bits_per_second":	3145816.1028444027,
					"jitter_ms":	0.3525800729678541,
					"lost_packets":	1951,
					"packets":	8147,
					"lost_percent":	23.947465324659383,
					"out_of_order":	0,
					"sender":	true
				}
			}],
		"sum":	{
			"start":	0,
			"end":	30.002805,
			"seconds":	30.002805,
			"bytes":	11796856,
			"bits_per_second":	3145816.1028444027,
			"jitter_ms":	0.3525800729678541,
			"lost_packets":	1951,
			"packets":	8147,
			"lost_percent":	23.947465324659383,
			"sender":	true
		},
		"cpu_utilization_percent":	{
			"host_total":	5.5676382180366515,
			"host_user":	0.32403078109133732,
			"host_system":	5.2436041044609869,
			"remote_total":	0.99248288216957026,
			"remote_user":	0.052214375556343437,
			"remote_system":	0.94026517534006382
		}
	}
}
