{
	"start":	{
		"connected":	[{
				"socket":	6,
				"local_host":	"10.20.15.3",
				"local_port":	56311,
				"remote_host":	"10.20.15.2",
				"remote_port":	5201
			}],
		"version":	"iperf 3.7",
		"system_info":	"Linux node2 5.8.0-1006-raspi #9-Ubuntu SMP PREEMPT Fri Oct 16 12:55:30 UTC 2020 aarch64",
		"timestamp":	{
			"time":	"Sun, 08 Aug 2021 13:34:01 GMT",
			"timesecs":	1628429641
		},
		"connecting_to":	{
			"host":	"10.20.15.2",
			"port":	5201
		},
		"cookie":	"v7k7sgn4z7o3okie45leiy3ac6te26mvc26v",
		"sock_bufsize":	0,
		"sndbuf_actual":	212992,
		"rcvbuf_actual":	212992,
		"test_start":	{
			"protocol":	"UDP",
			"num_streams":	1,
			"blksize":	1448,
			"omit":	0,
			"duration":	30,
			"bytes":	0,
			"blocks":	0,
			"reverse":	0,
			"tos":	0
		}
	},
	"intervals":	[{
			"streams":	[{
					"socket":	6,
					"start":	0,
					"end":	10.00008,
					"seconds":	10.000080108642578,
					"bytes":	12780048,
					"bits_per_second":	10223956.497272322,
					"packets":	8826,
					"omitted":	false,
					"sender":	true
				}],
			"sum":	{
				"start":	0,
				"end":	10.00008,
				"seconds":	10.000080108642578,
				"bytes":	12780048,
				"bits_per_second":	10223956.497272322,
				"packets":	8826,
				"omitted":	false,
				"sender":	true
			}
		}, {
			"streams":	[{
					"socket":	6,
					"start":	10.00008,
					"end":	20.000121,
					"seconds":	10.000041007995605,
					"bytes":	2444224,
					"bits_per_second":	1955371.1814147185,
					"packets":	1688,
					"omitted":	false,
					"sender":	true
				}],
			"sum":	{
				"start":	10.00008,
				"end":	20.000121,
				"seconds":	10.000041007995605,
				"bytes":	2444224,
				"bits_per_second":	1955371.1814147185,
				"packets":	1688,
				"omitted":	false,
				"sender":	true
			}
		}, {
			"streams":	[{
					"socket":	6,
					"start":	20.000121,
					"end":	30.000127,
					"seconds":	10.000005722045898,
					"bytes":	2143040,
					"bits_per_second":	1714431.018994702,
					"packets":	1480,
					"omitted":	false,
					"sender":	true
				}],
			"sum":	{
				"start":	20.000121,
				"end":	30.000127,
				"seconds":	10.000005722045898,
				"bytes":	2143040,
				"bits_per_second":	1714431.018994702,
				"packets":	1480,
				"omitted":	false,
				"sender":	true
			}
		}],
	"end":	{
		"streams":	[{
				"udp":	{
					"socket":	6,
					"start":	0,
					"end":	30.000127,
					"seconds":	30.000127,
					"bytes":	17367312,
					"bits_per_second":	4631263.5943174511,
					"jitter_ms":	47.8932294166992,
					"lost_packets":	3215,
					"packets":	11994,
					"lost_percent":	26.8050692012673,
					"out_of_order":	0,
					"sender":	true
				}
			}],
		"sum":	{
			"start":	0,
			"end":	30.786351,
			"seconds":	30.786351,
			"bytes":	17367312,
			"bits_per_second":	4631263.5943174511,
			"jitter_ms":	47.8932294166992,
			"lost_packets":	3215,
			"packets":	11994,
			"lost_percent":	26.8050692012673,
			"sender":	true
		},
		"cpu_utilization_percent":	{
			"host_total":	6.3406755862182322,
			"host_user":	0.55530405784859926,
			"host_system":	5.7853549181152664,
			"remote_total":	1.3718600027462367,
			"remote_user":	0.066728049960156924,
			"remote_system":	1.3051448914743264
		}
	}
}
