{
	"start":	{
		"connected":	[{
				"socket":	6,
				"local_host":	"10.20.15.3",
				"local_port":	54978,
				"remote_host":	"10.20.15.2",
				"remote_port":	5201
			}],
		"version":	"iperf 3.7",
		"system_info":	"Linux node2 5.8.0-1006-raspi #9-Ubuntu SMP PREEMPT Fri Oct 16 12:55:30 UTC 2020 aarch64",
		"timestamp":	{
			"time":	"Sun, 08 Aug 2021 11:09:24 GMT",
			"timesecs":	1628420964
		},
		"connecting_to":	{
			"host":	"10.20.15.2",
			"port":	5201
		},
		"cookie":	"fzl4qyah6iygmhtsgv46g7p2lrylfb5zi3os",
		"sock_bufsize":	0,
		"sndbuf_actual":	212992,
		"rcvbuf_actual":	212992,
		"test_start":	{
			"protocol":	"UDP",
			"num_streams":	1,
			"blksize":	1448,
			"omit":	0,
			"duration":	30,
			"bytes":	0,
			"blocks":	0,
			"reverse":	0,
			"tos":	0
		}
	},
	"intervals":	[{
			"streams":	[{
					"socket":	6,
					"start":	0,
					"end":	10.000092,
					"seconds":	10.000091552734375,
					"bytes":	4058744,
					"bits_per_second":	3246965.4731432511,
					"packets":	2803,
					"omitted":	false,
					"sender":	true
				}],
			"sum":	{
				"start":	0,
				"end":	10.000092,
				"seconds":	10.000091552734375,
				"bytes":	4058744,
				"bits_per_second":	3246965.4731432511,
				"packets":	2803,
				"omitted":	false,
				"sender":	true
			}
		}, {
			"streams":	[{
					"socket":	6,
					"start":	10.000092,
					"end":	20.000118,
					"seconds":	10.000025749206543,
					"bytes":	1552256,
					"bits_per_second":	1241801.6024594053,
					"packets":	1072,
					"omitted":	false,
					"sender":	true
				}],
			"sum":	{
				"start":	10.000092,
				"end":	20.000118,
				"seconds":	10.000025749206543,
				"bytes":	1552256,
				"bits_per_second":	1241801.6024594053,
				"packets":	1072,
				"omitted":	false,
				"sender":	true
			}
		}, {
			"streams":	[{
					"socket":	6,
					"start":	20.000118,
					"end":	30.000102,
					"seconds":	9.9999837875366211,
					"bytes":	7005424,
					"bits_per_second":	5604348.2860291349,
					"packets":	4838,
					"omitted":	false,
					"sender":	true
				}],
			"sum":	{
				"start":	20.000118,
				"end":	30.000102,
				"seconds":	9.9999837875366211,
				"bytes":	7005424,
				"bits_per_second":	5604348.2860291349,
				"packets":	4838,
				"omitted":	false,
				"sender":	true
			}
		}],
	"end":	{
		"streams":	[{
				"udp":	{
					"socket":	6,
					"start":	0,
					"end":	30.000102,
					"seconds":	30.000102,
					"bytes":	12616424,
					"bits_per_second":	3364368.2944811322,
					"jitter_ms":	0.35307351447043878,
					"lost_packets":	3134,
					"packets":	8713,
					"lost_percent":	35.96924136347986,
					"out_of_order":	0,
					"sender":	true
				}
			}],
		"sum":	{
			"start":	0,
			"end":	30.005833,
			"seconds":	30.005833,
			"bytes":	12616424,
			"bits_per_second":	3364368.2944811322,
			"jitter_ms":	0.35307351447043878,
			"lost_packets":	3134,
			"packets":	8713,
			"lost_percent":	35.96924136347986,
			"sender":	true
		},
		"cpu_utilization_percent":	{
			"host_total":	5.7704765884758018,
			"host_user":	0.557358293434158,
			"host_system":	5.2131149627747471,
			"remote_total":	0.87445074932197553,
			"remote_user":	0.047287414242845258,
			"remote_system":	0.82717332819287559
		}
	}
}
