{
	"start":	{
		"connected":	[{
				"socket":	6,
				"local_host":	"10.20.15.3",
				"local_port":	46758,
				"remote_host":	"10.20.15.2",
				"remote_port":	5201
			}],
		"version":	"iperf 3.7",
		"system_info":	"Linux node2 5.8.0-1006-raspi #9-Ubuntu SMP PREEMPT Fri Oct 16 12:55:30 UTC 2020 aarch64",
		"timestamp":	{
			"time":	"Sun, 08 Aug 2021 12:08:57 GMT",
			"timesecs":	1628424537
		},
		"connecting_to":	{
			"host":	"10.20.15.2",
			"port":	5201
		},
		"cookie":	"lhjthssooomxu7aralivcdmovmpzwo7xg7qu",
		"sock_bufsize":	0,
		"sndbuf_actual":	212992,
		"rcvbuf_actual":	212992,
		"test_start":	{
			"protocol":	"UDP",
			"num_streams":	1,
			"blksize":	1448,
			"omit":	0,
			"duration":	30,
			"bytes":	0,
			"blocks":	0,
			"reverse":	0,
			"tos":	0
		}
	},
	"intervals":	[{
			"streams":	[{
					"socket":	6,
					"start":	0,
					"end":	10.000104,
					"seconds":	10.000103950500488,
					"bytes":	5668920,
					"bits_per_second":	4535088.85752435,
					"packets":	3915,
					"omitted":	false,
					"sender":	true
				}],
			"sum":	{
				"start":	0,
				"end":	10.000104,
				"seconds":	10.000103950500488,
				"bytes":	5668920,
				"bits_per_second":	4535088.85752435,
				"packets":	3915,
				"omitted":	false,
				"sender":	true
			}
		}, {
			"streams":	[{
					"socket":	6,
					"start":	10.000104,
					"end":	20.000096,
					"seconds":	9.9999923706054688,
					"bytes":	6125040,
					"bits_per_second":	4900035.7384305866,
					"packets":	4230,
					"omitted":	false,
					"sender":	true
				}],
			"sum":	{
				"start":	10.000104,
				"end":	20.000096,
				"seconds":	9.9999923706054688,
				"bytes":	6125040,
				"bits_per_second":	4900035.7384305866,
				"packets":	4230,
				"omitted":	false,
				"sender":	true
			}
		}, {
			"streams":	[{
					"socket":	6,
					"start":	20.000096,
					"end":	30.000107,
					"seconds":	10.000011444091797,
					"bytes":	2134352,
					"bits_per_second":	1707479.6459446191,
					"packets":	1474,
					"omitted":	false,
					"sender":	true
				}],
			"sum":	{
				"start":	20.000096,
				"end":	30.000107,
				"seconds":	10.000011444091797,
				"bytes":	2134352,
				"bits_per_second":	1707479.6459446191,
				"packets":	1474,
				"omitted":	false,
				"sender":	true
			}
		}],
	"end":	{
		"streams":	[{
				"udp":	{
					"socket":	6,
					"start":	0,
					"end":	30.000107,
					"seconds":	30.000107,
					"bytes":	13928312,
					"bits_per_second":	3714203.28600828,
					"jitter_ms":	0.18858192576347016,
					"lost_packets":	1589,
					"packets":	9619,
					"lost_percent":	16.5193887098451,
					"out_of_order":	0,
					"sender":	true
				}
			}],
		"sum":	{
			"start":	0,
			"end":	30.39116,
			"seconds":	30.39116,
			"bytes":	13928312,
			"bits_per_second":	3714203.28600828,
			"jitter_ms":	0.18858192576347016,
			"lost_packets":	1589,
			"packets":	9619,
			"lost_percent":	16.5193887098451,
			"sender":	true
		},
		"cpu_utilization_percent":	{
			"host_total":	6.0329019295882134,
			"host_user":	0.61625459055326992,
			"host_system":	5.4166143238633166,
			"remote_total":	0.780051123292917,
			"remote_user":	0.0775597642518368,
			"remote_system":	0.70249135904108018
		}
	}
}
