{
	"start":	{
		"connected":	[{
				"socket":	6,
				"local_host":	"10.20.15.3",
				"local_port":	38509,
				"remote_host":	"10.20.15.2",
				"remote_port":	5201
			}],
		"version":	"iperf 3.7",
		"system_info":	"Linux node2 5.8.0-1006-raspi #9-Ubuntu SMP PREEMPT Fri Oct 16 12:55:30 UTC 2020 aarch64",
		"timestamp":	{
			"time":	"Sun, 08 Aug 2021 10:34:04 GMT",
			"timesecs":	1628418844
		},
		"connecting_to":	{
			"host":	"10.20.15.2",
			"port":	5201
		},
		"cookie":	"pdetvfahnyhrsin3njf5iuss3r2u5jgdjuma",
		"sock_bufsize":	0,
		"sndbuf_actual":	212992,
		"rcvbuf_actual":	212992,
		"test_start":	{
			"protocol":	"UDP",
			"num_streams":	1,
			"blksize":	1448,
			"omit":	0,
			"duration":	30,
			"bytes":	0,
			"blocks":	0,
			"reverse":	0,
			"tos":	0
		}
	},
	"intervals":	[{
			"streams":	[{
					"socket":	6,
					"start":	0,
					"end":	10.000084,
					"seconds":	10.000083923339844,
					"bytes":	40548344,
					"bits_per_second":	32438402.966088388,
					"packets":	28003,
					"omitted":	false,
					"sender":	true
				}],
			"sum":	{
				"start":	0,
				"end":	10.000084,
				"seconds":	10.000083923339844,
				"bytes":	40548344,
				"bits_per_second":	32438402.966088388,
				"packets":	28003,
				"omitted":	false,
				"sender":	true
			}
		}, {
			"streams":	[{
					"socket":	6,
					"start":	10.000084,
					"end":	20.000081,
					"seconds":	9.99999713897705,
					"bytes":	41732808,
					"bits_per_second":	33386255.951884449,
					"packets":	28821,
					"omitted":	false,
					"sender":	true
				}],
			"sum":	{
				"start":	10.000084,
				"end":	20.000081,
				"seconds":	9.99999713897705,
				"bytes":	41732808,
				"bits_per_second":	33386255.951884449,
				"packets":	28821,
				"omitted":	false,
				"sender":	true
			}
		}, {
			"streams":	[{
					"socket":	6,
					"start":	20.000081,
					"end":	30.000113,
					"seconds":	10.000032424926758,
					"bytes":	41431624,
					"bits_per_second":	33145191.726958588,
					"packets":	28613,
					"omitted":	false,
					"sender":	true
				}],
			"sum":	{
				"start":	20.000081,
				"end":	30.000113,
				"seconds":	10.000032424926758,
				"bytes":	41431624,
				"bits_per_second":	33145191.726958588,
				"packets":	28613,
				"omitted":	false,
				"sender":	true
			}
		}],
	"end":	{
		"streams":	[{
				"udp":	{
					"socket":	6,
					"start":	0,
					"end":	30.000113,
					"seconds":	30.000113,
					"bytes":	123712776,
					"bits_per_second":	32989949.337857496,
					"jitter_ms":	0.49046870232618495,
					"lost_packets":	6081,
					"packets":	85437,
					"lost_percent":	7.1175251940025985,
					"out_of_order":	0,
					"sender":	true
				}
			}],
		"sum":	{
			"start":	0,
			"end":	30.004695,
			"seconds":	30.004695,
			"bytes":	123712776,
			"bits_per_second":	32989949.337857496,
			"jitter_ms":	0.49046870232618495,
			"lost_packets":	6081,
			"packets":	85437,
			"lost_percent":	7.1175251940025985,
			"sender":	true
		},
		"cpu_utilization_percent":	{
			"host_total":	20.98583696970119,
			"host_user":	1.3700428385834591,
			"host_system":	19.615797463744435,
			"remote_total":	12.132373884067251,
			"remote_user":	1.0729610731476242,
			"remote_system":	11.059416142186464
		}
	}
}
