{
	"start":	{
		"connected":	[{
				"socket":	6,
				"local_host":	"10.20.15.3",
				"local_port":	44526,
				"remote_host":	"10.20.15.2",
				"remote_port":	5201
			}],
		"version":	"iperf 3.7",
		"system_info":	"Linux node2 5.8.0-1006-raspi #9-Ubuntu SMP PREEMPT Fri Oct 16 12:55:30 UTC 2020 aarch64",
		"timestamp":	{
			"time":	"Sun, 08 Aug 2021 13:33:00 GMT",
			"timesecs":	1628429580
		},
		"connecting_to":	{
			"host":	"10.20.15.2",
			"port":	5201
		},
		"cookie":	"rqa3t2e4uqu64fam2l3bgiuwl43uwhnq5nku",
		"sock_bufsize":	0,
		"sndbuf_actual":	212992,
		"rcvbuf_actual":	212992,
		"test_start":	{
			"protocol":	"UDP",
			"num_streams":	1,
			"blksize":	1448,
			"omit":	0,
			"duration":	30,
			"bytes":	0,
			"blocks":	0,
			"reverse":	0,
			"tos":	0
		}
	},
	"intervals":	[{
			"streams":	[{
					"socket":	6,
					"start":	0,
					"end":	10.000091,
					"seconds":	10.000090599060059,
					"bytes":	13622784,
					"bits_per_second":	10898128.463980477,
					"packets":	9408,
					"omitted":	false,
					"sender":	true
				}],
			"sum":	{
				"start":	0,
				"end":	10.000091,
				"seconds":	10.000090599060059,
				"bytes":	13622784,
				"bits_per_second":	10898128.463980477,
				"packets":	9408,
				"omitted":	false,
				"sender":	true
			}
		}, {
			"streams":	[{
					"socket":	6,
					"start":	10.000091,
					"end":	20.000105,
					"seconds":	10.000014305114746,
					"bytes":	4577128,
					"bits_per_second":	3661697.1619001934,
					"packets":	3161,
					"omitted":	false,
					"sender":	true
				}],
			"sum":	{
				"start":	10.000091,
				"end":	20.000105,
				"seconds":	10.000014305114746,
				"bytes":	4577128,
				"bits_per_second":	3661697.1619001934,
				"packets":	3161,
				"omitted":	false,
				"sender":	true
			}
		}, {
			"streams":	[{
					"socket":	6,
					"start":	20.000105,
					"end":	30.000155,
					"seconds":	10.000049591064453,
					"bytes":	3783624,
					"bits_per_second":	3026884.1893591075,
					"packets":	2613,
					"omitted":	false,
					"sender":	true
				}],
			"sum":	{
				"start":	20.000105,
				"end":	30.000155,
				"seconds":	10.000049591064453,
				"bytes":	3783624,
				"bits_per_second":	3026884.1893591075,
				"packets":	2613,
				"omitted":	false,
				"sender":	true
			}
		}],
	"end":	{
		"streams":	[{
				"udp":	{
					"socket":	6,
					"start":	0,
					"end":	30.000155,
					"seconds":	30.000155,
					"bytes":	21983536,
					"bits_per_second":	5862245.9783957787,
					"jitter_ms":	16.567344132405164,
					"lost_packets":	4476,
					"packets":	15182,
					"lost_percent":	29.482281649321564,
					"out_of_order":	0,
					"sender":	true
				}
			}],
		"sum":	{
			"start":	0,
			"end":	30.174896,
			"seconds":	30.174896,
			"bytes":	21983536,
			"bits_per_second":	5862245.9783957787,
			"jitter_ms":	16.567344132405164,
			"lost_packets":	4476,
			"packets":	15182,
			"lost_percent":	29.482281649321564,
			"sender":	true
		},
		"cpu_utilization_percent":	{
			"host_total":	6.935068700953841,
			"host_user":	0.94951522451933079,
			"host_system":	5.9855468332856967,
			"remote_total":	1.6552397561741605,
			"remote_user":	0.12541874968199507,
			"remote_system":	1.5298273865282666
		}
	}
}
