{
	"start":	{
		"connected":	[{
				"socket":	6,
				"local_host":	"10.20.15.3",
				"local_port":	50272,
				"remote_host":	"10.20.15.2",
				"remote_port":	5201
			}],
		"version":	"iperf 3.7",
		"system_info":	"Linux node2 5.8.0-1006-raspi #9-Ubuntu SMP PREEMPT Fri Oct 16 12:55:30 UTC 2020 aarch64",
		"timestamp":	{
			"time":	"Sun, 08 Aug 2021 10:35:04 GMT",
			"timesecs":	1628418904
		},
		"connecting_to":	{
			"host":	"10.20.15.2",
			"port":	5201
		},
		"cookie":	"h75l6lo7ck4rjeojunrcmyp6rq2gwzs7gso7",
		"sock_bufsize":	0,
		"sndbuf_actual":	212992,
		"rcvbuf_actual":	212992,
		"test_start":	{
			"protocol":	"UDP",
			"num_streams":	1,
			"blksize":	1448,
			"omit":	0,
			"duration":	30,
			"bytes":	0,
			"blocks":	0,
			"reverse":	0,
			"tos":	0
		}
	},
	"intervals":	[{
			"streams":	[{
					"socket":	6,
					"start":	0,
					"end":	10.000029,
					"seconds":	10.000028610229492,
					"bytes":	41682128,
					"bits_per_second":	33345606.997453123,
					"packets":	28786,
					"omitted":	false,
					"sender":	true
				}],
			"sum":	{
				"start":	0,
				"end":	10.000029,
				"seconds":	10.000028610229492,
				"bytes":	41682128,
				"bits_per_second":	33345606.997453123,
				"packets":	28786,
				"omitted":	false,
				"sender":	true
			}
		}, {
			"streams":	[{
					"socket":	6,
					"start":	10.000029,
					"end":	20.000085,
					"seconds":	10.000056266784668,
					"bytes":	41223112,
					"bits_per_second":	32978304.041686777,
					"packets":	28469,
					"omitted":	false,
					"sender":	true
				}],
			"sum":	{
				"start":	10.000029,
				"end":	20.000085,
				"seconds":	10.000056266784668,
				"bytes":	41223112,
				"bits_per_second":	32978304.041686777,
				"packets":	28469,
				"omitted":	false,
				"sender":	true
			}
		}, {
			"streams":	[{
					"socket":	6,
					"start":	20.000085,
					"end":	30.000101,
					"seconds":	10.000016212463379,
					"bytes":	41582216,
					"bits_per_second":	33265718.868075106,
					"packets":	28717,
					"omitted":	false,
					"sender":	true
				}],
			"sum":	{
				"start":	20.000085,
				"end":	30.000101,
				"seconds":	10.000016212463379,
				"bytes":	41582216,
				"bits_per_second":	33265718.868075106,
				"packets":	28717,
				"omitted":	false,
				"sender":	true
			}
		}],
	"end":	{
		"streams":	[{
				"udp":	{
					"socket":	6,
					"start":	0,
					"end":	30.000101,
					"seconds":	30.000101,
					"bytes":	124487456,
					"bits_per_second":	33196543.17163799,
					"jitter_ms":	0.19921943672406306,
					"lost_packets":	5897,
					"packets":	85972,
					"lost_percent":	6.8592099753408089,
					"out_of_order":	0,
					"sender":	true
				}
			}],
		"sum":	{
			"start":	0,
			"end":	30.001947,
			"seconds":	30.001947,
			"bytes":	124487456,
			"bits_per_second":	33196543.17163799,
			"jitter_ms":	0.19921943672406306,
			"lost_packets":	5897,
			"packets":	85972,
			"lost_percent":	6.8592099753408089,
			"sender":	true
		},
		"cpu_utilization_percent":	{
			"host_total":	20.655118340104266,
			"host_user":	1.4852295027034574,
			"host_system":	19.169885504838962,
			"remote_total":	12.124258345009599,
			"remote_user":	1.253337297533285,
			"remote_system":	10.870937705645094
		}
	}
}
