{
	"start":	{
		"connected":	[{
				"socket":	6,
				"local_host":	"10.20.15.3",
				"local_port":	55088,
				"remote_host":	"10.20.15.2",
				"remote_port":	5201
			}],
		"version":	"iperf 3.7",
		"system_info":	"Linux node2 5.8.0-1006-raspi #9-Ubuntu SMP PREEMPT Fri Oct 16 12:55:30 UTC 2020 aarch64",
		"timestamp":	{
			"time":	"Sun, 08 Aug 2021 13:07:27 GMT",
			"timesecs":	1628428047
		},
		"connecting_to":	{
			"host":	"10.20.15.2",
			"port":	5201
		},
		"cookie":	"ob7zdgigv4eptbacmcpazplyefwh4xiac2wx",
		"sock_bufsize":	0,
		"sndbuf_actual":	212992,
		"rcvbuf_actual":	212992,
		"test_start":	{
			"protocol":	"UDP",
			"num_streams":	1,
			"blksize":	1448,
			"omit":	0,
			"duration":	30,
			"bytes":	0,
			"blocks":	0,
			"reverse":	0,
			"tos":	0
		}
	},
	"intervals":	[{
			"streams":	[{
					"socket":	6,
					"start":	0,
					"end":	10.000103,
					"seconds":	10.000102996826172,
					"bytes":	9949208,
					"bits_per_second":	7959284.4218965946,
					"packets":	6871,
					"omitted":	false,
					"sender":	true
				}],
			"sum":	{
				"start":	0,
				"end":	10.000103,
				"seconds":	10.000102996826172,
				"bytes":	9949208,
				"bits_per_second":	7959284.4218965946,
				"packets":	6871,
				"omitted":	false,
				"sender":	true
			}
		}, {
			"streams":	[{
					"socket":	6,
					"start":	10.000103,
					"end":	20.00019,
					"seconds":	10.000086784362793,
					"bytes":	802192,
					"bits_per_second":	641748.03063060879,
					"packets":	554,
					"omitted":	false,
					"sender":	true
				}],
			"sum":	{
				"start":	10.000103,
				"end":	20.00019,
				"seconds":	10.000086784362793,
				"bytes":	802192,
				"bits_per_second":	641748.03063060879,
				"packets":	554,
				"omitted":	false,
				"sender":	true
			}
		}, {
			"streams":	[{
					"socket":	6,
					"start":	20.00019,
					"end":	30.000115,
					"seconds":	9.9999246597290039,
					"bytes":	1107720,
					"bits_per_second":	886182.67652430013,
					"packets":	765,
					"omitted":	false,
					"sender":	true
				}],
			"sum":	{
				"start":	20.00019,
				"end":	30.000115,
				"seconds":	9.9999246597290039,
				"bytes":	1107720,
				"bits_per_second":	886182.67652430013,
				"packets":	765,
				"omitted":	false,
				"sender":	true
			}
		}],
	"end":	{
		"streams":	[{
				"udp":	{
					"socket":	6,
					"start":	0,
					"end":	30.000115,
					"seconds":	30.000115,
					"bytes":	11859120,
					"bits_per_second":	3162419.87739047,
					"jitter_ms":	0.30754227318284649,
					"lost_packets":	1764,
					"packets":	8190,
					"lost_percent":	21.53846153846154,
					"out_of_order":	0,
					"sender":	true
				}
			}],
		"sum":	{
			"start":	0,
			"end":	30.003009,
			"seconds":	30.003009,
			"bytes":	11859120,
			"bits_per_second":	3162419.87739047,
			"jitter_ms":	0.30754227318284649,
			"lost_packets":	1764,
			"packets":	8190,
			"lost_percent":	21.53846153846154,
			"sender":	true
		},
		"cpu_utilization_percent":	{
			"host_total":	5.67680298372723,
			"host_user":	0.47455845679025721,
			"host_system":	5.2022478593699937,
			"remote_total":	0.97224428398877216,
			"remote_user":	0.094643868007500881,
			"remote_system":	0.87760041598127125
		}
	}
}
