{
	"start":	{
		"connected":	[{
				"socket":	6,
				"local_host":	"10.20.15.3",
				"local_port":	42318,
				"remote_host":	"10.20.15.2",
				"remote_port":	5201
			}],
		"version":	"iperf 3.7",
		"system_info":	"Linux node2 5.8.0-1006-raspi #9-Ubuntu SMP PREEMPT Fri Oct 16 12:55:30 UTC 2020 aarch64",
		"timestamp":	{
			"time":	"Sun, 08 Aug 2021 13:44:03 GMT",
			"timesecs":	1628430243
		},
		"connecting_to":	{
			"host":	"10.20.15.2",
			"port":	5201
		},
		"cookie":	"ffck2wt57yx4lxrmy6nctfwfkxz2jtrklpus",
		"sock_bufsize":	0,
		"sndbuf_actual":	212992,
		"rcvbuf_actual":	212992,
		"test_start":	{
			"protocol":	"UDP",
			"num_streams":	1,
			"blksize":	1448,
			"omit":	0,
			"duration":	30,
			"bytes":	0,
			"blocks":	0,
			"reverse":	0,
			"tos":	0
		}
	},
	"intervals":	[{
			"streams":	[{
					"socket":	6,
					"start":	0,
					"end":	10.000089,
					"seconds":	10.000088691711426,
					"bytes":	8118936,
					"bits_per_second":	6495091.1939246142,
					"packets":	5607,
					"omitted":	false,
					"sender":	true
				}],
			"sum":	{
				"start":	0,
				"end":	10.000089,
				"seconds":	10.000088691711426,
				"bytes":	8118936,
				"bits_per_second":	6495091.1939246142,
				"packets":	5607,
				"omitted":	false,
				"sender":	true
			}
		}, {
			"streams":	[{
					"socket":	6,
					"start":	10.000089,
					"end":	20.000077,
					"seconds":	9.9999876022338867,
					"bytes":	1075864,
					"bits_per_second":	860692.26706614229,
					"packets":	743,
					"omitted":	false,
					"sender":	true
				}],
			"sum":	{
				"start":	10.000089,
				"end":	20.000077,
				"seconds":	9.9999876022338867,
				"bytes":	1075864,
				"bits_per_second":	860692.26706614229,
				"packets":	743,
				"omitted":	false,
				"sender":	true
			}
		}, {
			"streams":	[{
					"socket":	6,
					"start":	20.000077,
					"end":	30.000098,
					"seconds":	10.000020980834961,
					"bytes":	5490816,
					"bits_per_second":	4392643.583866992,
					"packets":	3792,
					"omitted":	false,
					"sender":	true
				}],
			"sum":	{
				"start":	20.000077,
				"end":	30.000098,
				"seconds":	10.000020980834961,
				"bytes":	5490816,
				"bits_per_second":	4392643.583866992,
				"packets":	3792,
				"omitted":	false,
				"sender":	true
			}
		}],
	"end":	{
		"streams":	[{
				"udp":	{
					"socket":	6,
					"start":	0,
					"end":	30.000098,
					"seconds":	30.000098,
					"bytes":	14685616,
					"bits_per_second":	3916151.4739051852,
					"jitter_ms":	0.43686858690420394,
					"lost_packets":	1996,
					"packets":	10142,
					"lost_percent":	19.68053638335634,
					"out_of_order":	0,
					"sender":	true
				}
			}],
		"sum":	{
			"start":	0,
			"end":	30.004351,
			"seconds":	30.004351,
			"bytes":	14685616,
			"bits_per_second":	3916151.4739051852,
			"jitter_ms":	0.43686858690420394,
			"lost_packets":	1996,
			"packets":	10142,
			"lost_percent":	19.68053638335634,
			"sender":	true
		},
		"cpu_utilization_percent":	{
			"host_total":	6.6306637250400966,
			"host_user":	1.0354874240133478,
			"host_system":	5.5951729693747891,
			"remote_total":	1.3166957865035409,
			"remote_user":	0.15129836592635704,
			"remote_system":	1.165354123006201
		}
	}
}
