{
	"start":	{
		"connected":	[{
				"socket":	6,
				"local_host":	"10.20.15.3",
				"local_port":	53692,
				"remote_host":	"10.20.15.2",
				"remote_port":	5201
			}],
		"version":	"iperf 3.7",
		"system_info":	"Linux node2 5.8.0-1006-raspi #9-Ubuntu SMP PREEMPT Fri Oct 16 12:55:30 UTC 2020 aarch64",
		"timestamp":	{
			"time":	"Sun, 08 Aug 2021 12:50:17 GMT",
			"timesecs":	1628427017
		},
		"connecting_to":	{
			"host":	"10.20.15.2",
			"port":	5201
		},
		"cookie":	"z5nv6iu7yzp4k7suaccktl2gxyclifqoipgw",
		"sock_bufsize":	0,
		"sndbuf_actual":	212992,
		"rcvbuf_actual":	212992,
		"test_start":	{
			"protocol":	"UDP",
			"num_streams":	1,
			"blksize":	1448,
			"omit":	0,
			"duration":	30,
			"bytes":	0,
			"blocks":	0,
			"reverse":	0,
			"tos":	0
		}
	},
	"intervals":	[{
			"streams":	[{
					"socket":	6,
					"start":	0,
					"end":	10.000097,
					"seconds":	10.000097274780273,
					"bytes":	5586384,
					"bits_per_second":	4469063.72728079,
					"packets":	3858,
					"omitted":	false,
					"sender":	true
				}],
			"sum":	{
				"start":	0,
				"end":	10.000097,
				"seconds":	10.000097274780273,
				"bytes":	5586384,
				"bits_per_second":	4469063.72728079,
				"packets":	3858,
				"omitted":	false,
				"sender":	true
			}
		}, {
			"streams":	[{
					"socket":	6,
					"start":	10.000097,
					"end":	20.000097,
					"seconds":	10,
					"bytes":	767440,
					"bits_per_second":	613952,
					"packets":	530,
					"omitted":	false,
					"sender":	true
				}],
			"sum":	{
				"start":	10.000097,
				"end":	20.000097,
				"seconds":	10,
				"bytes":	767440,
				"bits_per_second":	613952,
				"packets":	530,
				"omitted":	false,
				"sender":	true
			}
		}, {
			"streams":	[{
					"socket":	6,
					"start":	20.000097,
					"end":	30.000105,
					"seconds":	10.000007629394531,
					"bytes":	1676784,
					"bits_per_second":	1341426.1765730465,
					"packets":	1158,
					"omitted":	false,
					"sender":	true
				}],
			"sum":	{
				"start":	20.000097,
				"end":	30.000105,
				"seconds":	10.000007629394531,
				"bytes":	1676784,
				"bits_per_second":	1341426.1765730465,
				"packets":	1158,
				"omitted":	false,
				"sender":	true
			}
		}],
	"end":	{
		"streams":	[{
				"udp":	{
					"socket":	6,
					"start":	0,
					"end":	30.000105,
					"seconds":	30.000105,
					"bytes":	8030608,
					"bits_per_second":	2141487.9714587666,
					"jitter_ms":	3.0807292603068204,
					"lost_packets":	1687,
					"packets":	5546,
					"lost_percent":	30.418319509556436,
					"out_of_order":	0,
					"sender":	true
				}
			}],
		"sum":	{
			"start":	0,
			"end":	30.017427,
			"seconds":	30.017427,
			"bytes":	8030608,
			"bits_per_second":	2141487.9714587666,
			"jitter_ms":	3.0807292603068204,
			"lost_packets":	1687,
			"packets":	5546,
			"lost_percent":	30.418319509556436,
			"sender":	true
		},
		"cpu_utilization_percent":	{
			"host_total":	5.449914423451081,
			"host_user":	0.77460140817714285,
			"host_system":	4.6753130152739377,
			"remote_total":	0.6245292810811689,
			"remote_user":	0.044487683315630175,
			"remote_system":	0.580038267599859
		}
	}
}
