{
	"start":	{
		"connected":	[{
				"socket":	6,
				"local_host":	"10.20.15.3",
				"local_port":	46855,
				"remote_host":	"10.20.15.2",
				"remote_port":	5201
			}],
		"version":	"iperf 3.7",
		"system_info":	"Linux node2 5.8.0-1006-raspi #9-Ubuntu SMP PREEMPT Fri Oct 16 12:55:30 UTC 2020 aarch64",
		"timestamp":	{
			"time":	"Sun, 08 Aug 2021 12:57:17 GMT",
			"timesecs":	1628427437
		},
		"connecting_to":	{
			"host":	"10.20.15.2",
			"port":	5201
		},
		"cookie":	"d3uxvrqfpqggijttlkwtrr3jkalgmzg7qen3",
		"sock_bufsize":	0,
		"sndbuf_actual":	212992,
		"rcvbuf_actual":	212992,
		"test_start":	{
			"protocol":	"UDP",
			"num_streams":	1,
			"blksize":	1448,
			"omit":	0,
			"duration":	30,
			"bytes":	0,
			"blocks":	0,
			"reverse":	0,
			"tos":	0
		}
	},
	"intervals":	[{
			"streams":	[{
					"socket":	6,
					"start":	0,
					"end":	10.000104,
					"seconds":	10.000103950500488,
					"bytes":	1382840,
					"bits_per_second":	1106260.5003667315,
					"packets":	955,
					"omitted":	false,
					"sender":	true
				}],
			"sum":	{
				"start":	0,
				"end":	10.000104,
				"seconds":	10.000103950500488,
				"bytes":	1382840,
				"bits_per_second":	1106260.5003667315,
				"packets":	955,
				"omitted":	false,
				"sender":	true
			}
		}, {
			"streams":	[{
					"socket":	6,
					"start":	10.000104,
					"end":	20.000083,
					"seconds":	9.9999790191650391,
					"bytes":	699384,
					"bits_per_second":	559508.37389528519,
					"packets":	483,
					"omitted":	false,
					"sender":	true
				}],
			"sum":	{
				"start":	10.000104,
				"end":	20.000083,
				"seconds":	9.9999790191650391,
				"bytes":	699384,
				"bits_per_second":	559508.37389528519,
				"packets":	483,
				"omitted":	false,
				"sender":	true
			}
		}, {
			"streams":	[{
					"socket":	6,
					"start":	20.000083,
					"end":	30.000126,
					"seconds":	10.000042915344238,
					"bytes":	6235088,
					"bits_per_second":	4988048.9936160361,
					"packets":	4306,
					"omitted":	false,
					"sender":	true
				}],
			"sum":	{
				"start":	20.000083,
				"end":	30.000126,
				"seconds":	10.000042915344238,
				"bytes":	6235088,
				"bits_per_second":	4988048.9936160361,
				"packets":	4306,
				"omitted":	false,
				"sender":	true
			}
		}],
	"end":	{
		"streams":	[{
				"udp":	{
					"socket":	6,
					"start":	0,
					"end":	30.000126,
					"seconds":	30.000126,
					"bytes":	8317312,
					"bits_per_second":	2217940.5513163512,
					"jitter_ms":	0.39145959235359579,
					"lost_packets":	1551,
					"packets":	5744,
					"lost_percent":	27.002089136490252,
					"out_of_order":	0,
					"sender":	true
				}
			}],
		"sum":	{
			"start":	0,
			"end":	30.00449,
			"seconds":	30.00449,
			"bytes":	8317312,
			"bits_per_second":	2217940.5513163512,
			"jitter_ms":	0.39145959235359579,
			"lost_packets":	1551,
			"packets":	5744,
			"lost_percent":	27.002089136490252,
			"sender":	true
		},
		"cpu_utilization_percent":	{
			"host_total":	5.2349689397505905,
			"host_user":	0.47743830097708095,
			"host_system":	4.7575206413218609,
			"remote_total":	0.691868937815368,
			"remote_user":	0.070405338827816563,
			"remote_system":	0.62145693717756634
		}
	}
}
