{
	"start":	{
		"connected":	[{
				"socket":	6,
				"local_host":	"10.20.15.3",
				"local_port":	45521,
				"remote_host":	"10.20.15.2",
				"remote_port":	5201
			}],
		"version":	"iperf 3.7",
		"system_info":	"Linux node2 5.8.0-1006-raspi #9-Ubuntu SMP PREEMPT Fri Oct 16 12:55:30 UTC 2020 aarch64",
		"timestamp":	{
			"time":	"Sun, 08 Aug 2021 13:45:03 GMT",
			"timesecs":	1628430303
		},
		"connecting_to":	{
			"host":	"10.20.15.2",
			"port":	5201
		},
		"cookie":	"zxsxvg72kp6mghsrnlsoliuzjkvsspa3stvd",
		"sock_bufsize":	0,
		"sndbuf_actual":	212992,
		"rcvbuf_actual":	212992,
		"test_start":	{
			"protocol":	"UDP",
			"num_streams":	1,
			"blksize":	1448,
			"omit":	0,
			"duration":	30,
			"bytes":	0,
			"blocks":	0,
			"reverse":	0,
			"tos":	0
		}
	},
	"intervals":	[{
			"streams":	[{
					"socket":	6,
					"start":	0,
					"end":	10.000084,
					"seconds":	10.000083923339844,
					"bytes":	7859744,
					"bits_per_second":	6287742.43116551,
					"packets":	5428,
					"omitted":	false,
					"sender":	true
				}],
			"sum":	{
				"start":	0,
				"end":	10.000084,
				"seconds":	10.000083923339844,
				"bytes":	7859744,
				"bits_per_second":	6287742.43116551,
				"packets":	5428,
				"omitted":	false,
				"sender":	true
			}
		}, {
			"streams":	[{
					"socket":	6,
					"start":	10.000084,
					"end":	20.000087,
					"seconds":	10.000002861022949,
					"bytes":	1242384,
					"bits_per_second":	993906.91564095055,
					"packets":	858,
					"omitted":	false,
					"sender":	true
				}],
			"sum":	{
				"start":	10.000084,
				"end":	20.000087,
				"seconds":	10.000002861022949,
				"bytes":	1242384,
				"bits_per_second":	993906.91564095055,
				"packets":	858,
				"omitted":	false,
				"sender":	true
			}
		}, {
			"streams":	[{
					"socket":	6,
					"start":	20.000087,
					"end":	30.000109,
					"seconds":	10.000021934509277,
					"bytes":	5028904,
					"bits_per_second":	4023114.3754960406,
					"packets":	3473,
					"omitted":	false,
					"sender":	true
				}],
			"sum":	{
				"start":	20.000087,
				"end":	30.000109,
				"seconds":	10.000021934509277,
				"bytes":	5028904,
				"bits_per_second":	4023114.3754960406,
				"packets":	3473,
				"omitted":	false,
				"sender":	true
			}
		}],
	"end":	{
		"streams":	[{
				"udp":	{
					"socket":	6,
					"start":	0,
					"end":	30.000109,
					"seconds":	30.000109,
					"bytes":	14131032,
					"bits_per_second":	3768261.5086498521,
					"jitter_ms":	0.34996556934935713,
					"lost_packets":	1862,
					"packets":	9759,
					"lost_percent":	19.079823752433651,
					"out_of_order":	0,
					"sender":	true
				}
			}],
		"sum":	{
			"start":	0,
			"end":	30.003696,
			"seconds":	30.003696,
			"bytes":	14131032,
			"bits_per_second":	3768261.5086498521,
			"jitter_ms":	0.34996556934935713,
			"lost_packets":	1862,
			"packets":	9759,
			"lost_percent":	19.079823752433651,
			"sender":	true
		},
		"cpu_utilization_percent":	{
			"host_total":	5.8740730456399115,
			"host_user":	0.42632718681978332,
			"host_system":	5.4477491914800416,
			"remote_total":	1.21434204121856,
			"remote_user":	0.16839635009090126,
			"remote_system":	1.045935696488117
		}
	}
}
