{
	"start":	{
		"connected":	[{
				"socket":	6,
				"local_host":	"10.20.15.3",
				"local_port":	35953,
				"remote_host":	"10.20.15.2",
				"remote_port":	5201
			}],
		"version":	"iperf 3.7",
		"system_info":	"Linux node2 5.8.0-1006-raspi #9-Ubuntu SMP PREEMPT Fri Oct 16 12:55:30 UTC 2020 aarch64",
		"timestamp":	{
			"time":	"Sun, 08 Aug 2021 09:22:48 GMT",
			"timesecs":	1628414568
		},
		"connecting_to":	{
			"host":	"10.20.15.2",
			"port":	5201
		},
		"cookie":	"uqcfc654r3ojqmg5xovmdozugd5k2jhtpblk",
		"sock_bufsize":	0,
		"sndbuf_actual":	212992,
		"rcvbuf_actual":	212992,
		"test_start":	{
			"protocol":	"UDP",
			"num_streams":	1,
			"blksize":	1448,
			"omit":	0,
			"duration":	30,
			"bytes":	0,
			"blocks":	0,
			"reverse":	0,
			"tos":	0
		}
	},
	"intervals":	[{
			"streams":	[{
					"socket":	6,
					"start":	0,
					"end":	10.000089,
					"seconds":	10.000088691711426,
					"bytes":	42834736,
					"bits_per_second":	34267484.875812009,
					"packets":	29582,
					"omitted":	false,
					"sender":	true
				}],
			"sum":	{
				"start":	0,
				"end":	10.000089,
				"seconds":	10.000088691711426,
				"bytes":	42834736,
				"bits_per_second":	34267484.875812009,
				"packets":	29582,
				"omitted":	false,
				"sender":	true
			}
		}, {
			"streams":	[{
					"socket":	6,
					"start":	10.000089,
					"end":	20.000035,
					"seconds":	9.9999456405639648,
					"bytes":	40570064,
					"bits_per_second":	32456227.63022298,
					"packets":	28018,
					"omitted":	false,
					"sender":	true
				}],
			"sum":	{
				"start":	10.000089,
				"end":	20.000035,
				"seconds":	9.9999456405639648,
				"bytes":	40570064,
				"bits_per_second":	32456227.63022298,
				"packets":	28018,
				"omitted":	false,
				"sender":	true
			}
		}, {
			"streams":	[{
					"socket":	6,
					"start":	20.000035,
					"end":	30.000112,
					"seconds":	10.000077247619629,
					"bytes":	39847512,
					"bits_per_second":	31877763.351866197,
					"packets":	27519,
					"omitted":	false,
					"sender":	true
				}],
			"sum":	{
				"start":	20.000035,
				"end":	30.000112,
				"seconds":	10.000077247619629,
				"bytes":	39847512,
				"bits_per_second":	31877763.351866197,
				"packets":	27519,
				"omitted":	false,
				"sender":	true
			}
		}],
	"end":	{
		"streams":	[{
				"udp":	{
					"socket":	6,
					"start":	0,
					"end":	30.000112,
					"seconds":	30.000112,
					"bytes":	123252312,
					"bits_per_second":	32867160.495934147,
					"jitter_ms":	0.46719557390667504,
					"lost_packets":	5152,
					"packets":	85119,
					"lost_percent":	6.0527026868266782,
					"out_of_order":	0,
					"sender":	true
				}
			}],
		"sum":	{
			"start":	0,
			"end":	30.000776,
			"seconds":	30.000776,
			"bytes":	123252312,
			"bits_per_second":	32867160.495934147,
			"jitter_ms":	0.46719557390667504,
			"lost_packets":	5152,
			"packets":	85119,
			"lost_percent":	6.0527026868266782,
			"sender":	true
		},
		"cpu_utilization_percent":	{
			"host_total":	20.08012487464346,
			"host_user":	1.5766230231058616,
			"host_system":	18.503505184158637,
			"remote_total":	12.485374132854862,
			"remote_user":	1.0534089143754488,
			"remote_system":	11.431971881554905
		}
	}
}
