{
	"start":	{
		"connected":	[{
				"socket":	6,
				"local_host":	"10.20.15.3",
				"local_port":	35328,
				"remote_host":	"10.20.15.2",
				"remote_port":	5201
			}],
		"version":	"iperf 3.7",
		"system_info":	"Linux node2 5.8.0-1006-raspi #9-Ubuntu SMP PREEMPT Fri Oct 16 12:55:30 UTC 2020 aarch64",
		"timestamp":	{
			"time":	"Sun, 08 Aug 2021 09:25:48 GMT",
			"timesecs":	1628414748
		},
		"connecting_to":	{
			"host":	"10.20.15.2",
			"port":	5201
		},
		"cookie":	"226u2cr5hqzb4gpeqwwxh4j6rigc7mbd4gwf",
		"sock_bufsize":	0,
		"sndbuf_actual":	212992,
		"rcvbuf_actual":	212992,
		"test_start":	{
			"protocol":	"UDP",
			"num_streams":	1,
			"blksize":	1448,
			"omit":	0,
			"duration":	30,
			"bytes":	0,
			"blocks":	0,
			"reverse":	0,
			"tos":	0
		}
	},
	"intervals":	[{
			"streams":	[{
					"socket":	6,
					"start":	0,
					"end":	10.000123,
					"seconds":	10.000123023986816,
					"bytes":	40683008,
					"bits_per_second":	32546006.006058618,
					"packets":	28096,
					"omitted":	false,
					"sender":	true
				}],
			"sum":	{
				"start":	0,
				"end":	10.000123,
				"seconds":	10.000123023986816,
				"bytes":	40683008,
				"bits_per_second":	32546006.006058618,
				"packets":	28096,
				"omitted":	false,
				"sender":	true
			}
		}, {
			"streams":	[{
					"socket":	6,
					"start":	10.000123,
					"end":	20.000127,
					"seconds":	10.000003814697266,
					"bytes":	38076608,
					"bits_per_second":	30461274.779945839,
					"packets":	26296,
					"omitted":	false,
					"sender":	true
				}],
			"sum":	{
				"start":	10.000123,
				"end":	20.000127,
				"seconds":	10.000003814697266,
				"bytes":	38076608,
				"bits_per_second":	30461274.779945839,
				"packets":	26296,
				"omitted":	false,
				"sender":	true
			}
		}, {
			"streams":	[{
					"socket":	6,
					"start":	20.000127,
					"end":	30.000102,
					"seconds":	9.9999752044677734,
					"bytes":	37007984,
					"bits_per_second":	29606460.61079482,
					"packets":	25558,
					"omitted":	false,
					"sender":	true
				}],
			"sum":	{
				"start":	20.000127,
				"end":	30.000102,
				"seconds":	9.9999752044677734,
				"bytes":	37007984,
				"bits_per_second":	29606460.61079482,
				"packets":	25558,
				"omitted":	false,
				"sender":	true
			}
		}],
	"end":	{
		"streams":	[{
				"udp":	{
					"socket":	6,
					"start":	0,
					"end":	30.000102,
					"seconds":	30.000102,
					"bytes":	115767600,
					"bits_per_second":	30871255.037732873,
					"jitter_ms":	1.1519453929208825,
					"lost_packets":	6573,
					"packets":	79950,
					"lost_percent":	8.2213883677298316,
					"out_of_order":	0,
					"sender":	true
				}
			}],
		"sum":	{
			"start":	0,
			"end":	30.009575,
			"seconds":	30.009575,
			"bytes":	115767600,
			"bits_per_second":	30871255.037732873,
			"jitter_ms":	1.1519453929208825,
			"lost_packets":	6573,
			"packets":	79950,
			"lost_percent":	8.2213883677298316,
			"sender":	true
		},
		"cpu_utilization_percent":	{
			"host_total":	18.94398238251117,
			"host_user":	1.3591277871438705,
			"host_system":	17.584851262962928,
			"remote_total":	11.217051337447801,
			"remote_user":	0.73326221381758561,
			"remote_system":	10.483782462212526
		}
	}
}
