{
	"start":	{
		"connected":	[{
				"socket":	6,
				"local_host":	"10.20.15.3",
				"local_port":	43098,
				"remote_host":	"10.20.15.2",
				"remote_port":	5201
			}],
		"version":	"iperf 3.7",
		"system_info":	"Linux node2 5.8.0-1006-raspi #9-Ubuntu SMP PREEMPT Fri Oct 16 12:55:30 UTC 2020 aarch64",
		"timestamp":	{
			"time":	"Sun, 08 Aug 2021 09:23:48 GMT",
			"timesecs":	1628414628
		},
		"connecting_to":	{
			"host":	"10.20.15.2",
			"port":	5201
		},
		"cookie":	"qetu34hsxxfbwim6crtfahu5apzxd2bmmeok",
		"sock_bufsize":	0,
		"sndbuf_actual":	212992,
		"rcvbuf_actual":	212992,
		"test_start":	{
			"protocol":	"UDP",
			"num_streams":	1,
			"blksize":	1448,
			"omit":	0,
			"duration":	30,
			"bytes":	0,
			"blocks":	0,
			"reverse":	0,
			"tos":	0
		}
	},
	"intervals":	[{
			"streams":	[{
					"socket":	6,
					"start":	0,
					"end":	10.000097,
					"seconds":	10.000097274780273,
					"bytes":	43047592,
					"bits_per_second":	34437738.607654385,
					"packets":	29729,
					"omitted":	false,
					"sender":	true
				}],
			"sum":	{
				"start":	0,
				"end":	10.000097,
				"seconds":	10.000097274780273,
				"bytes":	43047592,
				"bits_per_second":	34437738.607654385,
				"packets":	29729,
				"omitted":	false,
				"sender":	true
			}
		}, {
			"streams":	[{
					"socket":	6,
					"start":	10.000097,
					"end":	20.00003,
					"seconds":	9.9999332427978516,
					"bytes":	39495648,
					"bits_per_second":	31596729.330924716,
					"packets":	27276,
					"omitted":	false,
					"sender":	true
				}],
			"sum":	{
				"start":	10.000097,
				"end":	20.00003,
				"seconds":	9.9999332427978516,
				"bytes":	39495648,
				"bits_per_second":	31596729.330924716,
				"packets":	27276,
				"omitted":	false,
				"sender":	true
			}
		}, {
			"streams":	[{
					"socket":	6,
					"start":	20.00003,
					"end":	30.000113,
					"seconds":	10.000082969665527,
					"bytes":	38765856,
					"bits_per_second":	31012427.490926389,
					"packets":	26772,
					"omitted":	false,
					"sender":	true
				}],
			"sum":	{
				"start":	20.00003,
				"end":	30.000113,
				"seconds":	10.000082969665527,
				"bytes":	38765856,
				"bits_per_second":	31012427.490926389,
				"packets":	26772,
				"omitted":	false,
				"sender":	true
			}
		}],
	"end":	{
		"streams":	[{
				"udp":	{
					"socket":	6,
					"start":	0,
					"end":	30.000113,
					"seconds":	30.000113,
					"bytes":	121309096,
					"bits_per_second":	32348970.41887809,
					"jitter_ms":	0.50753958577162339,
					"lost_packets":	7117,
					"packets":	83777,
					"lost_percent":	8.4951717058381178,
					"out_of_order":	0,
					"sender":	true
				}
			}],
		"sum":	{
			"start":	0,
			"end":	30.002675,
			"seconds":	30.002675,
			"bytes":	121309096,
			"bits_per_second":	32348970.41887809,
			"jitter_ms":	0.50753958577162339,
			"lost_packets":	7117,
			"packets":	83777,
			"lost_percent":	8.4951717058381178,
			"sender":	true
		},
		"cpu_utilization_percent":	{
			"host_total":	19.85330049719127,
			"host_user":	1.4670250225333277,
			"host_system":	18.386268809225491,
			"remote_total":	12.026096994997493,
			"remote_user":	0.87056616785968333,
			"remote_system":	11.155534158810859
		}
	}
}
