{
	"start":	{
		"connected":	[{
				"socket":	6,
				"local_host":	"10.20.15.3",
				"local_port":	56443,
				"remote_host":	"10.20.15.2",
				"remote_port":	5201
			}],
		"version":	"iperf 3.7",
		"system_info":	"Linux node2 5.8.0-1006-raspi #9-Ubuntu SMP PREEMPT Fri Oct 16 12:55:30 UTC 2020 aarch64",
		"timestamp":	{
			"time":	"Sun, 08 Aug 2021 09:23:18 GMT",
			"timesecs":	1628414598
		},
		"connecting_to":	{
			"host":	"10.20.15.2",
			"port":	5201
		},
		"cookie":	"uk2vf5qm6xmi2juuuy7mlof72z5xjv74wrsb",
		"sock_bufsize":	0,
		"sndbuf_actual":	212992,
		"rcvbuf_actual":	212992,
		"test_start":	{
			"protocol":	"UDP",
			"num_streams":	1,
			"blksize":	1448,
			"omit":	0,
			"duration":	30,
			"bytes":	0,
			"blocks":	0,
			"reverse":	0,
			"tos":	0
		}
	},
	"intervals":	[{
			"streams":	[{
					"socket":	6,
					"start":	0,
					"end":	10.00006,
					"seconds":	10.000060081481934,
					"bytes":	42510384,
					"bits_per_second":	34008102.874278158,
					"packets":	29358,
					"omitted":	false,
					"sender":	true
				}],
			"sum":	{
				"start":	0,
				"end":	10.00006,
				"seconds":	10.000060081481934,
				"bytes":	42510384,
				"bits_per_second":	34008102.874278158,
				"packets":	29358,
				"omitted":	false,
				"sender":	true
			}
		}, {
			"streams":	[{
					"socket":	6,
					"start":	10.00006,
					"end":	20.000082,
					"seconds":	10.000021934509277,
					"bytes":	38916448,
					"bits_per_second":	31133090.111094613,
					"packets":	26876,
					"omitted":	false,
					"sender":	true
				}],
			"sum":	{
				"start":	10.00006,
				"end":	20.000082,
				"seconds":	10.000021934509277,
				"bytes":	38916448,
				"bits_per_second":	31133090.111094613,
				"packets":	26876,
				"omitted":	false,
				"sender":	true
			}
		}, {
			"streams":	[{
					"socket":	6,
					"start":	20.000082,
					"end":	30.000099,
					"seconds":	10.000017166137695,
					"bytes":	40280464,
					"bits_per_second":	32224315.88329564,
					"packets":	27818,
					"omitted":	false,
					"sender":	true
				}],
			"sum":	{
				"start":	20.000082,
				"end":	30.000099,
				"seconds":	10.000017166137695,
				"bytes":	40280464,
				"bits_per_second":	32224315.88329564,
				"packets":	27818,
				"omitted":	false,
				"sender":	true
			}
		}],
	"end":	{
		"streams":	[{
				"udp":	{
					"socket":	6,
					"start":	0,
					"end":	30.000099,
					"seconds":	30.000099,
					"bytes":	121707296,
					"bits_per_second":	32455171.831266291,
					"jitter_ms":	0.3612685075070563,
					"lost_packets":	6579,
					"packets":	84052,
					"lost_percent":	7.8272973873316518,
					"out_of_order":	0,
					"sender":	true
				}
			}],
		"sum":	{
			"start":	0,
			"end":	30.001297,
			"seconds":	30.001297,
			"bytes":	121707296,
			"bits_per_second":	32455171.831266291,
			"jitter_ms":	0.3612685075070563,
			"lost_packets":	6579,
			"packets":	84052,
			"lost_percent":	7.8272973873316518,
			"sender":	true
		},
		"cpu_utilization_percent":	{
			"host_total":	19.898295169505332,
			"host_user":	1.4817391661286072,
			"host_system":	18.416556003376723,
			"remote_total":	11.990974022296454,
			"remote_user":	0.92038389937805476,
			"remote_system":	11.070580134452083
		}
	}
}
