{
	"start":	{
		"connected":	[{
				"socket":	6,
				"local_host":	"10.20.15.3",
				"local_port":	37445,
				"remote_host":	"10.20.15.2",
				"remote_port":	5201
			}],
		"version":	"iperf 3.7",
		"system_info":	"Linux node2 5.8.0-1006-raspi #9-Ubuntu SMP PREEMPT Fri Oct 16 12:55:30 UTC 2020 aarch64",
		"timestamp":	{
			"time":	"Sun, 08 Aug 2021 10:04:38 GMT",
			"timesecs":	1628417078
		},
		"connecting_to":	{
			"host":	"10.20.15.2",
			"port":	5201
		},
		"cookie":	"otpxmhu4hxilvm33q5jeidob26hbleg3vlf2",
		"sock_bufsize":	0,
		"sndbuf_actual":	212992,
		"rcvbuf_actual":	212992,
		"test_start":	{
			"protocol":	"UDP",
			"num_streams":	1,
			"blksize":	1448,
			"omit":	0,
			"duration":	5,
			"bytes":	0,
			"blocks":	0,
			"reverse":	0,
			"tos":	0
		}
	},
	"intervals":	[{
			"streams":	[{
					"socket":	6,
					"start":	0,
					"end":	5.000119,
					"seconds":	5.0001192092895508,
					"bytes":	31460696,
					"bits_per_second":	50335913.498302594,
					"packets":	21727,
					"omitted":	false,
					"sender":	true
				}],
			"sum":	{
				"start":	0,
				"end":	5.000119,
				"seconds":	5.0001192092895508,
				"bytes":	31460696,
				"bits_per_second":	50335913.498302594,
				"packets":	21727,
				"omitted":	false,
				"sender":	true
			}
		}],
	"end":	{
		"streams":	[{
				"udp":	{
					"socket":	6,
					"start":	0,
					"end":	5.000119,
					"seconds":	5.000119,
					"bytes":	31460696,
					"bits_per_second":	50335915.6052086,
					"jitter_ms":	0.19509770598768703,
					"lost_packets":	14,
					"packets":	21727,
					"lost_percent":	0.064435955263036776,
					"out_of_order":	0,
					"sender":	true
				}
			}],
		"sum":	{
			"start":	0,
			"end":	5.009154,
			"seconds":	5.009154,
			"bytes":	31460696,
			"bits_per_second":	50335915.6052086,
			"jitter_ms":	0.19509770598768703,
			"lost_packets":	14,
			"packets":	21727,
			"lost_percent":	0.064435955263036776,
			"sender":	true
		},
		"cpu_utilization_percent":	{
			"host_total":	30.079347005309774,
			"host_user":	2.7896505295793328,
			"host_system":	27.289676499143006,
			"remote_total":	20.027860681463988,
			"remote_user":	1.288427127576879,
			"remote_system":	18.739413647712873
		}
	}
}
