{
	"start":	{
		"connected":	[{
				"socket":	6,
				"local_host":	"10.20.15.3",
				"local_port":	60544,
				"remote_host":	"10.20.15.2",
				"remote_port":	5201
			}],
		"version":	"iperf 3.7",
		"system_info":	"Linux node2 5.8.0-1006-raspi #9-Ubuntu SMP PREEMPT Fri Oct 16 12:55:30 UTC 2020 aarch64",
		"timestamp":	{
			"time":	"Sun, 08 Aug 2021 10:03:53 GMT",
			"timesecs":	1628417033
		},
		"connecting_to":	{
			"host":	"10.20.15.2",
			"port":	5201
		},
		"cookie":	"hnai2to3qma23gtbz7o33e7mijloo6jbif7g",
		"sock_bufsize":	0,
		"sndbuf_actual":	212992,
		"rcvbuf_actual":	212992,
		"test_start":	{
			"protocol":	"UDP",
			"num_streams":	1,
			"blksize":	1448,
			"omit":	0,
			"duration":	5,
			"bytes":	0,
			"blocks":	0,
			"reverse":	0,
			"tos":	0
		}
	},
	"intervals":	[{
			"streams":	[{
					"socket":	6,
					"start":	0,
					"end":	5.000115,
					"seconds":	5.000114917755127,
					"bytes":	31644592,
					"bits_per_second":	50630183.538593218,
					"packets":	21854,
					"omitted":	false,
					"sender":	true
				}],
			"sum":	{
				"start":	0,
				"end":	5.000115,
				"seconds":	5.000114917755127,
				"bytes":	31644592,
				"bits_per_second":	50630183.538593218,
				"packets":	21854,
				"omitted":	false,
				"sender":	true
			}
		}],
	"end":	{
		"streams":	[{
				"udp":	{
					"socket":	6,
					"start":	0,
					"end":	5.000115,
					"seconds":	5.000115,
					"bytes":	31644592,
					"bits_per_second":	50630182.705797769,
					"jitter_ms":	0.33032192293088908,
					"lost_packets":	10,
					"packets":	21854,
					"lost_percent":	0.045758213599341083,
					"out_of_order":	0,
					"sender":	true
				}
			}],
		"sum":	{
			"start":	0,
			"end":	5.002984,
			"seconds":	5.002984,
			"bytes":	31644592,
			"bits_per_second":	50630182.705797769,
			"jitter_ms":	0.33032192293088908,
			"lost_packets":	10,
			"packets":	21854,
			"lost_percent":	0.045758213599341083,
			"sender":	true
		},
		"cpu_utilization_percent":	{
			"host_total":	30.329039487814175,
			"host_user":	1.5979743919071538,
			"host_system":	28.731025152538731,
			"remote_total":	0.97012245706573563,
			"remote_user":	0.076940071193409384,
			"remote_system":	0.893183370125709
		}
	}
}
