{
	"start":	{
		"connected":	[{
				"socket":	6,
				"local_host":	"10.20.15.3",
				"local_port":	51403,
				"remote_host":	"10.20.15.2",
				"remote_port":	5201
			}],
		"version":	"iperf 3.7",
		"system_info":	"Linux node2 5.8.0-1006-raspi #9-Ubuntu SMP PREEMPT Fri Oct 16 12:55:30 UTC 2020 aarch64",
		"timestamp":	{
			"time":	"Sun, 08 Aug 2021 10:04:28 GMT",
			"timesecs":	1628417068
		},
		"connecting_to":	{
			"host":	"10.20.15.2",
			"port":	5201
		},
		"cookie":	"pubbhydwi5mjmankbmanzj34tkzztnghl7qu",
		"sock_bufsize":	0,
		"sndbuf_actual":	212992,
		"rcvbuf_actual":	212992,
		"test_start":	{
			"protocol":	"UDP",
			"num_streams":	1,
			"blksize":	1448,
			"omit":	0,
			"duration":	5,
			"bytes":	0,
			"blocks":	0,
			"reverse":	0,
			"tos":	0
		}
	},
	"intervals":	[{
			"streams":	[{
					"socket":	6,
					"start":	0,
					"end":	5.000116,
					"seconds":	5.0001158714294434,
					"bytes":	32752312,
					"bits_per_second":	52402484.809835739,
					"packets":	22619,
					"omitted":	false,
					"sender":	true
				}],
			"sum":	{
				"start":	0,
				"end":	5.000116,
				"seconds":	5.0001158714294434,
				"bytes":	32752312,
				"bits_per_second":	52402484.809835739,
				"packets":	22619,
				"omitted":	false,
				"sender":	true
			}
		}],
	"end":	{
		"streams":	[{
				"udp":	{
					"socket":	6,
					"start":	0,
					"end":	5.000116,
					"seconds":	5.000116,
					"bytes":	32752312,
					"bits_per_second":	52402483.462383673,
					"jitter_ms":	0.23907109740377269,
					"lost_packets":	15,
					"packets":	22619,
					"lost_percent":	0.0663159290861665,
					"out_of_order":	0,
					"sender":	true
				}
			}],
		"sum":	{
			"start":	0,
			"end":	5.003529,
			"seconds":	5.003529,
			"bytes":	32752312,
			"bits_per_second":	52402483.462383673,
			"jitter_ms":	0.23907109740377269,
			"lost_packets":	15,
			"packets":	22619,
			"lost_percent":	0.0663159290861665,
			"sender":	true
		},
		"cpu_utilization_percent":	{
			"host_total":	31.160715694425669,
			"host_user":	1.20045319564643,
			"host_system":	29.960242527174863,
			"remote_total":	20.317264221945656,
			"remote_user":	1.4472986133968653,
			"remote_system":	18.870025309019585
		}
	}
}
