{
	"start":	{
		"connected":	[{
				"socket":	6,
				"local_host":	"10.20.15.3",
				"local_port":	56267,
				"remote_host":	"10.20.15.2",
				"remote_port":	5201
			}],
		"version":	"iperf 3.7",
		"system_info":	"Linux node2 5.8.0-1006-raspi #9-Ubuntu SMP PREEMPT Fri Oct 16 12:55:30 UTC 2020 aarch64",
		"timestamp":	{
			"time":	"Sun, 08 Aug 2021 10:04:13 GMT",
			"timesecs":	1628417053
		},
		"connecting_to":	{
			"host":	"10.20.15.2",
			"port":	5201
		},
		"cookie":	"dkz5qrkke6hxqde25zssp5343lfiek46ubll",
		"sock_bufsize":	0,
		"sndbuf_actual":	212992,
		"rcvbuf_actual":	212992,
		"test_start":	{
			"protocol":	"UDP",
			"num_streams":	1,
			"blksize":	1448,
			"omit":	0,
			"duration":	5,
			"bytes":	0,
			"blocks":	0,
			"reverse":	0,
			"tos":	0
		}
	},
	"intervals":	[{
			"streams":	[{
					"socket":	6,
					"start":	0,
					"end":	5.000103,
					"seconds":	5.0001029968261719,
					"bytes":	31008920,
					"bits_per_second":	49613249.998542815,
					"packets":	21415,
					"omitted":	false,
					"sender":	true
				}],
			"sum":	{
				"start":	0,
				"end":	5.000103,
				"seconds":	5.0001029968261719,
				"bytes":	31008920,
				"bits_per_second":	49613249.998542815,
				"packets":	21415,
				"omitted":	false,
				"sender":	true
			}
		}],
	"end":	{
		"streams":	[{
				"udp":	{
					"socket":	6,
					"start":	0,
					"end":	5.000103,
					"seconds":	5.000103,
					"bytes":	31008920,
					"bits_per_second":	49613249.967050679,
					"jitter_ms":	0.19549341137479884,
					"lost_packets":	24,
					"packets":	21415,
					"lost_percent":	0.11207097828624796,
					"out_of_order":	0,
					"sender":	true
				}
			}],
		"sum":	{
			"start":	0,
			"end":	5.008567,
			"seconds":	5.008567,
			"bytes":	31008920,
			"bits_per_second":	49613249.967050679,
			"jitter_ms":	0.19549341137479884,
			"lost_packets":	24,
			"packets":	21415,
			"lost_percent":	0.11207097828624796,
			"sender":	true
		},
		"cpu_utilization_percent":	{
			"host_total":	30.160765217669194,
			"host_user":	2.245320252143137,
			"host_system":	27.915345098947807,
			"remote_total":	18.998279477027818,
			"remote_user":	1.220787989183012,
			"remote_system":	17.777451725354116
		}
	}
}
